# sxcl-modnames	1
# version	20260927
# count	12497
# sha256	6a88d44ed7a6560d5be66ed0626e37bc34dc5ec680ed08928c0ea23a96f66dd7
# source	HMCL mod_data.txt (GPL-3.0; 数据出处 mcmod.cn,每行保留 mcmod 编号)
# license	AGPL-3.0(本仓) / 数据出处见 assets/data/modnames.NOTICE.md
# generated	2026-09-27T08:37:15Z
# columns	slug	cf_id	cf_slug	modid	name_zh	name_en	source	mcmod_id
				AE2 流体合成套件重置 GTNH 版	AE2 Fluid Crafting Rework - GTNH	hmcl	23812
				AE2UEL - 喵呜酱版	AE2UEL-GTQT	hmcl	25499
				AEI物品管理器	Always Enough Items	hmcl	6836
				Anaku 的状态栏 - 重制	Anaku's Status Bars Port	hmcl	25386
				Bosses'Rise | 史诗战斗	Bosses'Rise | Epic Fight	hmcl	23637
				DFU 禁用器	Lazydfu-agent	hmcl	8292
				DMC的更多配方	More Formulas for DMC	hmcl	28792
				Distant Horizons GTNH 版	Distant Horizons Standalone	hmcl	22048
				D更好的Schedule	D's Better Schedule	hmcl	19707
				HBM现代化高版本	HBM High Edition	hmcl	26327
				Hkey_Windows12 的背包	Hkey_Windows12's Backpack addon	hmcl	23951
				KAI我的实体:跨平台版	KAIMyEntity-CrossPlatform	hmcl	4917
				KubeJS 可视化编辑器	KubeJSRecipeUi	hmcl	28867
				MITE：破晓	MITE: Dawn	hmcl	5571
				MQ的连锁采集	MQ's Chain	hmcl	8226
				Mite-打破一切	MITE-Break Everything	hmcl	3751
				Mowzie's mobs结构重建	Rebuilt of Mowziemob's Structure	hmcl	13248
				NBT合成台	Creater:NBT_Crafting	hmcl	5198
				NEI 扩充 GTNH 版	NEI Addons - GTNH	hmcl	24478
				NEI 拼音搜索 GTNH 版	NotEnoughCharacters - GTNH	hmcl	19201
				Paladin的家具：合成冲突消除	Paladin's Furniture Recipes Addition	hmcl	8742
				PlayerEx 酒精版	PlayerEx: Alcohol	hmcl	20061
				RF的原版工艺	RFTR's Craft	hmcl	1548
				R键整理复兴版	Inventory Tweaks Reborn	hmcl	2235
				TFC:模组联动	TFC:ModsLinkage	hmcl	7919
				TFC植物魔法	TFCBotania	hmcl	1238
				Unicode扩展字符支持	UnicodeFontExtend	hmcl	9084
				Waila 插件 GTNH 版	Waila Plugins - GTNH	hmcl	24474
				Wawla 高亮显示 GTNH 版	What Are We Looking At - GTNH	hmcl	24472
				YMC科技公司的录像室	[YMC.Inc]Video Studio Room	hmcl	660
				Yomi的常磐装饰	Yomi's Joban Client Mod	hmcl	24793
				aenk合资企业	aenk joint venture	hmcl	27978
				「出门摸草」模拟器	Touch Grass or Die	hmcl	26871
				一个物品格的生存	One Item Only	hmcl	4011
				一起火锅 非官方服务端修复版	EveryXHotpot MaouXY Fix	hmcl	28534
				一键挖矿	One Click Dig Ore	hmcl	11342
				一键砍树	Cut tree one click	hmcl	11313
				万用工具	OmniTools	hmcl	86
				万能篝火	What's wrong with the campfire	hmcl	2550
				上天入地	Until reach the top of the mountain	hmcl	24201
				不是所有的建树，都来自原木。	NO TREE	hmcl	16024
				世界预览：新锻	World Preview NeoForged	hmcl	28098
				中文输入修复补丁	Minecraft Language InputFix	hmcl	43
				丰饶之角：重生	Cornucopia Reborn	hmcl	22337
				井然有矿：重织	Oreganized Refabricated	hmcl	15068
				传送	Teleport	hmcl	4167
				传送晶塔	Pylons	hmcl	23015
				便携信标核心	Portable Beacon Core	hmcl	21398
				健康生活	Stay Healthy	hmcl	2129
				僵尸启示录：语音聊天	DecimationVoiceChat	hmcl	2736
				允许作弊-TOW版	EnableCheats-TOW Edition	hmcl	10423
				农夫乐事基岩版	Farmer's Delight Bedrock Edition	hmcl	7954
				冬之纪行诗	The Poetry Of Winter	hmcl	11730
				切石机增强	Cutter Plus	hmcl	4502
				加速渲染：移植	AcceleratedRendering-Ported	hmcl	28778
				匠魂 GTNH 版	Tinkers' Construct - GTNH	hmcl	23777
				匠魂3基岩版	Tinkers' Construct 3 Addon / Tinkers' Awakening	hmcl	14022
				区块载入器 - LITW Refined 版	ChickenChunks - LITW Refined	hmcl	24207
				千恋万花标题界面Neo	NeoYuZuUI	hmcl	22396
				原初修真-法术附属	InitialImmortalSkill	hmcl	11431
				原子科技	Atomicraft	hmcl	316
				厨艺大师	Master Chef	hmcl	1079
				友好世界	FriendlyCraft	hmcl	5619
				发包崩服修复	PacketCrashFix	hmcl	9085
				史诗战斗：一染订正	efrenderfix	hmcl	12839
				右键文本清除 (TeamPancake 版)	Right Click Clear（TeamPancake）	hmcl	12234
				和平工艺	InspiritCraft	hmcl	321
				咕咕工具：非官方版	GuGu Utils Unofficial	hmcl	21161
				喜报-1.8.9	xibao-1.8.9	hmcl	17073
				四重快捷栏	Quad Hotbar	hmcl	26804
				地幔 GTNH 版	Mantle - GTNH	hmcl	23813
				地牢浮现之时 - 数据包版	Dungeons Arise Datapack	hmcl	24049
				坦桑石	Tanzanite	hmcl	2023
				基岩版灵魂出窍	Out-of-Body	hmcl	20141
				基岩破坏法杖	Bedrock Breaker	hmcl	427
				基洛的植物大战僵尸模组	Gero's Plants vs. Zombies Add-On	hmcl	14158
				复杂枪械	complex guns	hmcl	8815
				大别墅 - 批量刷怪笼编辑器	Dialog Batch Spawner Utils	hmcl	24547
				天域初始维度	SkyOverDimension	hmcl	15586
				天境数据包	The Aether Datapack	hmcl	6338
				天境结构拓展	Aether Extra Structures	hmcl	6717
				天气效果	Weather Effect	hmcl	28151
				失落的城市Neo1.21自动生成版本	The Lost Cities 1.21.1 fix	hmcl	24001
				奇异世界	Strange World	hmcl	7151
				奥法卷轴	Arcane Scroll	hmcl	88
				安魂曲	Requiem	hmcl	28782
				宝可梦数值显示	Pixelmon Pokemon Stats Display	hmcl	23003
				实用盔甲纹饰	Useful Armor Trim	hmcl	9799
				宫灯与孔明灯	Palace-Lantern	hmcl	9132
				崇祯五年的下界	Chongzhen's Nether	hmcl	15727
				工作区CoreMod加载修复	DevServiceLayerFix	hmcl	28491
				工匠防御 GTNH 版	Tinkers' Defense - GTNH	hmcl	23779
				工程师板鱼	Engineer Slabfish	hmcl	4570
				布罗艾 Fabric Back Port 版	Blåhaj (Fabric Back Port)	hmcl	9110
				幻梦	EidolonLegacy	hmcl	27575
				幽匿乐事基岩版 (unofficial)	Silent's Delight Bedrock (Unofficial)	hmcl	19089
				应用能源2超巨星	Applied Energistics 2 Supergiant	hmcl	28382
				应用能源2非官方版	Applied Energistics 2 Unofficial	hmcl	6008
				开放式方块 GTNH 版	OpenBlocks - GTNH	hmcl	24475
				开放式模组库 GTNH 版	OpenModsLib - GTNH	hmcl	24476
				开放式电脑 GTNH 版	OpenComputers - GTNH	hmcl	23778
				异次元物品存储	Extradimensional Item Storage	hmcl	266
				弩+！	Crossbow Plus!	hmcl	24004
				彩虹附魔	rainbow enchantment mod	hmcl	28832
				彼岸幻梦	THE_OTHER_SHORE: Dream	hmcl	17915
				快速消耗	Quick Consume	hmcl	1044
				快速落叶 (伪)	Fast Leaf Decay	hmcl	2332
				我射中了谁	Who did I shoot	hmcl	6905
				我的世界，但是没有含水层	Minecraft, but there are NO AQUIFERS	hmcl	5610
				我能看什么	What Can I See	hmcl	17912
				打铁匠人	DingMod	hmcl	16523
				把未来带回现实 GTNH 版	Et-Futurum-Requiem - GTNH	hmcl	23776
				按键显示1.16+	Keystrokes	hmcl	4693
				挖矿与砍杀：双持与战备 2 - GTNH 副手兼容版	Mine and Blade : Battlegear - 2 - GTNH - Backhand Edition	hmcl	20274
				探索者背包2	AdventureBackpack2	hmcl	17292
				搬箱器	Chest Transporter	hmcl	8101
				放置器、破坏器与旋转器	Placer, Breaker and Rotator	hmcl	14512
				斗地主	Minecraft Dou Dizhu	hmcl	3114
				新世代生存助手	Miobot	hmcl	1658
				无名的纸板箱交通拓展	Aphrodite's Nemo's Transit Expansion	hmcl	17431
				无声无息	No Creatures	hmcl	13592
				无尽收容 / 更多空间箱子 GTNH 版	Avaritiaddons - GTNH	hmcl	23775
				无尽贪婪 GTNH 非官方版	Avaritia Unofficial - GTNH	hmcl	23774
				无攻击冷却	No Attack Cooldown	hmcl	9379
				旧版粗金属	Raw Metal	hmcl	9162
				时间之瓶：遗产	Time in a bottle standalone: Legacy	hmcl	8070
				时间到了	Time's up	hmcl	8160
				时间整蛊	Time pranks	hmcl	9962
				明月合成	MoreCraftingMoon	hmcl	2270
				星辰幻想3:永恒传说	XINGCHEN RPG 3	hmcl	19011
				暮色森林 Addon / 暮色森林 Classic 附加包	The Twilight Forest Classic Addon	hmcl	19286
				更合理的合成	Reasonable Crafting	hmcl	27851
				更多世界类型	More World Types	hmcl	25597
				更多唱片	More Records	hmcl	24251
				更多工具	UTools	hmcl	6691
				更多的配方	NotEnoughRecipes	hmcl	336
				更多背包 GTNH 版	Backpacks - GTNH / Backpack Editted for ModdedNetwork	hmcl	20162
				更多镶嵌材质	More Trims	hmcl	9197
				更多附魔	MoreEnchantments	hmcl	15683
				更好的任务 GTNH 非官方版	BetterQuesting - GTNH	hmcl	17453
				更好的匠魂战斗	Tinkers 'Better Combat	hmcl	16863
				更好的建筑之杖 GTNH 版	Better Builder's Wands - GTNH	hmcl	24477
				更好的渲染龙	BetterRenderDragon	hmcl	18207
				更真实的地图生成 GTNH 版	Realistic World Gen - GTNH	hmcl	19148
				木匠方块 GTNH 版	Carpenter's Blocks - GTNH	hmcl	23652
				末地乐事基岩版 (Unofficial)	End's Delight Bedrock (Unofficial)	hmcl	14953
				末影动物园 GTNH 版	EnderZoo - GTNH	hmcl	24518
				术使提灯	Conjurer's Lantern	hmcl	4877
				机械动力实用配方	Create Practical Recipes	hmcl	5975
				机械动力搅拌配方拓展	create mixing addition	hmcl	12176
				机械动力火炮：火车装甲	CBC: Locometal Armor	hmcl	28297
				机械动力矿石粉碎修复	Create Ore Crushing Fix	hmcl	10526
				机械动力：咖啡馆 (Fabric)	Create Cafe Fabric	hmcl	24221
				机械动力：无人机	Create: Droneworks Simulated	hmcl	28880
				极限末地生存 GTNH 版	Hardcore Ender Expansion - GTNH	hmcl	19147
				林业 GTNH 版	Forestry - GTNH	hmcl	24480
				染料工坊	Dye Workshop	hmcl	5933
				标签库	Taglib	hmcl	26254
				植物魔法 GTNH 版	Botania - GTNH	hmcl	23867
				正版皮肤显示修正	AntiSteve	hmcl	58
				氮	Nitrogen	hmcl	22437
				水力魔法	HydroMagicalPower	hmcl	11033
				汉字工艺	Chinese Characters	hmcl	27904
				沉淀铁路追加包	ChenDianMetroWay	hmcl	25745
				法杖与巫师	Staffs and Wizards Mod	hmcl	5091
				泥土信标	Dirt beacon	hmcl	4401
				洞穴与山崖扩展包	Caves & Cliffs Expansion Pack	hmcl	4097
				浮空岛数据包	FloatingIslands	hmcl	9054
				海洋乐事基岩版 (Unofficial)	Ocean's Delight Bedrock (Unofficial)	hmcl	19088
				渔师与渔火重制版	Re:fisma	hmcl	9685
				游戏信息显示 GTNH 版	InGame Info XML - GTNH	hmcl	24682
				源质罐子统计	Thaumcraft Jar Checker	hmcl	1736
				炼狱模式	Infernum Mode	hmcl	14591
				烤矿	Bake that ORE!	hmcl	10257
				爆头击杀：回响	Iblis Headshots Echo	hmcl	25502
				版本桥接 / 抗坏血酸	Vitamin C	hmcl	28855
				物品分拣 - 重制	Inventory Sorter Port	hmcl	25695
				物品展示台	Item Displayer	hmcl	9134
				物品栏备份	Flexibag	hmcl	4404
				物品阶段：死而复生	Item Stages Plus	hmcl	11243
				物理声效 Mist475 版	Sound Physics - Mist475	hmcl	26342
				玉米乐事基岩版 (Unofficial)	Corn Delight Bedrock (Unofficial)	hmcl	15063
				玩家头颅	Player skull	hmcl	15721
				玩家数据拓展	PlayerDataExpansion	hmcl	24705
				现代 MITE	Modern MITE	hmcl	28605
				现代电梯与扶梯重制版	Modern Elevators And Escalators Reforged	hmcl	21734
				珊瑚礁：延续	Coral Reef Continuation	hmcl	28394
				理智-Doge版	sanitydim	hmcl	17956
				生命值显示	Hit Point	hmcl	10867
				生命的真谛	The meaning of life	hmcl	2268
				生存必备	Survival Essentials	hmcl	2068
				生存挑战	Survival Challenge	hmcl	2408
				生电增强	SurvivalRedstoneEnhance	hmcl	8489
				电摇嘲讽	GrooveBattle	hmcl	6640
				电梯	Lift	hmcl	7112
				皮肤移植 RetroForge 版	SkinPort - RetroForge	hmcl	26206
				直线生存	Straight Line Minecraft	hmcl	3775
				真实地形生成 GTNH 版	Realistic Terrain Generation - GTNH	hmcl	19149
				石头工艺	Stone craft	hmcl	945
				破晓2	Dawn 2	hmcl	12622
				磁铁	Magnet	hmcl	9070
				神秘农业：基岩版	Mystical Agriculture: Bedrock Edition	hmcl	8646
				神秘史记	Thaumic History	hmcl	735
				神秘时代1	Thaumcraft 1	hmcl	2559
				神秘时代4：重制版	Fabric Thaumcraft Rewrited	hmcl	6567
				禁忌方块	Taboo Blocks	hmcl	11524
				种子乐事基岩版 (Unofficial)	Seed Delight Bedrock (Unofficial)	hmcl	15064
				科学	The Science Mod	hmcl	320
				等级怪物与传奇战利品	Levelled Mobs & Legendary Loot	hmcl	23873
				简便合成	EazyCrafting	hmcl	2422
				简单传送站数据包	Simple Teleport Station Datapack	hmcl	28432
				简易静音	EasyMute	hmcl	26708
				粗矿块处理	BlockOfRawOreHandle	hmcl	8471
				红石计划 GTNH 版	ProjectRed - GTNH Fork	hmcl	23892
				红石酱的化学元素 1.12.2移植	Redstone-chan Chemical Elements1.12.2	hmcl	25584
				纸灯笼	Paper Lanterns	hmcl	11170
				经验书	Experience Book	hmcl	11583
				绘画之乐 1.20.1 重制版	Joy of Painting for 1.20.1	hmcl	20588
				群峦传说：矿石淘洗与群峦传说：矿石焙烧兼容数据包	Processing and Washing	hmcl	15926
				群峦贸易	Merchants Addon for TFC	hmcl	2258
				育蜂指南 GTNH 版	BeeBetterAtBees - GTNH	hmcl	24482
				能源链接	BC-IC2 Crossover	hmcl	492
				自动攻击移植版	Auto Attack Port	hmcl	26201
				自定义皮肤补丁-1.6.4	CustomSkinLoader-1.6.4	hmcl	27721
				自定义矿脉生成器	Ore Generator	hmcl	2313
				自然之灵-植树盆栽配方兼容	Nature's Spirit - Botany Trees Recipe Compat	hmcl	15298
				自然灾害	NaturalDisasters	hmcl	828
				致旧铁	zhi_jiu_tie	hmcl	22851
				船长皮卡丘	Pikachu-Captain[Cobblemon]	hmcl	20079
				艾玛的起源	Emma's origins	hmcl	4095
				苹果科技	Apple Tech	hmcl	1969
				苹果肉	AppleFlesh	hmcl	8551
				获取原版服务端	GetVanillaServer	hmcl	22101
				蘑菇：古物重建	Mushroom: Ancient Tools Rebuilding	hmcl	25281
				蝙蝠耳	Bat's Ear	hmcl	2170
				蟹农乐事基岩版 (Unofficial)	Crabber's Delight Bedrock (Unofficial)	hmcl	14952
				行尸走肉更合理的配方	Creafthing Dead More Recipe	hmcl	21423
				观音土	Guan Yin Tu	hmcl	24017
				警笛头	Siren Head Addon	hmcl	10875
				计算练习	CalcPrac	hmcl	7150
				试验假人非官方移植版	MmmMmmMmmMmm / Target Dummy	hmcl	24241
				诡厄拓展	Goety:Expansion	hmcl	26991
				谁伤害了我而我又伤害了谁	Who hurt me and who I hurt	hmcl	9563
				贝爷数据包	BearGryllsDatapack	hmcl	14531
				起源计划	Origins Program	hmcl	20009
				跳舞的线	Dancing Line For Minecraft	hmcl	2956
				迅捷冲刺	Ctrl Sprint	hmcl	14967
				进度淘汰赛	Knockout Advancements	hmcl	8599
				进度追加	Advancements addition	hmcl	8329
				远古木板	Ancient Planks	hmcl	25434
				远程强度工艺 前置模组	RICraft API	hmcl	2774
				逃离塔块夫-重铸	Escape From Tarcraft Reforged	hmcl	12233
				遗忘的火光	Amnesia Lights	hmcl	622
				重铸	Reforge	hmcl	18750
				重铸：编辑器	Reforge Editor	hmcl	18749
				重铸：魔径通幽	Reforge: A Magic Way	hmcl	18937
				量子工程	Quantum Engineering	hmcl	1105
				铑	Rhodium	hmcl	9875
				镐子养成	Growable Pickaxe	hmcl	697
				阿卡什宝典 GTNH 版	Akashic Tome - GTNH	hmcl	16121
				附魔编辑台	Enchanting Edit Table	hmcl	12312
				随机名字生成数据包	Name Generator Datapack	hmcl	15619
				随机迷彩	RandomCamo	hmcl	27899
				雪王	Snow King	hmcl	5355
				鞘翅 HUD 重制版	Elytra HUD Rework	hmcl	28572
				额外的主世界	An Extra Overworld	hmcl	5225
				食物工艺非官方版	FoodCraft Unofficial	hmcl	28223
				香蕉皮	BananaSkin	hmcl	22104
				骷髅炮台	SkeletonTurret	hmcl	24657
				高亮信息拓展 GTNH 版	What am I looking at - GTNH	hmcl	24471
				高级ID修复工具	IdfixMinus	hmcl	243
				魔女的扫帚 - DL909版	Majo's Broom DL909	hmcl	28196
				魔女的扫帚-Fabric移植版	Majo's Broom	hmcl	22751
				魔戒工艺	Lord Of The Rings Craft	hmcl	24320
				魔戒：重置版NEI插件	NEI LOTR ReWorked	hmcl	23941
				魔法艺术	Ars Magica	hmcl	25
				黏液乐事基岩版	Slime Delight Bedrock	hmcl	17701
				🦇蝙蝠悲伤MOD	🦇 Bat Sad Mod	hmcl	11422
			123Technology	123科技	123Technology	hmcl	17452
			1782878027	僵尸感染扩展		hmcl	28586
			21points	21点	21 Points	hmcl	12038
			AM	火影忍者	NarutoAnimeMod	hmcl	1763
			AdvancedPowerManagement	高级电力管理	Advanced Power Management	hmcl	22028
			AdvancedReactors	高级核电	Advanced Reactors	hmcl	96
			AdvancedRepulsionSystems	高级排斥系统	Advanced Repulsion Systems	hmcl	379
			AdvancedTools	IC扩展：高级工具	Advanced Tools	hmcl	277
			AencEx	更多附魔	More Enchantments	hmcl	493
			AnotherStar	另一个反作弊	AnotherAntiCheat	hmcl	1581
			AnotherStarAntiCheat	另一个反作弊	AnotherAntiCheat	hmcl	1581
			AnotherStarByMiracle	另一个反作弊	AnotherAntiCheat	hmcl	1581
			AntiCheat3	另一个反作弊	AnotherAntiCheat	hmcl	1581
			AntiPlantVirusMod	森林破坏 / 虫MOD	Anti Plant Virus	hmcl	24391
			AppliedThermodynamics	应用热力学	Applied Thermodynamics	hmcl	314
			ArknightsBlade	方舟拔刀	ArknightsBlade	hmcl	3526
			AsgardShield	盾与巨剑	Asgard Shield	hmcl	90
			Aviancraft_Penguins	鸟语星球_企鹅目	Aviancraft: Penguins	hmcl	20072
			Aviancraft_Seriemas	鸟语星球_叫鹤目	Aviancraft: Seriemas (Terror birds & their relatives)	hmcl	14021
			BambooMod	竹	Bamboo	hmcl	109
			Baubles	指环王	Baubles Rebuild	hmcl	7092
			Beargrylls	贝爷	BearGrylls	hmcl	158
			BeerMod	啤酒	Beer Mod	hmcl	285
			BetterAnvil	更好的铁砧	Better Anvils	hmcl	21008
			BetterGrassAndLeavesMod	更好的草地和树叶	Better Grass & Leaves	hmcl	230
			BiomeWorldTypes	生物群系世界类型	Biome World Types	hmcl	18356
			BladeAnti	万刀背叛	BladeAnti	hmcl	26192
			Bontany Ore Trees	植物盆栽矿物树拓展	Botany Ore Trees	hmcl	4488
			Boxes	盒子	Boxes	hmcl	22327
			CALCULATOR	计算器		hmcl	16427
			CBMReborn	凝结成块	Condensed Block Mod Reborn	hmcl	858
			CSS	圆石与石头盔甲	Cobblestone and Stone Armor	hmcl	18459
			CameraStudio	延时摄影	Camera Studio	hmcl	1731
			Canal	水渠	Canal	hmcl	19858
			Caption	字幕	Caption	hmcl	7648
			Chainz_Core	锁链	Chainz	hmcl	91
			ChargingBench	高级电力管理	Advanced Power Management	hmcl	22028
			CiYuanAntiCheat	次元反作弊	DimensionAntiCheat	hmcl	6578
			Cogs	机器齿轮	Cogs of the machine	hmcl	22091
			ColoredWool	真彩色羊毛	Full RGB Colored Wool	hmcl	162
			CompactEngine	高效率引擎	Compact Engine	hmcl	245
			ControlPack	控制包/更方便快捷的控制	ControlPack	hmcl	358
			CowboyHat	牛仔帽	Cowboy Hat Mod	hmcl	151
			CrossbowMod2	十字弩2	Crossbow2	hmcl	337
			CustomStuff2	自定义物品2	Custom Stuff 2	hmcl	197
			DQMIIINext	勇者斗恶龙R	Dragon Quest Respect	hmcl	886
			DQMV	勇者斗恶龙	Dragon Quest Monster	hmcl	77
			DYTL	百年滇越行	Yunnan-Vietnam Railway	hmcl	18892
			Damoniy	以太	The Ether	hmcl	643
			DanmakuCraft	弹幕工艺	DanmakuCraft	hmcl	901
			DayZ	DayZ for Minecraft：重铸	DayZ for Minecraft: Reforge	hmcl	9432
			DeathChest	死亡箱子	Death Chest	hmcl	20997
			DefenseTech	防御科技	DefenseTech	hmcl	725
			DimensionAntiCheat	次元反作弊	DimensionAntiCheat	hmcl	6578
			Dimension_Items	布响丸啦！[维度综合禁用]	Out of table	hmcl	12112
			DisasterCraft	灾难后的世界	Disaster Craft	hmcl	5027
			DonnotSlay	不要杀戮	Don't Slay	hmcl	946
			EB	末影书	Ender Book	hmcl	28018
			EC	绿宝石工艺	EmeraldCraft	hmcl	25176
			EEC	等价交换经典版	Equivalent Exchange Classic	hmcl	200
			EUC	ER的传说之下挑战MOD	ER's Undertale Challenges Mod	hmcl	7906
			Easter Egg Mod	复活节彩蛋	EasterEgg	hmcl	6496
			Eggs Lay Eggs	蛋孵蛋	Eggs Lay Eggs	hmcl	19124
			ElectricExpansion	电力扩展	Electric Expansion	hmcl	22481
			EnderIO	末影接口GTNH非官方版	EnderIO-Unofficial	hmcl	9982
			EnergyManipulator	能源操纵	Energy Manipulation	hmcl	310
			EventHelper	事件助手	EventHelper	hmcl	28554
			ExnihiloSequentiaPlus	无中生有：传承扩展	Exnihilo Sequentia Plus	hmcl	11725
			ExtendedPlanets	扩展行星	Extended Planets	hmcl	1301
			ExtraFirma	群峦扩展	ExtraFirma	hmcl	291
			FLabsBF	更好的熔炉	Better Furnace	hmcl	677
			FamiliarsAPI	守护精灵	Familiars	hmcl	56
			FarmCraftory	农场主	Craftory	hmcl	23131
			FerullosGunsMod	费如罗的枪械	Ferullo's Guns	hmcl	68
			FishCraftory	农场主	Craftory	hmcl	23131
			Flan	Flan非官方Forge精神续作版	Flan Unofficial Forge Spirit Sequel Edition	hmcl	17883
			FoodCraft	食物工艺	FoodCraft	hmcl	410
			FoodCraftory	农场主	Craftory	hmcl	23131
			FoodPlus	食物Plus	Food Plus	hmcl	279
			ForestryExtras	林业扩展	Forestry Extras	hmcl	23019
			ForgeMultipart	ForgeMultipart GTNH 版	ForgeMultipart GTNH Fork	hmcl	23930
			ForgottenNature	被遗忘的大自然	Forgotten Nature	hmcl	10
			ForgottenRelics	失落遗物学：非官方版	Forgotten Relics Unofficial	hmcl	14764
			FourLeafClover	四叶草	FourLeafClover	hmcl	27406
			FrogCraft	青蛙化工	FrogCraft	hmcl	193
			FruitCraftory	农场主	Craftory	hmcl	23131
			GTNHModify	万宁NH	GTNH Modify	hmcl	15362
			GTQTCore	量子跃迁：纠缠核心	GTQTcore	hmcl	12281
			GanDelightReborn	赣味乐事与家常菜	Gan Delight Reborn	hmcl	9684
			GlobalShop	全球商店3	GlobalShop_v3	hmcl	14943
			GregTech_Addon	格雷科技1	GregTech 1	hmcl	3143
			GregTech_Addon	格雷科技2	GregTech 2	hmcl	3144
			GregTech_Addon	格雷科技3	GregTech 3	hmcl	3145
			GuiCraftory	农场主	Craftory	hmcl	23131
			GulliverForged	格列佛游记	Gulliver the Resizing Mod	hmcl	25322
			HariboteAirCraft	飞行器	HariboteAirCraft	hmcl	1229
			HarkenScythe_Core	死神之镰	Harken Scythes	hmcl	89
			Hasok	格特斯幻想	Getesi Fantasy	hmcl	4798
			HeadCrafter	头颅制造者	HeadCrafter	hmcl	8418
			Hikari-sanyousei	光之三妖精	Hikari no Sanyousei	hmcl	11288
			HookShot	立体机动装置	Hookshot	hmcl	84
			Idfix	基础ID修复工具	Idfix	hmcl	242
			IguanaTweaksTConstruct	匠魂强化	TiC Tweaks	hmcl	345
			ImmerGears	沉浸装备0	ImmerGears0	hmcl	17472
			ImmibisMicroblocks	Immibis的小方块	Immibis's Microblocks	hmcl	129
			InfiniTubes	终极管道	InfiniTubes	hmcl	135
			InventoryScan	库存扫描	InventoryScan	hmcl	719
			JammyFurniture	吉米的家具	Jammy Furniture	hmcl	17
			Lantern	手电与照明	Lanterns and Flashlights	hmcl	311
			LavaArmorCraft	拿瓦铠甲工艺		hmcl	13068
			LevelStorage	等级存储	LevelStorage	hmcl	184
			LightBridgesAndDoors	光桥和门	Light Bridges and Doors	hmcl	376
			LiquidUU	液体UU	LiquidUU	hmcl	22277
			LiquidXP	液体经验	Liquid XP	hmcl	23134
			LittleBlocks	小方块	Little Blocks	hmcl	196
			LoadedModsExporter	加载模组导出	Loaded Mods Exporter	hmcl	2995
			Loom	真正的织布机！	Loom	hmcl	22880
			Ly0a6DNB	第一人称沉浸式音频	First-person immersive audio	hmcl	25118
			MCEF	Minecraft Chromium嵌入式框架	Minecraft Chromium Embedded Framework	hmcl	592
			MCMMO - Forge	Forge版McMMO	MCMMO-Forge	hmcl	4785
			MCRenderCrashFix	渲染崩溃修复	MCRenderCrashFix	hmcl	20994
			MFReloaded	我的工厂重置版	MineFactory Reloaded	hmcl	7
			MITE	MC实在是太简单了	Minecraft Is Too Easy	hmcl	226
			MITE-Legend	MITE魂环传说	MITE-Legend	hmcl	20135
			Manymonsters	独立：更多妖怪	Manymonsters	hmcl	3566
			MemoryCleaner	内存清理	Memory Cleaner	hmcl	1193
			MinF	矿食	Mineral Food	hmcl	10606
			MineCameraDummy	摄影工艺	MineCamera	hmcl	991
			MineCharacter	职业	MineCharacter	hmcl	156
			MineFantasy	我的幻想	MineFantasy	hmcl	160
			MinersDeluxe	豪华矿工	Miners Deluxe Mod	hmcl	6690
			MiningTools	采掘工具	Mining Tools	hmcl	757
			MoLanguage	更多语言	MoLanguage	hmcl	44
			Mob_time_era	生物时间	Mob Time Era	hmcl	3967
			ModTools	终极农业	Agent's Agriculture	hmcl	265
			More Bows	更多弓	More Bows	hmcl	74
			MoreEnchants	更多附魔	More Enchantments	hmcl	493
			MoreExplosives	更多爆炸物	More Explosives Mod	hmcl	305
			MorePistons	更多活塞	More Pistons	hmcl	694
			MoreSA	大牛的SA	DaNiu's SA	hmcl	2615
			Moreaspects	更多要素	Polybius	hmcl	7102
			MovementAssistant	行动助手	Movement Assistant	hmcl	438
			MultiPageChest	多页箱子：魔戒版	Multi Page Chest: LOTR Edition	hmcl	10063
			MyCTMLib	连接纹理非官方版	ConnectedTexturesModUnofficial	hmcl	16686
			ND	不正经的剑	No Decent Sword	hmcl	25587
			NEIPlugins	NEI插件	NEI Plugins	hmcl	22262
			NihongoMod	中文输入/颜色编辑	NihongoMod	hmcl	23151
			NoDurabilityLoss	不要掉耐久!	NoDurabilityLoss	hmcl	25314
			NpcBoundBoxFix	NPC碰撞箱修复	NpcBoundBoxFix	hmcl	9438
			NyankoMod	猫	Nyanko	hmcl	853
			OCS	开放式电脑传感器	OpenCCSensors	hmcl	122
			OpenXP	开放式经验	OpenXP	hmcl	165
			OreEndermen	矿石末影人	Ore Endermen	hmcl	25757
			Ore_Creepers	矿石爬行者	Ore Creepers	hmcl	25725
			Paleocraft	古生代	Paleocraft	hmcl	213
			PaneInTheGlasses	缝合玻璃	Pane In The Glasses	hmcl	411
			PeachWoodSword	桃木剑	PeachWoodSword	hmcl	1059
			PillNote	丹药笔记	PillNote	hmcl	501
			PlasticCraft	塑料工艺	PlasticCraft	hmcl	22271
			PlayerContainerFix	背包合成修复	Gambiarra	hmcl	3587
			PotionCore	药水核心	Potion Core	hmcl	28817
			PotionEnchanting	趣味药水附魔	PotionEnchanting	hmcl	3638
			PotionMosaic	药水镶嵌宝石	PotionMosaic	hmcl	3637
			Potion_Tool	药水工具	Potion_Tool	hmcl	9940
			PowerItemRenderer	PNX渲染图片导出	PowerItemRenderer	hmcl	10102
			PowerUtils	电力转换	Power Utilites	hmcl	302
			ProjectBlue	蓝石计划	Project Blue	hmcl	895
			Pseudo	伪格雷普·终境之刃	Pseudo Edge	hmcl	18377
			QuarryPlus	采石场增强	Quarry Plus	hmcl	289
			RAP	配方追加-盐块	Recipe Addition - Salt Block	hmcl	13261
			RWG	更真实的地图生成	Realistic World Gen	hmcl	98
			RedLogic	红石逻辑	RedLogic	hmcl	132
			RedPowerBase	红石力量2	RedPower2	hmcl	3
			RedPowerCore	红石力量2	RedPower2	hmcl	3
			ResonantInduction	谐振感应	Resonant Induction	hmcl	258
			ResonantInduction|Archaic	谐振感应	Resonant Induction	hmcl	258
			ResonantInduction|Atomic	谐振感应	Resonant Induction	hmcl	258
			ResonantInduction|Core	谐振感应	Resonant Induction	hmcl	258
			ResonantInduction|Electrical	谐振感应	Resonant Induction	hmcl	258
			ResonantInduction|Mechanical	谐振感应	Resonant Induction	hmcl	258
			RocketScience	火箭科技	Rocket Science	hmcl	119
			Sink	水槽	The Sink	hmcl	10147
			SkillsSwitch	职业开关	Skills Switch	hmcl	14063
			SlashBladeTemplate	刀剑定制	SlashBladeTemplate	hmcl	24430
			SnowsDeeper	更深的雪	Snow Deeper	hmcl	374
			Somnia	梦短人生长 / 真实睡眠	Somnia	hmcl	189
			SoulShards	灵魂碎片	Soul Shards	hmcl	60
			SpartanFire	斯巴达的武器：冰火传说 再移植	Spartan Weaponry: Ice and Fire	hmcl	27727
			SpecialArmor	特殊防具	Special Armor	hmcl	72
			StorageSilo	存储仓	StorageSilo	hmcl	2945
			StubbornMonster	怪物的倔强	StubbornMonster	hmcl	3639
			Suffuse	硝烟四起 枪械-拓展	Point Blank-Suffuse GunSmokePack	hmcl	13511
			TCAutoResearchByEmil	神秘时代4研究笔记自动解锁		hmcl	21238
			TDS_EL	元素生物	Elementals	hmcl	27884
			TFP	真实的第一人称	True First Person	hmcl	28007
			TW-Info	TW-信息	TW-Info	hmcl	502
			TacticalFrame	战术框架	Tactical Frame	hmcl	1031
			TechnicalVanilla	海绵科技	Technical Vanilla	hmcl	169
			Technical_Engineering_3_compatible	科能工程3兼容	Technical Engineering 3 compatible	hmcl	7738
			TextCraft	文字 Mod	TextCraft	hmcl	11532
			Thaumcraft	神秘时代3	Thaumcraft 3	hmcl	29
			ThaumicDarkness	黑暗神秘学	Thaumic Darkness	hmcl	732
			ThaumicMachina	神秘力学	Thaumic Machina	hmcl	730
			ThermalCasting	热力铸造室	Thermal Casting	hmcl	758
			ThermalExpansion	热力膨胀1	Thermal Expansion 1	hmcl	12301
			ThermalExpansion	热力膨胀2	Thermal Expansion 2	hmcl	12302
			TimeVial	时间之瓶	TimeVial	hmcl	16261
			TinyCarts	微型矿车	TinyCarts	hmcl	223
			TofuCraft	豆腐工艺	TofuCraft	hmcl	386
			TofuFactory	豆腐工厂重置版	Tofu Factory Reloaded	hmcl	553
			TooManyItems	TMI内置修改器	TooManyItems	hmcl	42
			TooMuchTNT	更多TNT	TooMuchTNT	hmcl	304
			TransducersIC2	能源转换器	Transducers	hmcl	271
			TravelDokodemoDoor	Anywhere Travel Door / 遠征どこでもドア		hmcl	18332
			Tubestuff	RP增强	Tube Stuff	hmcl	646
			TwistSpaceTechnology	扭曲空间科技	Twist Space Technology	hmcl	12969
			UgoCraft	机关	UgoCraft	hmcl	161
			Unsheathe	利刃出鞘	Sword Unsheathe	hmcl	1335
			Untranslator	未转译者	Untranslator	hmcl	12644
			UsefulCrops	实用作物	Useful Crops	hmcl	28008
			VVAddon	Tetra强化属性拓展	VVAddon	hmcl	13858
			Vanilla Behavior Pack	附加包模板	Bedrock Add-On Sample Files	hmcl	3771
			VocaloidMod	虚拟歌姬	Vocaloid Mod	hmcl	2302
			WLM	不毛之地	Wasteland	hmcl	2927
			Wa	和风	和風	hmcl	477
			WarpTheory	神秘扭曲学：非官方版	Warp Theory Unofficial	hmcl	18447
			WateringCraftory	农场主	Craftory	hmcl	23131
			Well	水井	Well Well Well	hmcl	19601
			WorldEditWrapper	单机创世神	WorldEdit Wrapper	hmcl	611
			YATC	你是苦力怕	You Are The Creeper	hmcl	163
			YHBotaniaWaila	植物魔法高亮信息	BotaniaWaila	hmcl	15882
			Yamazakura	山樱之刃	Yamazakura	hmcl	1470
			Yggdrasill	世界树/巨树	Yggdrasill	hmcl	221
			Your Records Mod	自定义唱片	Your Records Mod	hmcl	3926
			Zeppelin	齐柏林	Zeppelin	hmcl	176
			a177_added_modified_enchantments	A177增修附魔	A177 Added Modified Enchantments	hmcl	22457
			a_lot_of_respawn	更多不死图腾		hmcl	6558
			aa_mbvd	泥砖菜盘 (逆转裁判)	AA-MBVD	hmcl	24112
			aaaahidechat4s	直播隐藏聊天框	HideChatForStreaming	hmcl	11861
			aaaahidechat4s_fix	直播隐藏聊天框修复补丁	HideChatForStreamingFix Patcher	hmcl	13017
			aabc_mod	核弹	Nuke block	hmcl	26737
			abyq	我的世界但是除了你都很快	Anything but you quickly	hmcl	11817
			ac	坠机	AirCrash	hmcl	18059
			ac	聊天工具	AutoChat	hmcl	13597
			academy	学园都市 重生	AcademyCraft Reborn	hmcl	17664
			acceleratedpresents	加速呈现	AcceleratedPresents	hmcl	28076
			accountswitcher	游戏内账号切换	Account Switcher	hmcl	7436
			accountsx	游戏内账号切换 X	Accounts X	hmcl	15078
			acd	永远的圣诞节	AlwaysChristmasDay	hmcl	17612
			achievement-fix	成就修复	Achievement Fix	hmcl	20261
			acrylic	亚克力窗口	AcryliCraft	hmcl	15168
			additionalentries	宝石词条/重铸	Additional Entries	hmcl	24346
			additionallatherecipes	车床配方追加	Additional Lathe Recipes	hmcl	14984
			adv-netherite-upgrade	高级下界合金 X 龙战利品	Advanced Netherite X DragonLoot	hmcl	22332
			advagri	高级农业	Advanced Agriculture	hmcl	6937
			advanced_equip	进阶刀剑	AdvancedEquip	hmcl	14396
			advancedfluxtools	高级能量工具	Advanced Flux Tools	hmcl	307
			advancedfmk	高级框架	Advanced Framework	hmcl	13935
			advancedfurnace	先进熔炉	Advanced Furnace	hmcl	3520
			advancedhostility	进阶仇恨	Advanced Hostility	hmcl	21388
			advancedmod	F1 模组	F1 Racing Mod	hmcl	27303
			advancedtfcblueprint	高级群峦蓝图	Advanced TFC Blueprint	hmcl	20280
			advancedupgradetemplatesmod	高级下界合金升级模板	Advanced Netherite Upgrade Templates	hmcl	21815
			advancement_scanner	可怖奖杯扫描器	AdvancementScanner	hmcl	28776
			advancementsaddition	进度追加-糖块	Advancements addition candy	hmcl	11037
			advancementsfullscreen	进度全屏	AdvancementsFullscreen	hmcl	15309
			adventure	冒险++	Adventure++	hmcl	15853
			adventure_power	冒险的力量	Adventure Power	hmcl	28241
			adventurecraft	冒险	AdventureCraft	hmcl	225
			ae2_additions	应用能源扩展	AE2 Additions	hmcl	7057
			aebusblacklist	AE存储总线黑名单	AE StorageBus Blacklist	hmcl	15758
			aemobile	Minecraft 赛博监工	AEMobile	hmcl	15832
			aemodbtnfix	Better ModList 按钮修复	Better Mod List Button Fix	hmcl	18192
			aeronautics_space_war	航空学太空战	Space War - Aeronautics / Aeronautics Space War	hmcl	28695
			aerosol	气雾剂	Aerosol	hmcl	21728
			aether_genesis	天境：创世纪	The Aether Genesis	hmcl	25746
			aether_tinker	天选工匠	Aether Tinker	hmcl	19042
			aetherworks	余烬之心：非官方延续版	Aetherworks: Unofficial Extended Life	hmcl	20918
			affix	词缀	Affix	hmcl	19892
			aft_fabroads	暗访谈的Fabric道路	aftersans53228's fabric roads	hmcl	5636
			agstack	聚合堆	AggStack	hmcl	26126
			ai	AI追杀	AI Hunter	hmcl	23278
			ai-command	AI指令	AI Command	hmcl	28575
			ai_command	AI指令	AI Command	hmcl	19701
			aichat	AI对话-自定义AI来源	AIComm	hmcl	18683
			aichat	AI接管聊天	AIchat	hmcl	17774
			aicomm	AI对话-自定义AI来源	AIComm	hmcl	18683
			aier	反内能革命	Anti-internal Energy Revolution	hmcl	5643
			ailocalizer	AI汉化器	AILocalizer	hmcl	20014
			ainulindale	创世录API	Ainulindalë	hmcl	19135
			aira	AI回复助手	AIReplyAssistant	hmcl	20145
			airdrop	空投	AirDrop	hmcl	28737
			airstrikepointers	空袭指示器	AirstrikePointers	hmcl	26231
			aiwikiandcommand	AIWiki与魔法指令	AIWikiAndCommand	hmcl	28804
			akatzumafixstack	修复Arclight上的Bigger Stacks	AkatZumaFixStack	hmcl	20751
			akatzumaworldedit	生存模式的创世神	AkatZumaWorldEdit	hmcl	13584
			al	服务器自动登录	AutoLogin	hmcl	15831
			al	自动退出	AutoLog	hmcl	13342
			alarideable	能骑就是好马	AsLongAsRideable	hmcl	10756
			algaecraft	海藻工艺	AlgaeCraft	hmcl	22521
			alienday	我蛮夷也	Alien Day	hmcl	20055
			all_banning	全局封禁器	AllBanning	hmcl	7531
			all_eat	万物皆可吃	All Eat	hmcl	21281
			all_item	全物品收集进度	All Item Collection Advancements	hmcl	14051
			alloysmelterfuelchecker	冶炼炉燃料桶返还	Alloy Smelter Fuel Checker	hmcl	23854
			allthingsflying	万物皆可飞行	All Things Flying	hmcl	22646
			allweapon	万物皆可为兵刃	Allweapon	hmcl	1797
			alwaysallowtp	始终允许传送	AlwaysAllowTP	hmcl	24259
			alwayzsteve	永远史蒂夫	Alwayzsteve	hmcl	8684
			amaruq_makpiraaqarvik	狼之馆/狼库	Amarok Makpiraaqarvik	hmcl	13109
			amethyst-shield	紫水晶盾	Amethyst Shield	hmcl	14960
			amethystcraft	紫水晶工艺	Amethyst Craft	hmcl	12479
			amh	模组隐藏器	AlwaysModHider	hmcl	16718
			ammotobox	TaCZ弹药一键整理	Ammo To Box	hmcl	25454
			ammounload	TaCZ退弹	Ammo Unload	hmcl	25585
			anc	铁砧工艺：数据包版	AnvilCraft	hmcl	5136
			ancient_debris_tweak	远古残骸微调	Ancient Debris Tweak	hmcl	14231
			ancient_warcraft	远古兵装	Ancient Warcraft	hmcl	28161
			angry_bow	雪火球弓	Angry Bow	hmcl	26461
			ani_siege	围攻/攻城	The Siege Mod	hmcl	16025
			animatimc	平滑滚动	Smooth Scrolling	hmcl	12164
			animcore	动画核心	AnimCore	hmcl	25056
			anime_final_fantasy	次元最终幻想	Anime Final Fantasy	hmcl	20271
			animewifeinmc	纸片人	Anime-In-Mc	hmcl	4967
			anotheranticheat	另一个反作弊	AnotherAntiCheat	hmcl	1581
			anothercommonbugfix	另一个通用Bug修复	Another Common Bug Fix	hmcl	1697
			anothermagicrecipe	另一款可视化合成表修改	Another Magic Recipe	hmcl	7166
			anti_player_high_def	终焉颂歌：反玩家高防御	Song of Ending: Anti Player High DEF	hmcl	23634
			antibot	你是人类吗？	AntiBot	hmcl	23672
			anticlientghost	幽灵方块同步	anticlientghost	hmcl	28002
			antideath-carpet-addition	AD的Carpet拓展	Antideath Carpet Addition	hmcl	24842
			anvil_api	铁砧API	Anvil API	hmcl	25452
			anvil_falling	铁砧掉落	Anvil Falling	hmcl	17552
			anvil_musbox	艺演叮砧/铁砧音符盒	Anvil MusBox	hmcl	25795
			anvilcraft_simple_processing	铁砧工艺：简易加工		hmcl	28758
			anvilcraftoddities	铁砧工艺：奇思妙想	AnvilraftOddities	hmcl	19047
			anvilinnovate	Firma：锻铁革新	Firma: Anvilinnovate	hmcl	22752
			anviluses	铁砧使用次数显示	Anvil Uses	hmcl	18604
			anyslot-totem	图腾随行	AnySlotTotem	hmcl	28556
			anytag	天使命名牌	Anytag	hmcl	15159
			aov	复仇天使	Angel of Vengeance	hmcl	953
			aowf	始终开放水域-Forge	AlwaysOpenWaterForge	hmcl	15661
			ap	自动替换	AutoReplace	hmcl	17891
			apocalypse_ends	天启终焉	Apocalypse End	hmcl	25182
			appchg	应用充能	Applied Charger	hmcl	24728
			appledog	苹狗	Appledog	hmcl	18844
			applied_create	应用机械	Applied Create	hmcl	5309
			appliedcannon	应用加农炮	AppliedCannon	hmcl	26287
			appradi	应用放射学	Applied Radiology	hmcl	24727
			apprentice	学徒的热诚	Apprentice's Zeal	hmcl	12768
			aquaculture_delight	水产乐事：早产	Pre Aquaculture Delight	hmcl	15213
			aquaman_gift	海王馈赠	Aquaman's Gift	hmcl	9250
			arcademod	街机	Arcade Mod	hmcl	1377
			arcaneart	奥法艺术	Arcane Art	hmcl	3016
			arcanevortex	秘法涡流	Arcane Vortex	hmcl	24018
			areanamedisplay	区域名称显示	AreaNameDisplay	hmcl	18403
			areas-hint	域名	Area Hints	hmcl	21262
			ark_rhode_island	明日舟舟：罗德岛	Ark Rhode Island	hmcl	23114
			arkcraft	鲍勃之源石梦想	BOB's Originium Dream	hmcl	21666
			arkitems	明日方舟物品	ArkItems	hmcl	3521
			arknights-skadi-orca-plushie	【明日方舟】斯卡蒂的虎鲸抱枕	[Arknights] Skadi Orca Plushie	hmcl	14907
			arknights_furs	明日方舟种族外观	Arknights Origin Furs	hmcl	24982
			arknights_originiumarts	起源：明日方舟源石技艺		hmcl	23985
			arknights_races	明日方舟种族	Arknights origins races	hmcl	23329
			arknightsblade	方舟拔刀	ArknightsBlade	hmcl	3526
			arkworld	方舟世界	Arkworld	hmcl	7288
			armor-nerf	护甲调整	Armor Tweaks	hmcl	28240
			armor_hero	铠甲勇士	Armor Hero	hmcl	4562
			armorstand	盔甲架	ArmorStand	hmcl	20046
			armorstandtweaks	盔甲架微调	Armor Stand Tweaks	hmcl	10371
			arrowjumpcrit	弓箭跳射暴击	ArrowJumpCritical	hmcl	10305
			arsmagica2	魔法艺术2.5	Ars Magica 2.5	hmcl	10702
			asen	附带英语	Always Show English	hmcl	24831
			ashes	灰烬	Ashes	hmcl	28716
			ashihara	苇原 (芝之章~百里乡野行纪)	Ashihara	hmcl	4444
			asian_difficulty	亚洲难度	AsianDifficulty	hmcl	8032
			asrp	反服务器资源包加载	AntiServerResourcesPack	hmcl	14302
			ass	自动拿取	AutoSteal	hmcl	15093
			asthumiphss_maples	Asthumiphs's 枫树	Asthumiphs's Maples	hmcl	12394
			astralrail_cube	星轨立方	Astralrail Cube	hmcl	27433
			at	自动工具	AutoTool	hmcl	17457
			atdhxd3b	HXD3B型电力机车		hmcl	18204
			atlantis	亚特兰蒂斯：水寒火暖	Atlantis: Fire Beneath Water	hmcl	17704
			atomess	基石-基础	Atom-Essentials	hmcl	6730
			attackmissed	无效攻击	Attack Missed	hmcl	13881
			attribute_extra	额外属性	Attribute Extra	hmcl	16731
			audiosynth	音频合成器	Audio Synth	hmcl	27273
			authforge	锻造：认证	AuthForge	hmcl	4024
			authshield	认证防护	AuthShield	hmcl	18249
			auto-fishing	轻松钓鱼	Auto-fishing	hmcl	5859
			auto_attack	自动攻击	Auto Attack	hmcl	27678
			auto_eating	自动进食	Auto Eating	hmcl	28252
			auto_login	自动登录指令	Auto Login Command	hmcl	5647
			auto_lucky_block	自动幸运方块	auto lucky block	hmcl	17203
			auto_map_reset_mod_1782977959	Yet Another Bingo - 自动重置地图	Yet Another Bingo - Auto Reset Map	hmcl	28443
			auto_sail	自动航行	Auto Sail	hmcl	24862
			auto_smelt	自动冶炼	Auto Smelt	hmcl	17557
			autoaim	自动瞄准	AutoAim	hmcl	19485
			autochest	自动箱子	AutoChest	hmcl	22438
			autoclick	连点器	AutoClick	hmcl	3257
			autoclicker	自动点击器	Auto Clicker	hmcl	23102
			autocommand	自动指令	Auto Command	hmcl	17116
			autocompassmenu	自动指南针菜单	Auto Compass Menu	hmcl	21725
			autocraftingdrawer	自动合成抽屉	Auto-Crafting Drawer	hmcl	28309
			autoharvest	自动收获	AutoHarvest	hmcl	2005
			autoharvest	自动收获-重制	AutoHarvest-RE	hmcl	14132
			autologin	自动登录	AutoLogin	hmcl	17053
			automatic-replacement	自动图腾	Automatic Replacement	hmcl	26824
			automobility_fix	飞车奇匠-服务端修复	Automobility-Fix	hmcl	15915
			automodsync	自动模组同步	Auto Mod Sync	hmcl	24581
			autonightvision	自动夜视	Auto Night Vision	hmcl	14724
			autoreconnector	自动断线重连	AutoReconnector-Fabric	hmcl	3031
			autorespawn	自动重生	AutoReSpawn	hmcl	14622
			autostorager	自动存储	Auto Storager	hmcl	26758
			avaritia	无尽工具升级	InfinityTools++	hmcl	13852
			avaritia_more_singularity	无尽贪婪：更多奇点	Avaritia:More Singularity	hmcl	28003
			avaritia_nirvana	无尽贪婪：涅槃	Avaritia:Nirvana	hmcl	28154
			avaritianerf	无尽贪婪Neo防熊补丁	AvaritiaNerf	hmcl	24094
			awakened_creeper	苦力怕觉醒了	AwakenedCreeper	hmcl	14394
			awakened_enderman	末影人觉醒了	AwakenedEnderman	hmcl	14464
			awakened_phantom	幻翼觉醒了	AwakenedPhantom	hmcl	14415
			awakened_silverfish	蠹虫觉醒了	AwakenedSilverfish	hmcl	14516
			awakened_skeleton	骷髅觉醒了	AwakenedSkeleton	hmcl	17371
			awakened_spider	蜘蛛觉醒了	Awakened Spider	hmcl	14447
			axolotl_wont_asphyxia	美西螈不会窒息	Axolotl Won't Asphyxia	hmcl	18229
			ba	Bilibili音频	BilibiliAudio	hmcl	14412
			babyanimalsdropexperience	幼年生物掉落经验	Baby Animals Drop Experience	hmcl	10781
			backcraft	我的后室	Backcraft	hmcl	22684
			backpack-backup	背包备份	BackpackBackup	hmcl	8071
			backportsupplement	移植补充	backportsupplement	hmcl	20163
			backrooms	pertaz的后室生成	pertaz'es Backrooms Generator	hmcl	12958
			backupalwaysright	备份永远是对的	Backup Always Right	hmcl	24756
			bad_omen_potion_reborn	不祥之兆药水：重生	Bad Omen Potion:Reborn	hmcl	15618
			bag_of_holding	手袋	Bag Of Holding	hmcl	8148
			baguette	法棍	Baguette	hmcl	4789
			baguette	法棍工艺	Baguette craft	hmcl	17937
			balance_equations	方程式配平	Balance Equations	hmcl	2380
			ballistics_framework	弹道框架	Ballistics Framework	hmcl	27094
			balmung	巴鲁蒙格	Balmung	hmcl	22692
			ban_explosion	禁止爆炸破坏方块	BanExplosion	hmcl	26951
			bananacraft	香蕉工艺	BananaCraft	hmcl	3013
			banira_codex	香草志	Banira Codex	hmcl	26667
			banit	禁用它！	Ban It！	hmcl	9752
			banitem	不准用！	BanItem	hmcl	15684
			banitems	物品封禁	Banitems	hmcl	21893
			bannervisualizer	旗帜保护覆盖显示	Banner Visualizer	hmcl	20615
			baron_bunny	兔兔伯爵	Baron Bunny	hmcl	9894
			barrierfree	巧渡障碍	Barrier Free	hmcl	14572
			barter	交易站	Barter	hmcl	7218
			basecore	基地核心	BaseCore	hmcl	28745
			basic_cookwares	基础炊具	Basic Cookwares	hmcl	27977
			batch-fakeplayers	批量假人	BatchFakeplayers	hmcl	22697
			bathappymod	🦇蝙蝠快乐 Fabric	🦇 Bat Happy Mod Fabric	hmcl	6751
			bathappyplus	🦇蝙蝠快乐Mod Plus	🦇Bat Happy Mod Plus	hmcl	7773
			bathappypro	🦇蝙蝠快乐Mod Pro	BatHappy Pro	hmcl	20902
			bayou_delight	沼泽乐事	Bayou Delight	hmcl	8281
			bb	信标向下移植	BiggerBeacons	hmcl	18037
			bbqsdelight	烧烤乐事	BBQ's Delight	hmcl	7331
			bce	更好的战斗体验	Better Combat Experience	hmcl	14126
			bdd	半颠倒生存挑战		hmcl	8211
			beacon-dragon-egg	信标龙蛋	Beacon Dragon Egg	hmcl	22651
			bedbugs	修复卡床	Bed Bugs	hmcl	1565
			bedrockjukebox	基岩版唱片机	BedrockJukebox	hmcl	9598
			bedrockultimatetool	基岩究极工具	BedrockUltimateTool	hmcl	24772
			bedrockworkshop	基岩工坊	Bedrock Workshop	hmcl	3489
			beefix	蜜蜂修复	Bee Fix	hmcl	7544
			beetech	狼群：群蜂工艺	Wolves：SwarmBeeTech	hmcl	14862
			beggars	乞讨者	Beggars	hmcl	28474
			benchworks	做功台	Benchworks	hmcl	4268
			bento_box	便当盒	Bento Box	hmcl	20319
			beta_brewing_system	远古酿造系统	Beta Brewing System	hmcl	7336
			beta_brewing_system	远古酿造系统重置版	Beta Brewing System Reloaded	hmcl	7490
			better TC combat	更好的战斗：匠魂扩展		hmcl	18874
			better-elytra-render	更好的鞘翅渲染	Better Elytra Render	hmcl	21649
			better-fabric-console	更好的 Fabric 控制台	Better Fabric Console	hmcl	17977
			better-loading-screen	更好的加载屏幕	Better loading screen	hmcl	27373
			better-snow-coverage	更好的雪覆盖	Better Snow Coverage	hmcl	15977
			better_cauldrons	更好的炼药锅	BetterCauldrons	hmcl	4934
			better_coordinate_records	更好的坐标记录 / 更好的座標紀錄	Better coordinate records	hmcl	25078
			better_ebwizaedry	更好巫术	Better Electroblob's Wizardry	hmcl	28781
			better_enchantment	更好的附魔	Better Enchantments	hmcl	14702
			better_pigs	更好的猪	Better Pigs	hmcl	11736
			better_soul_stone	更好的魂石	BetterSoulStone	hmcl	26272
			better_torh	村民烧烤匠职业	Better Torh	hmcl	20106
			better_touch	更好的接触	Better Touch	hmcl	11117
			better_trees	更好的树	Better Trees	hmcl	12107
			betterarrow	更好的箭矢	BetterArrow	hmcl	24443
			betterblink	更好的传送	Better Blink	hmcl	1048
			bettercat	更好的猫	BetterCat	hmcl	25072
			bettercaves	古早洞穴优化	Better Caves Archaic	hmcl	17980
			bettercheesemodel	更好的奶酪模型	Better Cheese Model	hmcl	9944
			bettercommand	更好的原版命令	BetterMinecraftCommand	hmcl	19573
			betterfeatures	更好的特性	Better Features	hmcl	2154
			betterfurnacefix	更好的熔炉：容器修复	Better Furnace Container Fix	hmcl	23396
			betterfurnitur	更好的家具-NeoForge	Better Furniture-Neoforge	hmcl	27194
			bettergtae	更好的格雷科技与应用能源	Better GregTech And Applied Energistics	hmcl	21727
			bettermining	更好的矿物挖掘	Better Mining	hmcl	268
			betterportals	更好的传送门	Better Portals	hmcl	14036
			betterrain	更好的降雨	Better Rain	hmcl	9517
			bettershields	更好的盾牌	BetterShields	hmcl	18567
			betterthunder	更好的雷声	Better Thunder	hmcl	19305
			bettertp	更好的TP指令	BetterTP	hmcl	15547
			bettertp	更好的传送	BetterTP	hmcl	23281
			bettertropical	更好的热带鱼	BetterTropical	hmcl	15154
			betterwater	更好的原版水逻辑	Better Water Logic	hmcl	25358
			beyond_the_limits	超越极限	Beyond The Limits	hmcl	27676
			beyond_the_mineral	超越矿物	beyond the mineral	hmcl	4548
			beyondheights	高度极限 [-2032~2031] (可自定义)	BeyondHeights	hmcl	26521
			bf	撞火	BumpFire	hmcl	18006
			bf	船飞	BoatFly	hmcl	13373
			bfc	更好的火焰弹	BetterFireCharge	hmcl	16021
			bh3rd	崩坏3rd	Honkai Impact 3	hmcl	9228
			bib	博物志	Bibliotheque	hmcl	5759
			big_cry	哇哇大哭	Big Cry	hmcl	26884
			biggerbundle	储存袋	BiggerBundle	hmcl	26125
			bigpony	彩虹大马	Big Pony	hmcl	12256
			bigstru	更大的结构重制版	BiggerStructures	hmcl	16578
			bilibili_media	哔哩哔哩WaterMedia兼容模组		hmcl	20431
			bincnpcscript	CNPC：脚本系统扩展	CNPC: Dangerous Script Extension	hmcl	25954
			binniecore	Binnie核心	Binnie Core	hmcl	1108
			biome_advancements	更多生物群系进度	Just Enough Biome Advancements	hmcl	10241
			birdblade	棘羽「毕方」	BirdBlade	hmcl	4173
			birds_nests	鸟巢 (TeamPancake 版)	Birds Nests(Team Pancake)	hmcl	12278
			birthday-fabric	生日模组	Birthday Fabric	hmcl	20636
			bizarre_fans	奇异风扇	Bizarre Fans	hmcl	4417
			bk	老板键	BossKey	hmcl	15722
			blackflood-hardermonster	黑潮：更困难的怪物	Black Flood: Harder Monster	hmcl	17302
			blackflood-loweragriculture	黑潮：低产种养	Black Flood: Lower Agriculture	hmcl	19611
			blackholestorage	黑洞储存	Black Hole Storage	hmcl	11685
			blahaj	布罗艾扩展版	Blahaj Expanded	hmcl	8731
			blahaj	布罗艾：重铸	Blåhaj - Reforged	hmcl	8732
			bleach	死神	Bleach Mod	hmcl	11378
			blink	瞬移	Blink	hmcl	16091
			blockd	繁殖抑制&实体冻结器	Block Dynamics	hmcl	23032
			blockdurability	方块耐久	Block Durability	hmcl	28274
			blockgiveeffects	方块附加药水效果	BlockGiveEffects	hmcl	24566
			blocklocker	抑页钉帧：削避载质	BlockLocker	hmcl	28801
			bloodblade	炼狱刀「血腥」	BloodBlade	hmcl	1730
			blooddisplayer	血量显示器	BloodDisplayer	hmcl	5400
			bloodmoon_siege	丧尸乐事	Bloodmoon Siege	hmcl	25761
			bloom_feast	绽放盛宴	Bloom Feast	hmcl	26585
			blowme	吹熄火焰！	Blow Me!	hmcl	188
			blue_archivescraft	蔚蓝档案工艺	Blue Archives Craft	hmcl	20585
			blue_skies_delight	蔚蓝乐事	Blue Skies Delight	hmcl	7177
			blue_skies_edit	蓝天修复	Blue Skies Edit	hmcl	17892
			bmc	“最好的”MC	The Best Minecraft	hmcl	20652
			bmcat	MCAT-免费拓展包 v1	MCAT Free Mod v1	hmcl	17089
			bmdmod	离线服白名单修复	WhiteList Fix	hmcl	18409
			bml	更多聊天记录-NeoForge	MoreChatHistoryNeoForge	hmcl	17327
			bnb	更好的下界：Beta版	BetterNether Beta	hmcl	3881
			boat-maneuverability-enhancing	船只操控性增强	Boat Maneuverability Enhancing	hmcl	9095
			bobs_better_nausea	Bob氩的更好反胃	Bob's Better Nausea	hmcl	7091
			bocchitherock	孤独摇滚！	Bocchi The Rock	hmcl	11577
			bocreate	超多合成配方	Biomes o' Create	hmcl	8503
			body_transportation	遗体搬运	Body Transportation	hmcl	22878
			boi	更好的配置选项	BetterOptionInstance	hmcl	15314
			bontany_ore_trees_reborn	植物盆栽矿物树拓展：重制	Botany Ore Trees:Reborn	hmcl	8406
			bookofexperience	经验之书	Book of Experience	hmcl	17948
			booty	战利品箱		hmcl	13172
			borderless_window	无边框窗口	Borderless Window	hmcl	6763
			borderlessfullscreen	无边框最大化窗口	BorderlessFullScreen	hmcl	12223
			boss_enhancement	Tika的Boss增强	boss_enhancement	hmcl	28858
			botania_retro	植物魔法：怀旧	Botania Retro	hmcl	19648
			botools	假人映射	Botools	hmcl	11538
			bottle_ship	瓶中船	Bottle Ship	hmcl	17816
			bountifulharvest	感恩节乐事	Bountiful Harvest	hmcl	17336
			bow_api	弓API	Bow API	hmcl	5209
			bp	更好的活塞	BetterPiston	hmcl	15852
			bpe	更好的等价交换	BetterProjectE	hmcl	11495
			bravesurvival	猛男生存	Brave Survival	hmcl	26807
			brbe	更好的配方书 (续作)	Better Recipe Book (Extended)	hmcl	27661
			bread_skin	面包皮	Bread Skin	hmcl	15124
			bright_sunflower	曜日金葵	Bright Sunflower	hmcl	24610
			broadcast_killing	击杀播报	Broadcast Killing	hmcl	21802
			brokenbows	破损弓	Broken Bows	hmcl	21096
			brokenleadwarner	拴绳断裂警告	Broken Lead Warner	hmcl	8683
			brpv	更好的资源包版本管理	Better Resource Pack Versioning	hmcl	21721
			brx_nextbot	Brx的自定义Nextbot	Brx's Customizable Nextbot	hmcl	24817
			bsc	常用服务器命令	Basic Server Commands	hmcl	25054
			bsq	黑屏安静	BlackScreenQuiet	hmcl	16513
			bte	藍月光的交通扩展	BML's Transit Expansion	hmcl	23953
			btfcr	更好的群峦：重生	Better TFCR	hmcl	19242
			btp	更好的战术据枪	Better Tactical Presentation	hmcl	28228
			btt	更好的游戏标题	BetterTitle	hmcl	15529
			btw	比狼好	Better Than Wolves	hmcl	93
			bubblecolumntweaks	气泡柱调整	Bubble Column Tweaks	hmcl	23020
			bulb-early	铜灯补充	Copper Bulb Early	hmcl	19863
			bullerproof_armor_system_mod	甲弹系统	BullerproofArmorSystemMod	hmcl	27132
			bullet_recovery	子弹回收	Bullet Recovery	hmcl	21891
			bulletreply	TaCZ 枪械弹药恢复	Bullet Reply	hmcl	25053
			bullseye	正中靶心	Bullseye	hmcl	22771
			bundle	收纳袋		hmcl	9295
			burns_everything	万物皆可燃	Burns Everything	hmcl	26613
			butterchat	更好的聊天框	Better Chat	hmcl	22334
			bwb	更好的世界边界	Better World Border	hmcl	13501
			byzh-picgen	byzh's 麦块画图	BYZH's Picgen	hmcl	14774
			c3me	C^3M 引擎	Connectored Concurrent Chunk Management Engine	hmcl	15818
			c_storage	容积储存	Capacity Storage	hmcl	3710
			cabo	随意弓数据包	Casual Bow Datapack	hmcl	4144
			cacardwar	牌牌大作战	cacardwar	hmcl	21521
			cad2t	区块加成	ChunkAddition	hmcl	13964
			cadmium	镉	Cadmium	hmcl	3414
			caged_mobs_integration	笼中生物联动	Caged Mobs Integration	hmcl	17097
			caiqiu	才囚学园-澪吹寒	Cai Qiu Xue Yuan	hmcl	11505
			cakeordie	糕事无亡	Cake or Die	hmcl	11516
			calcium	钙	Calcium	hmcl	14821
			callofduty_hitsound	使命召唤命中反馈	Call oF Duty HitMarker	hmcl	23103
			campfire_resting	休憩营火	Campfire Resting	hmcl	12505
			candiedmedicine	药糖	Candied Medicine	hmcl	5148
			candycraftce	糖果世界社区版	CandyCraft Community Edition	hmcl	8526
			cannon_fire	火炮	Cannon Fire	hmcl	6311
			cao	槽	CaoPlus	hmcl	19176
			capture_entity	实体捕捉	capture_entity	hmcl	23585
			carbon	碳	Carbon	hmcl	3356
			carpetgui	地毯GUI	CarpetGUI	hmcl	26238
			carpetplus	ohhapple的CarpetPlus地毯拓展包	CarpetPlus	hmcl	25713
			casks	桶	Casks	hmcl	23736
			casual_bows	随意弓	Casual Bows	hmcl	5203
			casual_copy	随心拓印	CasualCopy	hmcl	28521
			cataclysm_era	灾变纪元	Cataclysm Era	hmcl	27211
			catinbucket	桶中猫猫	Cat in Bucket	hmcl	7176
			cauldronfix	炼药锅修复	Cauldron Fix	hmcl	11794
			cauldronfix	铁锅工艺	Cauldronfix	hmcl	18428
			cbc_compact_mount	机械动力火炮：紧凑式炮座	CBC: Compact Mount	hmcl	24988
			cbc_phantom_shells	机械动力火炮：幻影炮弹	CBC Phantom Shells	hmcl	24902
			cbc_terminal_ballistics	机械动力火炮：终端弹道学	CBC: Terminal Ballistics	hmcl	28298
			cbcperipheral	机械动力火炮：CC外设	Create Big Cannons: Peripherals	hmcl	27482
			cbrecorder	命令方块日志记录	CBRecorder	hmcl	16883
			cc2001_floo_powder	飞路粉	Floo Powder	hmcl	6502
			ccexpand_peripherals	CC拓展外设	CCExpand Peripherals	hmcl	25242
			cci	仅客户端创造模式背包	ClientCreativeInventory	hmcl	17882
			ccoins	贸易学：货币	Catallactics: Coins	hmcl	20567
			ccs	撞车	CarCrash	hmcl	17227
			cdi	自定义伤害免疫	Custom Damage Immunity	hmcl	4191
			celebrations	欢庆	Celebrations	hmcl	11911
			celestial_weapon	星月装备	Celestial Equipments	hmcl	13605
			cesium	铯	Cesium Storage Format	hmcl	12637
			cf	铁锅工艺	Cauldronfix	hmcl	18428
			cfarmersint	方块宝可梦乐事	Cobblemon Delights	hmcl	11294
			cfmadd	MrCrayfish 的家具模组附加	MrCrayfish's Furniture Mod Additional	hmcl	7528
			cfms	子文件夹Mod扫描器	Child Folder Mod Scanner	hmcl	17385
			cg	运算变速	ChangeGear	hmcl	15723
			cgmenchant	CGM附魔兼容	CGMEnchantmentAddon	hmcl	28673
			cgmfix	CGM修复	CGMFix	hmcl	14165
			chainimprove	锁链强化	ChainImprove	hmcl	13097
			chaintogether	链在一起	ChainTogether	hmcl	24268
			chair	原版椅子	Vanilla Chair	hmcl	3859
			chang_sheng_jue	中式内容		hmcl	16355
			channelchat	聊天频道	ChannelChat	hmcl	24243
			chaoswither	混沌凋灵	Chaos Wither	hmcl	2323
			chaosworld	混沌世界	Chaos World	hmcl	11114
			chat_bar_time_display	聊天栏时间显示 (TeamPancake 版)	When Was That Again（TeamPancke）	hmcl	12232
			chatai	AI聊天	AI Chat	hmcl	21501
			chatcopier	聊天复制	Chat Copier	hmcl	9521
			chatheadsYG	聊天头像	Chat Heads YG	hmcl	17854
			chatlined	聊天消息换行	ChatLined	hmcl	27741
			chatpurity	聊天过滤	ChatPurity	hmcl	24956
			chatremindermod	聊天提醒	Chat Reminder Mod	hmcl	19636
			chatscreen	聊天屏幕	Chat Screen	hmcl	23014
			chattranslator	AI聊天翻译	Chat Al Translator	hmcl	28341
			cheapersmithtemplate	更便宜的锻造模板	Cheaper Smith Template	hmcl	9119
			cheat_ban	无盐:创造毁灭者	No More Salt:Cheat Ban	hmcl	2702
			cheesing_death	欺骗死亡	Cheesing Death	hmcl	13822
			chems_eco	Chem的生态	Chem's Eco	hmcl	12613
			cherrytinker	樱桃工匠	Cherry Tinker	hmcl	17324
			chesspvp	车万女仆：棋圣	Chess PVP	hmcl	26808
			chestlooteditor	自定义箱子战利品	ChestLootEditor	hmcl	24548
			chickenbeautiful	鸡你太美	ChickenBeautiful	hmcl	21461
			chihaya_anno	MyGO!!!!!：千早爱音的前置装甲方案	Chihaya Anno's steel sheet	hmcl	18591
			child-folder-mods-scaner	子文件夹Mod扫描器	child folder mods scaner	hmcl	5353
			chillrainrandomideas	ChillRain随想	Chill_Rain Random Ideas	hmcl	24542
			chinacraft	华夏文明2Fabric版	ChinaCraft for Fabric	hmcl	9108
			chinawarecraft	瓷器工艺	Chinaware Craft	hmcl	8589
			chinese_charactoers_survival	汉字生存	Chinese Characters Survival	hmcl	6572
			chinese_chest	语文战利品	ChineseChest	hmcl	20412
			chiseled-enchanting-table	纂刻附魔台—社区版	Chiseled Enchanting Table—Unofficial Port	hmcl	28357
			chislate	锲石	Chislate	hmcl	27432
			chp	自定义准星补丁	Custom Crosshair Core Patch	hmcl	12069
			chromeball	土球	ChromeBall	hmcl	2984
			chromeballplus	土球：扩展	ChromeBall++	hmcl	25132
			chronograph	计时仪	Chronograph	hmcl	23164
			chuansong	传送纸	end pearl	hmcl	17798
			chunk-debug	区块调试	ChunkDebug	hmcl	24411
			chunk_export	区块资源导出	Chunk Export	hmcl	9648
			ci	引雷物品	ChannelingItem	hmcl	15782
			citycraft	城市工艺	City Craft	hmcl	7711
			civilizationswars	三体工业 (TeaCon预览版)	Civilizations Wars	hmcl	4442
			ciyuananticheat	次元反作弊	DimensionAntiCheat	hmcl	6578
			classiccaves	经典洞穴	Classic Caves	hmcl	23971
			classicfarlands	经典边境之地	Classic Farlands	hmcl	23872
			classification	分类仓库		hmcl	5684
			clay_smithing_template	黏土锻造模板	Clay Smithing Template	hmcl	10557
			cleanenergy	清洁能源	Clean Energy	hmcl	16473
			cleaner	我是小小清洁工	Cleaner	hmcl	18656
			clear_sword	清除剑	Clear Sword	hmcl	22413
			cleardrops	清道夫	ClearDrops	hmcl	22244
			cli	物品分类器	Classifier for Items	hmcl	1851
			clientexport	客户端数据导出	Client Export Helper	hmcl	22047
			clientflightmod	客户端飞行模组(Neo)Forge版	ClientFlightMod for (Neo)Forge	hmcl	28789
			clienttimeandweathercontrolmod	客户端时间与天气控制	ClientTimeAndWeatherControlMod	hmcl	21836
			clkx	翠翎恐蕈	Jadeplume Terrorshroom	hmcl	14557
			cllb	区块渲染距离突破	ChunkLoadingLimitBreached	hmcl	14153
			cloudbackup	云备份	CloudBackup	hmcl	11145
			cloudcontrol	可控制的云	Cloud Control	hmcl	1073
			cloudmusic	云音乐	CloudMusic	hmcl	8607
			cloudmusicroom	云音乐房间 / 服内一起听音乐与点歌	CloudMusicRoom	hmcl	18241
			clover	四叶草	Clover	hmcl	6850
			clover	四叶草Fabric版	Clover Fabric	hmcl	15861
			clover	粥粥杰的三叶草	zhoujclover	hmcl	15871
			cm_r2d	图形接口	Graphics Interface	hmcl	6334
			cma	地毯-MCT拓展	Carpet MCT Addition	hmcl	7401
			cmd_bansaying_scb	计分板禁言管理器	Minecraft Command Speech Manager	hmcl	13024
			cme_suck_my_duck	并发修改什么的不要鸭	CME is Bad	hmcl	17502
			cml	自定义模组列表	CustomModList	hmcl	17823
			cng	自定义NBT枪械	Custom NBT Gun	hmcl	9127
			cni	自定义NPC-拓展物品	CustomNpc Item	hmcl	11958
			cnpcbag	CNPC商户扣款精妙背包	CNPC Sophisticated Backpacks	hmcl	27733
			cnpccurios	CNPC可穿戴饰品	CNPC Curios API	hmcl	27817
			cnpcmmdskin	CNPC兼容Mmd模型加载	CNPCMmdSkin	hmcl	27790
			cobblemon---lucky-block	宝可梦幸运方块	Cobblemon Lucky Block	hmcl	25516
			cobblemon_jei_integration	方可梦战利品信息	Cobblemon JEI Integration	hmcl	23322
			codeovencore	火炉核心	CodeOvenCore	hmcl	8543
			codmodern	COD击杀信息显示	COD Modern Warfare Information	hmcl	19519
			coin	金币	Coin	hmcl	8584
			cointoshop	消费了！	Coin To Shop	hmcl	25060
			collect-emerald	聚灵石	Collect Emerald	hmcl	18717
			collision	粒子碰撞	Collision	hmcl	3224
			colorblockmc	给你点颜色瞧瞧	Colorful Blcoks	hmcl	28830
			colourfulsurvivalmod	多姿多彩的生存	Colourful Survival Mod	hmcl	426
			combatdepot	作战仓库	Combat Depot	hmcl	17836
			combatmodethirdperson	战斗模式第三人称	CombatModeThirdPerson	hmcl	19231
			combined_dynamic	复合动力	Combined Dynamic	hmcl	11403
			combp	指令向后移植	Command Backport	hmcl	21644
			commandconfigurator	命令配置器	Command Configurator	hmcl	18936
			commandsceptre	命令方块权杖	Command Sceptre	hmcl	13205
			commandwithfmplaceholder	命令与FancyMenu占位符	Command Operation & FM Placeholder Expand	hmcl	28532
			compact-chat	紧凑聊天	Compact Chat	hmcl	6595
			compactchat	紧凑聊天	Compact Chat	hmcl	6595
			compactkineticgenerators	压缩动能发电机	Compact Kinetic Generators	hmcl	24291
			compactkineticgenerators	压缩风电阵列	Compact Windmills	hmcl	69
			compactmachinesinfinite	压缩空间：无限	Compact Machines: Infinite	hmcl	13593
			compatlib	旧版本兼容工具	LegacyCompatibilityUtils / CompatLib	hmcl	14969
			composter_tweaks	堆肥桶微调	Composter Tweaks	hmcl	7230
			compromise	折衷	Compromise	hmcl	10539
			concentration	专注	Concentration	hmcl	14982
			config-manager	设置管理器	Config Manager	hmcl	21514
			config_opener	万能配置钥匙	ConfigOpener	hmcl	21592
			configurable-firework-explosion	可配置的烟花爆炸	Configurable Firework Explosion	hmcl	9255
			confirmed	我已确认并知晓执行此命令的风险 ☑️	I'm confirmed!	hmcl	24869
			connect	以连结缘	Connect	hmcl	19634
			conranel	卡莱内尔	Conranel	hmcl	4100
			construction_blueprint	施工图纸		hmcl	27856
			containerindexer	箱柜索引	Container Indexer	hmcl	27128
			contigency_contract	轻量合约	Contigency Contract Lite	hmcl	19020
			contigency_shop	轻量兑换所	Exchange Site Lite	hmcl	19178
			contingameimesuper	游戏内输入法Super	ContingameIMESuper	hmcl	16902
			convenient_malum	更方便的灵灾	Convenient Malum	hmcl	22388
			cookie	超级曲奇	SuperCookie	hmcl	7655
			coordinate-manager	坐标管理器	Coordinate Manager	hmcl	23891
			coords-hud	坐标 HUD	Coords HUD	hmcl	22011
			copper_and_crystal	铜与晶	Copper And Crystal	hmcl	5908
			copperandcystalforfabric	铜与晶：Fabric		hmcl	10773
			copyblock	复制方块	Copy Block	hmcl	25181
			copypos	鼠标指向复制坐标	CopyPos	hmcl	25426
			cor	连点器	Connector	hmcl	13314
			core_plants	矿石种子	Core Plants	hmcl	24761
			coreextensions-food-api	核心拓展-食物	Coreextensions-Food-API	hmcl	12971
			cot_complement	Cot补充	Cot Complement	hmcl	18931
			cp	自定义Ping	CustomPing	hmcl	14107
			cpd	聊天框坐标显示	ChatPositionDisplay	hmcl	16684
			cpp	更多的合成	Crafting++	hmcl	1297
			craft_slime_fabric	制作黏液球	Craft Slime Fabric	hmcl	16661
			craftablereinforceddeepslate	可合成的强化深板岩	Craftable Reinforced Deepslate	hmcl	9946
			craftaudit	方块审计	CraftAudit	hmcl	22245
			craftguide	G键合成表-MITE	CraftGuide-MITE	hmcl	15091
			crafttweakersync	CT脚本同步	CraftTweakerSync	hmcl	2315
			craid	自定义袭击	Custom Raid	hmcl	4881
			create_blueprint_tweaks	机械动力蓝图微调	Blueprint Tweaks: A Create Addon	hmcl	19334
			create_bus	机械动力: 总线	Create: Bus	hmcl	26957
			create_digitaltwin	机械动力：虚实传动	Create: Digital Twin	hmcl	28264
			create_dragon_lib	机械龙库	Create Dragon Lib	hmcl	9136
			create_dynamic_blocking	机械动力：动态闭塞		hmcl	25232
			create_empty_package	机械动力：空包裹飞越	Create: Empty Packages Fly	hmcl	28827
			create_ergonomic	Create：实用功能	Create: Ergonomic	hmcl	23998
			create_labor	机械动力 ：村民劳工	Create Villager Labor	hmcl	28198
			create_optical	机械动力：光学 (Fabric)	Create Optical Fabric	hmcl	24620
			create_parachute	机械动力：降落伞	Create: Parachute	hmcl	27339
			create_pocket_factory	机械动力：口袋工厂	Create: Pocket Factory	hmcl	27488
			create_versatile_gearbox	机械动力：多功能传动箱	Create Versatile Gearbox	hmcl	27332
			create_vibrant_vaults	机械动力：炫彩金库	Create: Vibrant Vaults	hmcl	15749
			createcafe	机械动力：咖啡馆 非官方分支	Create Cafe Unofficial Version	hmcl	23349
			createenchant	机械动力：附魔附加	Create Enchant Additions	hmcl	9477
			createmetalogistics	机械动力：元物流	Create: Meta Logistics	hmcl	23000
			createplus	CreatePlus1.19分支		hmcl	8932
			createplus	创造Plus	CreativePlus	hmcl	18652
			createtreadmill	机械动力：跑步机	Create:Treadmill	hmcl	21458
			creativemouseclick	创造模式鼠标中键	Creative Mouse Click	hmcl	27157
			creeper-fire-charge-fix	苦力怕火焰弹修复	Creeper Fire Charge Fix	hmcl	8377
			creepersneeze	苦力怕喷嚏	CreeperSneeze	hmcl	10069
			cregtech	克瑞科技	CregTech	hmcl	10032
			cregtech	克瑞科技重制版 / 科雷格科技	CregTech Remake	hmcl	10951
			criticalsweep	横扫暴击	CriticalSweep	hmcl	26704
			crndisplaynext	机械动力：铁路导航 本地化扩展	CRN Display Native Extended	hmcl	27355
			crossgamemod	跨游戏互通	CrossingMod	hmcl	22073
			crosshairhider	隐藏准星	Crosshair Hider	hmcl	24008
			crosshairpatch	自定义准星补丁	Custom Crosshair Core Patch	hmcl	12069
			crystal_craft_2	水晶工艺2	Crystal Craft 2	hmcl	8874
			crystal_two	晶体2		hmcl	3683
			crystaldream	晶彩梦艺	Crystal Dream	hmcl	16266
			cs	自定义树苗	CustomSapling	hmcl	18891
			csdytinker	魔法少女的匠魂词条库	Csdy Tinker	hmcl	13931
			csgobox	CS2 开箱	CS2 Box	hmcl	28385
			csms	自定义望远镜覆盖层	CustomSpyglassMagnificationOverlay	hmcl	16309
			ct	运算变速	CustomTimer	hmcl	13959
			ctapi	寰缔科技API	CraftTech-API	hmcl	11032
			cthulhu_mythos	克苏鲁世界	Cthulhu Mythos	hmcl	4902
			ctrl	热加载合成表	CraftTweakerReload	hmcl	3326
			cubeshin	方之提瓦特	Cubeshin Impact	hmcl	5042
			cubist_texture	立体化纹理	Cubist Texture	hmcl	6335
			curioattribute	饰品属性	CurioAttribute	hmcl	13043
			curseplus	诅咒+	Curse+	hmcl	8524
			cursor_backport	光标样式回植	Cursor Backport	hmcl	26194
			cushop	贸易学：通用商店	Catallactics: Universal Shop	hmcl	16925
			custom_boss_bar	自定义BOSS血条	Custom BOSS Bar	hmcl	14164
			custom_flags	自定义旗帜	Custom Flags	hmcl	172
			custom_shutdown	自选关机	Custom Shutdown	hmcl	23142
			custom_villager_cure	自定义村民治愈	Custom Villager Cure	hmcl	19908
			customanvilrenameable	自定义铁砧改名权	CustomAnvilRenameable	hmcl	22361
			custombuki	自定义武器	Custombuki	hmcl	2755
			customcoins	自定义硬币	Custom Coins	hmcl	19536
			customcrosshairmod	自定义准星：彼梦版	Custom Crosshair Mod ArchiDreamZ Edition	hmcl	10464
			customenchanttable	自定义附魔台	CustomEnchantTable	hmcl	3260
			customevents	自定义事件	Custom Events	hmcl	2283
			customgui	自定义 GUI	Custom GUI	hmcl	11796
			customitemprojectile	自定义简单物品投掷物	CustomItemProjectileForKubejs	hmcl	14965
			custommc	自定义MC	CustomMc	hmcl	882
			customnpcsfix	自定义NPC补丁	CustomNPCsFix	hmcl	2357
			customportalapi	自定义传送门 API	Custom Portal Api	hmcl	15391
			customsteve	自定义史蒂夫	CustomSteve	hmcl	672
			customtrees	自定义树木	Custom Trees	hmcl	2050
			customvirtualvein	虚拟矿脉	Custom Virtual Vein	hmcl	24544
			cutomslashblade	自定义拔刀剑	Custom Slash Blade	hmcl	21295
			cwm	卡通武器	Shadow's Cartoon Weapons/Cartoon Weapons	hmcl	18635
			cyclones	气旋	Cyclones	hmcl	10198
			cypress	篝火：侧柏	Campfire Occupation: Cypress	hmcl	11902
			da	诡梦	DreamAchievement	hmcl	5279
			dabaosword	大宝刀	DabaoSword	hmcl	14332
			daedalus	代达罗斯附魔	DaedalusEnchantments	hmcl	23633
			damage	自定义伤害	Custom Damage	hmcl	8873
			damage-engine	伤害引擎	Damage Engine	hmcl	24810
			damagemark	命中反馈	Damage Mark	hmcl	9512
			damp	受潮：升级版	Damp: Upgraded	hmcl	8538
			danmaku	弹幕姬	Danmaku	hmcl	7330
			dao_za_vanillaplus	稻砸原版增强	Dao_Za_Vanillaplus(New:Daozcraft)	hmcl	2052
			daolv	道侣	DaoLv	hmcl	27198
			darkrpg	黑暗 RPG：重生	DarkRPG: REBORN	hmcl	8390
			darksword	黑暗剑	Darksword	hmcl	1115
			darky_time	暗魔光阴 / 黑暗时光	Darkytime	hmcl	5717
			dartcraft	达特工艺	DartCraft	hmcl	153
			dataexp	NBT数据导出	NBT Data Exporter	hmcl	9061
			datapackloaderrorfix	数据包加载错误修复	Datapack Load Error Fix	hmcl	10026
			dawnbus	黎明仓	DawnBus	hmcl	28426
			dayshower	日期显示	Dayshower	hmcl	13155
			dbcmobends	龙珠更多弯曲	DBCMoBends	hmcl	15621
			dc	简单交互性装饰模型支持库	Deco Creater kit	hmcl	14646
			death_animations_mr	死亡动画	Death Animations	hmcl	26830
			death_note	死亡笔记	Death Note	hmcl	22513
			deathchestreproduce	死亡箱子再现	Death Chest Reproduce	hmcl	12791
			deathcost	死亡惩罚	Death Cost	hmcl	17758
			deathflashback	死亡回溯	Death Flashback	hmcl	6304
			deathinterface	独特的死亡界面	UniqueDeathInterface	hmcl	8052
			deathrewind	死亡回溯	Death Rewind	hmcl	25933
			deathrollback	死亡回滚	DeathRollback	hmcl	27570
			deathswap	橘子的死亡交换	OrangeDeathSwap	hmcl	7254
			decay	变质	Decay	hmcl	6495
			decaylib	腐烂	DecayLib	hmcl	28724
			decorativeblock	颜色方块	MoreColorsquare	hmcl	13251
			deep_dark_layer	深暗层	Deep dark layer	hmcl	4133
			deepseekassistant	游戏内置人工智能	DeepSeek Assistant	hmcl	27408
			deepseekchat	接入DeepSeek	MineDeepSeekChat	hmcl	19217
			deepseeksenchant	DeepSeek的附魔	DeepSeek's Enchant	hmcl	20753
			defender	幽法工艺	Underworld Magic Craftsmanship	hmcl	14123
			defendking	保卫国王	Defend The King	hmcl	21716
			delicate_little_garbage	精致小垃圾	Delicate Little Garbage	hmcl	23761
			delightful_tinkers	工匠乐事	Delightful Tinkers	hmcl	8213
			desert_reclamation	沙漠治理	Desert Reclamation	hmcl	21663
			despairbook	魔女论破	DespairBook	hmcl	22813
			detravscannermod	格雷科技矿脉定位器	GTVeinLocator	hmcl	762
			deus_ex__npcs_little_pack	杀出重围	Deus Ex Minecraft's Conspiracy	hmcl	18382
			devops	冒险岛	Maple Story	hmcl	3323
			dfl	数据包函数支持库	datapack function library	hmcl	17244
			did	迷宫饭	Delicious In Dungeon	hmcl	14524
			diet	简易营养均衡	Simple-Diet	hmcl	10341
			dietaryreform	生活调味料：西瓜版	Spice of Life: Watermelon	hmcl	22871
			diexvcreeper	Diexv苦力怕	DiexvCreeper	hmcl	24204
			difficult_minecraft	困难的Minecraft	Difficult Minecraft	hmcl	3552
			difficulty	困难	Difficulty	hmcl	7266
			difficultytweak	难度调整	Difficulty Tweak	hmcl	14964
			digcooldown	挖掘冷却控制	DigCoolDown	hmcl	20252
			digging_leaderboard	Minecraft 挖掘榜	Minecraft Digging Leaderboard	hmcl	25117
			dimension_weapons_thereset	次元装备重置	Dimension Weapons theReset	hmcl	4866
			dimensionalcontrol	维度控制	Dimensional Control	hmcl	1527
			dimensiontickrate	维度Tickrate	Dimension Tickrate	hmcl	27546
			dimthread	世界多线程化	DimensionalThreading	hmcl	3698
			dine	动态NBT编辑器	Dynamic In-Game NBT Editor	hmcl	22220
			dininghall	食堂	Dining Hall	hmcl	11709
			dip	伤害显示兼容	Damage Indicators Patch	hmcl	10107
			dirtcraftremade	泥土工艺：重铸	DirtCraft: Remade	hmcl	21801
			dirty_craft	泥土的工艺	DirtyCraft	hmcl	22621
			disable-composter	禁用堆肥桶	Disable Composter	hmcl	20408
			disable_report_button	禁用举报按钮	Disable Report Button	hmcl	7530
			disabletab	禁止私聊	Disable Tab Mod	hmcl	22877
			disastercraft	灾难后的世界	Disaster Craft	hmcl	5027
			discjockey	碟机	Disc Jockey	hmcl	12215
			disenchanter	祛魔	Disenchanter	hmcl	8564
			dispenspear	矛发射器	Dispenspear	hmcl	24520
			displaystand	物品展示台	Display Stand	hmcl	23841
			diyu_kuang	地狱矿		hmcl	18013
			djyy	对江邀月的现代生存模组	Djyy's morden survival mod	hmcl	9314
			djyy	建筑楼层批量复制	Bulk copy of building floor	hmcl	9140
			dlmc-id4-control_panel	大佬萌茶的快捷控制面板	Control Panel	hmcl	22432
			dlmc-id7-compatible_enchantments	附魔互相兼容/附魔不冲突	Compatible Enchantments	hmcl	17763
			dmp	装饰品合集 / 超多装饰世界	Decorations Mega Pack	hmcl	1298
			doglib	狗库	Dog Lib	hmcl	9736
			doll	吴氏玩偶	Wudoll	hmcl	21785
			don_it	戴它	Don it	hmcl	17427
			dongdongxiangyaodefasheqi	冬冬想要的发射器	dong dong want the launcher	hmcl	4199
			donotcuttingdyedreamblock	不要切削染梦合金块	DONOT Cutting Dyedream Block	hmcl	27792
			donothitme	好好挖矿，不要给我一镐子	DoNotHitMe	hmcl	14602
			dont_destroysuspiciousblocks_mr	不要破坏可疑的方块	Don't destroy Suspicious blocks	hmcl	11463
			dont_die	补药趋势啊！	Don't Die!	hmcl	20103
			dont_starve_to_deathreload	不要饿死重置版	Don't Strave To Death:Reload	hmcl	8089
			dontbetohigh	请不要爬的太高	Don't Be Too High	hmcl	19243
			dontshareftbq	FTB任务不共享	Don't Share FTBQ	hmcl	27761
			dontsneakprogress	偷跑禁止	DontSneakProgress	hmcl	16733
			dontstarvereborn	不要饿死：重生	Don't Starve: Reborn	hmcl	6144
			doom_sg	肩部装备	DOOM SG	hmcl	27896
			doraemon_props	哆啦A梦的小道具	Doraemon's Props	hmcl	4437
			doubancraft	豆瓣工艺	DouBan Craft	hmcl	3867
			doublejump	二段跳	DoubleJump	hmcl	28563
			dr	受潮：重生	DampReborn	hmcl	16446
			dr	药水注入	Drugged	hmcl	14091
			dragicland	老猎人	The Elder Hunter	hmcl	13985
			dragon_survival_fix	龙之生存综合修复		hmcl	15442
			dragonfruit	火龙果	DragonFruit	hmcl	27707
			dragonnose	龙鼻子	DragonNose	hmcl	20654
			dragonrealm	魔戒之龙	LOTR Dragon	hmcl	13495
			draw_arrows	拔箭	Draw Arrows	hmcl	17301
			drceph.petrogen	石油发电机	Petroleum Generator	hmcl	22272
			dream-stone	梦之石	Dream Stone	hmcl	22366
			dream_core_decoration	梦核装饰	Dream core decoration	hmcl	15363
			dream_enchantment	梦之咒	Dream Enchantment	hmcl	22516
			dream_sakura	梦之樱	Dream Sakura	hmcl	24181
			dream_stone	梦之石	Dream Stone	hmcl	22366
			dreamer	空想家	Dreamer	hmcl	2887
			dreamland	梦幻幽境	Dreamland	hmcl	6771
			dreamland	虚幻梦境	Dreamland	hmcl	8973
			drg	叶压地株	Don't Render Grass	hmcl	15978
			drift_sand	流沙	Drift Sand	hmcl	7207
			drinksaddons	饮品追加	Drinks Addons	hmcl	4603
			dropfoodafterdied	殪焉掉则	Drop Food After Died	hmcl	13262
			drtech	Dr科技	DrTech	hmcl	13482
			ds4	不要饿死4：重生	Don't Starve 4: Reborn	hmcl	22012
			dsurround	动态环境：玩家效果-非官方	DynamicSurroundingsPlayerEffect-Unofficia	hmcl	27367
			dt	数据包工具	Data Tools	hmcl	16303
			dtbe	不要饿死基岩版	Don't Starve Bedrock Edition	hmcl	9416
			dual_weapon_combat	双持战斗		hmcl	16481
			dual_weapon_combat_append	双持战斗扩展		hmcl	16675
			ducktech	矿物追加	Mineral Addition	hmcl	19581
			dungeonpack	地牢拓展	DungeonPack	hmcl	195
			dunxia-shifei	下蹲堆肥 Mod 版	Real Compost Mod	hmcl	21437
			duocaoweiliuti	现代工业化多槽位流体仓扩展	Multi Fluid Hatches	hmcl	26242
			durability-fixer	耐久修复器	Durability Fixer	hmcl	27246
			durabilityviewer	耐久指示器更新版	Durability Viewer Updated	hmcl	10858
			durabilityviewer	耐久指示器：延续	Durability Viewer Continuation	hmcl	22409
			dydanmaku	抖音弹幕获取	DyDanmaku	hmcl	17853
			dynamic	科能工程1	Technical Engineering 1	hmcl	3544
			dynamic-day-time	动态时间	Dynamic Day Time	hmcl	19765
			dynamic_difficulty	动态难度	Dynamic Difficulty	hmcl	11267
			dynamic_watermark	动态水印	DynamicWatermark	hmcl	17052
			dyntranslation	动态翻译	DynTranslation	hmcl	2387
			eab_fast_food	E&B的简单快餐	E&B's Simple Fast Food	hmcl	28262
			early-loading-screen	Forge 加载屏幕移植	(Neo)Forge Early Loading Screen for Fabric	hmcl	16687
			earthworks	土方工程	Earthworks	hmcl	1508
			easier_mc	更简单的MC	Easier MC	hmcl	17462
			easy_gun	简易枪械	Easy Gun	hmcl	6470
			easy_player_action_monitor	简易玩家行为日志	EasyPlayerActionMonitor	hmcl	21284
			easycommand	简单指令	EasyCommand	hmcl	28349
			easycreate	简易机械动力	Easy Create Supplement	hmcl	26693
			easydims	简单维度		hmcl	19641
			easyice	简单冰块	EasyIce	hmcl	20621
			easylogin	简易登录	EasyLogin	hmcl	24828
			easyplacefix	轻松放置修复	EasyPlaceFix	hmcl	16316
			easytochange	简易获取注册名	EasyToChange	hmcl	16098
			easytp	便捷传送	EasyTp	hmcl	23881
			eatalways	一直吃	EatAlways	hmcl	22517
			eattoomuch	吃太饱了！	Eat Too Much!	hmcl	7586
			ecm	滨蜀的匠魂工具附加		hmcl	10673
			ecohelper	经济小助手	EcoHelper	hmcl	9280
			ee	等价交换	Equivalent Exchange	hmcl	2808
			eeemod	咏e	eeemod	hmcl	7222
			ef_irp	史诗战斗：渲染调整	EpicFight:ItemRenderPatcher	hmcl	15096
			effect_export	药水状态效果导出	Effect Export	hmcl	10000
			effectlivingdead	行尸走肉	Effect Living Dead	hmcl	21203
			eftlm	史诗战斗：车万女仆	EpicFight：TouhouLittleMaid	hmcl	26686
			eftlm_wom	史诗战斗车万女仆：奇迹武器扩展	EFTLM_WeaponOfMiracl	hmcl	27846
			egafixer	附魔金苹果修复	Enchanted Golden Apple Fixer	hmcl	22447
			eggtab	独立刷怪蛋列表：重生	Egg Tab Rebirth	hmcl	20212
			eightcuisine	八大菜系	Eight Cuisine	hmcl	4962
			ej2	史诗征程2	Epic Journey2	hmcl	2112
			ejectorplus	发射器Plus	Ejectorplus	hmcl	17726
			elainalike	魔女之绘	Elainalike	hmcl	8486
			elainalike	魔女之绘：重生	ElainalikeReborn	hmcl	14482
			elaphe_carinata	王锦蛇	Elaphe carinata	hmcl	19698
			elapse	箭不如飞	Hovering	hmcl	27539
			elb	附魔等级上限突破	EnchantmentLevelBreakthrough	hmcl	14214
			eldenmessage	谏言	Elden Message	hmcl	6354
			elder_tales	幻境神话	Elder Tales	hmcl	25958
			elementalenhancement	元素强化	Elemental Enhancement	hmcl	4874
			elementalsorcery	元素魔法	ElementalSorcery	hmcl	4946
			elementcore	元素核心	ElementCore	hmcl	1814
			elementtimes	元素时代	ElementTimes	hmcl	1398
			elephantfix	大象修复	Elephant Fix	hmcl	7863
			elixir	丹	Elixir	hmcl	26865
			elytra_booster	推进鞘翅	Elytra Booster	hmcl	4448
			elytrahud	鞘翅 HUD	Elytra HUD	hmcl	17486
			elytrahud3	鞘翅 HUD 3	ElytraHud3	hmcl	28573
			elytratrails	鞘翅尾迹	Elytra Trails	hmcl	28139
			email	邮箱	Inbox	hmcl	7649
			ember	余烬	Ember	hmcl	25016
			ember_top_and_waila	余烬高亮支持	Ember Top and Waila	hmcl	3990
			emberwither	灰烬凋零	EmberWither	hmcl	1402
			emc_adapter	EMC 配方适配器	EmcAdapter	hmcl	25744
			emc_customoretree	EMC 自定义矿石树	EMC Custom Ore Tree	hmcl	26092
			emc_more_charcoal_reborn	EMC更多木炭重生	EMC More Charcoal Reborn	hmcl	26082
			emcdurability	EMC 简单的耐久消耗	EmcDurability	hmcl	25561
			emcfluid	EMC 流体	EMC Fluid	hmcl	28167
			emeraldcraft	绿宝石工艺	EmeraldCraft	hmcl	25176
			emeraldmod	绿宝石 Mod	Emerald Mod	hmcl	293
			emergencystop	急停	Emergency Stop	hmcl	17117
			emosupertemplate	Emo的超级样板终端	Emo Super Template	hmcl	24215
			emotechtree	EMO科技树	EMCTechCore	hmcl	24506
			emptyhand	空手	Empty Hand	hmcl	28703
			ems	更多寂静材料	Extra Material Spieces	hmcl	5530
			enable-multiplayer	解锁多人游戏按钮	EnableMultiplayer	hmcl	10654
			enablecheats	开启作弊1.7.10	Enable Cheats 1.7.10	hmcl	22431
			ench-tog	附魔控制器	Enchantment Controller	hmcl	22824
			enchant-enhancemen	附魔增强	Enchant Enhancemen	hmcl	26308
			enchant-golden-apple-reborn	附魔金苹果重生	Enchant Golden Apple Reborn	hmcl	17662
			enchant-syringe	魔咒注入器	enchant syringe	hmcl	5554
			enchanted	更好的附魔		hmcl	18712
			enchantedJewelry	附魔饰品	EnchantedJewelry	hmcl	27542
			enchanteddisplay	附魔词条折叠	Enchanted Display	hmcl	27321
			enchanterpearl	附魔师宝珠	Enchanter Pearl	hmcl	16169
			enchanting	妙手偶得	Enchanting	hmcl	14463
			enchantmentdoesnotconflict	附魔不冲突	Enchantment Does Not Conflict	hmcl	20781
			enchantmentorigin	附魔来源	EnchantmentOrigin	hmcl	27544
			enchantseries	豆浆更多附魔	More Enchantments by Soybeani	hmcl	17922
			enchantview	附魔预览	EnchantView	hmcl	16128
			end-poem-extension	终末之诗扩展补丁	End Poem Extension	hmcl	10478
			end_poem_extension	终末之诗扩展补丁	End Poem Extension	hmcl	10478
			enderCraft	末影工艺	EnderCraft	hmcl	287
			ender_bags	末影袋	EnderBags: Continue	hmcl	20134
			ender_online	末影联机	Ender Online	hmcl	24532
			ender_random_creation	末影工艺	EnderRandomCreation	hmcl	17323
			endercore	末影核心非官方版	EnderCore Unofficial	hmcl	9979
			enderioaddons	末影接口拓展非官方版	EnderIOAddons-Unofficial	hmcl	23306
			endermanneutral	苦力怕中立	Creeper Neutral	hmcl	24564
			enderstimecontrol	Ender的时间控制	Ender's time control	hmcl	11603
			endersuitsmod	末影套装	Ender Suits	hmcl	24311
			endless	无尽	Endless	hmcl	20914
			endless_backrooms	无尽的后室	Endless Backrooms	hmcl	25989
			endless_cake	无尽的蛋糕	Endless Cake	hmcl	9042
			endofdays_re	终焉之日-重铸非官方修改版	End Of Days Re	hmcl	26332
			endpoemext	终末之诗扩展补丁	End Poem Extension	hmcl	10478
			energy_core	能源核心	Energy Core	hmcl	28842
			englishfight	英语战斗	EnglishFight	hmcl	20356
			englishsearch	英文搜索	EnglishSearch	hmcl	21706
			enhanced_monster	阶梯强化	Progressive Tiers	hmcl	25531
			enhancedpacketcompression	增强数据包压缩	Enhanced Packet Compression	hmcl	19306
			enigmaticdelicacy	神秘佳肴	Enigmatic Delicacy	hmcl	16752
			enigmaticlegacybreakinglimits	神秘遗物：超越界限	EnigmaticLegacy：BreakingLimits	hmcl	26788
			enigmaticlegacydivineprotection	神秘遗物：神眷赐衔	EnigmaticLegacy：DivineProtection	hmcl	26853
			entity_recycle_bin	实体回收站	Entity Recycle Bin	hmcl	25709
			entitybinder	生物束缚	EntityBinder	hmcl	23824
			entityglow	实体发光	Entity Glow (Backport)	hmcl	22832
			ep	实体保护	EntityProtection	hmcl	15113
			epflimitremover	魔咒保护系数上限解除器	EPF Limit Remover	hmcl	21997
			epic_journey	史诗征程	Epic Journey	hmcl	1811
			epicdragonfight	史诗战斗：萤眼订正	EpicFight DragonEye Fix	hmcl	13008
			epicfight_oldsolar	史诗战斗：旧版solar	EpicFight_oldsolar	hmcl	18019
			epicjourney	史诗征程2	Epic Journey2	hmcl	2112
			epimorphism	满同态核心	Epimorphism Core	hmcl	12710
			epr	额外玩家渲染Rift版	ExtraPlayerRenderer-Rift	hmcl	7287
			epw	本地鞘翅穿墙飞行	LocalElytraPenetratesWalls	hmcl	16951
			equipmenteffect	套装效果	Equipment Effect	hmcl	20593
			equipset	装备预设	EquipSet	hmcl	14150
			equipsuit	装备套装	EquipSuit	hmcl	9943
			er	原神-起源	Genshin_Elemental_Reaction	hmcl	4616
			er_bot	额外原神学	Ex_genshin_er_botonia	hmcl	5405
			erc	超级过山车	ExRollerCoaster	hmcl	2159
			erukabaubles	奇妙饰品	ErukaBaubles	hmcl	8652
			escape_assist_module_phase_1	蛊真人扩展蛊虫		hmcl	19881
			estop	急停按钮	E-stop	hmcl	21932
			etcw	外置传送窗口	ExternalTeleportCommandWindow	hmcl	16642
			eternal-firework-rocket	永恒烟花火箭	Eternal Firework Rocket	hmcl	24117
			eternalfrost	永恒的冰霜	Eternal Frost	hmcl	2241
			eternalpotioneffects	永恒物品药水效果	Eternal Potion Effects	hmcl	10714
			eternisstarrysky	星河传承	Eternis Starry Sky	hmcl	22013
			ether	以太	The Ether	hmcl	643
			eto	归寄之难	E-PCA to Ordeal	hmcl	25243
			etor	归寄之难	E-PCA to Ordeal	hmcl	25243
			etshtinker	乙硫基匠魂	C2H6S Tinker	hmcl	15532
			eventbenchmark	事件性能测试	EventBenchmark	hmcl	20233
			eventhelper	事件助手	EventHelper	hmcl	28554
			everlaartifacts	七叶镜绫的随想/言引定制	EverlaArtifacts	hmcl	24609
			everysingleday	每日运势	Every Single Day	hmcl	23882
			everything_hurts	万物坠落	All Falling Damage	hmcl	28777
			everythingisprojectile	万物皆可发射	Everything is Projectile	hmcl	27278
			evolution_upgrading	进化：升级	evolution:upgradings	hmcl	10772
			eww	边缘行走	EdgeWalk	hmcl	15449
			ex.invoker	祈雨三叉戟	Invoker Trident	hmcl	5020
			ex_enigmaticlegacy	神秘传说	EXEnigmaticlegacy	hmcl	17966
			exaid	假面骑士：艾克赛德	EX-AID	hmcl	21467
			exastrisrebirth	星辉生万物·重制	Ex Astris Rebirth	hmcl	902
			excalibur	契约胜利之剑	Excalibur	hmcl	20426
			exit-on-startup	一启动就退出	Exit On Startup	hmcl	19411
			exnihilodraconicextendo	无中生有：传承 - 龙之研究扩展	ExNihilo-Draconic-Extend	hmcl	14483
			exp	真实世界	ExPetrum	hmcl	1454
			exp1182	魔城传说·火了	Majou Burns Red	hmcl	7090
			exp_merge	经验合并		hmcl	17461
			exp_respawn	经验重生	ExpRespawn	hmcl	11081
			exp_shop	经验商店	Exp Shop	hmcl	8522
			expansion_and_enhancement	扩展与增强	Expansion And Enhancement	hmcl	7973
			expansion_of_building_materials	建材拓展	Expansion of Building Materials	hmcl	15829
			expansionpack	塔科夫式背包 / 格子背包	Expansion Pack	hmcl	24014
			exparticle	粒子扩展	ExParticle	hmcl	17493
			expbook	冒险经验书		hmcl	6707
			experience_book	经验存储书	Experience Book	hmcl	6938
			expired	过期食物	Expired Food	hmcl	27101
			explosiveenhancement	爆炸动画增强	Explosive Enhancement	hmcl	8654
			exprespawnrework	经验重生重制版	Exp Respawn Reworked	hmcl	22626
			exshapestairs	异形楼梯	ExShape Stairs	hmcl	10334
			exstellae	繁星之凝	Ex Stellae	hmcl	6461
			exstrangefood	更多奇怪的食物	ExStrangeFood	hmcl	6072
			exstrangefood2	更多奇怪的食物2	ExStrangeFood2	hmcl	8880
			extended	拓展	Extended	hmcl	3671
			extendedWorkbench	扩展工作台	Extended Workbench	hmcl	283
			extended_storage	拓展存储	Extended Storage	hmcl	27819
			extendednoteblock	扩展音符盒	Extended Note Block	hmcl	24723
			external_command	外部指令输入	External Command	hmcl	9641
			external_command	外部指令输入重制版	Re External Command	hmcl	20873
			extra-loot	额外战利品	Extra Loot	hmcl	13722
			extra_information_enchanted	额外附魔信息显示	extra information enchanted	hmcl	18723
			extrabotany	额外植物学拓展-超越套	ExtraBotany	hmcl	27346
			extracraft	附加工艺	ExtraCraft	hmcl	7139
			extraenchantments	额外附魔	Extra Enchantments	hmcl	5906
			extraium	私货妙妙工具	Extraium	hmcl	20403
			extraordinarytalisman	非凡符咒	Extraordinary Talisman	hmcl	27841
			extvil	扩展村庄	Extended Villages	hmcl	5097
			factorization	工厂化/因式分解	Factorization	hmcl	159
			fakeplayer	假人伙伴	FakePlayer	hmcl	27980
			fall-potion	摔落药水	Fall Potion	hmcl	27269
			falling_blocks	自定义重力方块	Custom Gravity Block	hmcl	7148
			fancyhealthbar	Fancy Health Bar：重生	Fancy Health Bar: Rebirth	hmcl	20211
			fangsu	方速MTR扩展	FangSu MTR Addon	hmcl	24878
			fangyu	防御工艺	DefenseCraft	hmcl	8134
			fanrenxiuxian	凡人修仙前置		hmcl	8578
			fantasycraftcomplements	幻想工艺：扩充	FantasyCraft Complements	hmcl	14891
			faqv	FAQ 村民!	FAQ Villagers!	hmcl	15878
			farmermisery	蟑螂乐事/农夫悲事	Roach's Delight/FarmerMisery	hmcl	21703
			farmland_plus	群峦附属：农田改进	TFC: FarmlandPlus	hmcl	13513
			fasb	配方追加-盐块	Recipe Addition - Salt Block	hmcl	13261
			fast	服从调剂	Inject	hmcl	23171
			fastcommand	Carpet指令降级	FastCommand Carpet	hmcl	18056
			fastitems	快速掉落物	Fast Items	hmcl	12136
			fatepath	命途	Fatepath	hmcl	28583
			favoriteitems	物品收藏	Favorite Items	hmcl	24019
			favourite_tags	食物标签	Favourite Tags	hmcl	4450
			fb	法棍	Baguette	hmcl	4789
			fc_railway	机械动力：轨道无限制	Free Creates Railway	hmcl	28629
			fd	未来装饰	FutureDecoration	hmcl	5890
			fd	永冻之地	The Forever Frozen	hmcl	7630
			fencejumper	越过栅栏	Fence Jumper	hmcl	1583
			fengx-skills-and-inheritance	Fengx的技艺与传承	Fengx Skills and Inheritance	hmcl	25887
			ff	快餐食物	FastFood	hmcl	3264
			fid_support	烟火凡人心-收割拓展		hmcl	21435
			field_medical_system	战地医疗系统	Field Medical System	hmcl	27758
			finaldragon	终湮龙神	Final Dragon	hmcl	18101
			findaway	寻找一条路	FindAway	hmcl	25013
			findmyblock	找到我的方块	FindMyBlock	hmcl	23832
			fire_track	烈焰轨迹	FireTrack	hmcl	9135
			fire_water	人间地狱	Fire Water	hmcl	21144
			firearmsavior	牢枪拯救者	FirearmSavior	hmcl	26883
			fireball-boom	仿布吉岛烈焰弹	Fireball Boom	hmcl	20102
			fireballgame	火焰弹魔法	Fireball Magic	hmcl	19911
			firecracker	年味	firecrackers/New Year TASTE	hmcl	5659
			firefly8	灯纟火	Xdi8Aho Mod	hmcl	7199
			fireframe	火焰框架	FireFrame	hmcl	9429
			firesafer	更安全的消防	Fire Safer	hmcl	6401
			firesource	火源	FireSource	hmcl	6598
			firewood	薪火	Firewood	hmcl	7049
			first_one_backpack	第一目标	First One Backpack Weight	hmcl	22257
			firststeps	初见	First Steps	hmcl	26516
			fisher	渔者的奇迹之肝	Fisher	hmcl	15725
			fishfish	钓🐟🐠	Fish 🐟🐠	hmcl	4242
			fishycreatestuffs	Yu的机械动力附属	Fishy Create Stuffs	hmcl	16549
			fisma	渔师与渔火	Fisma	hmcl	1724
			fiveminsurvival	MITE：重生	MITE:Reborn	hmcl	3288
			fix4log4j	Log4J修复补丁	Fix4Log4J	hmcl	5217
			fix_conflict_arclight	机械动力火车实体冲突修复	Fix Create Trains Conflict On Arclight	hmcl	12218
			fix_quark_3951	Quark3951号issue修复	FixQuark3951	hmcl	8198
			fixchatverify	无验证聊天	NoVerifyChat / FixChatVerify	hmcl	21852
			fixtconstructpickaxe	匠魂挖掘等级修复	FixTconstructPickaxe	hmcl	22448
			fixusername	用户名修复	FixUsername	hmcl	6597
			fj21r	强制 Java21：重生	ForceJava21 Reborn	hmcl	16715
			fjt	食物工程	foodproject	hmcl	4345
			fl	功能列表	FunctionList	hmcl	13941
			fl_flaming_fabric	火焰熊熊	Flaming	hmcl	8854
			fl_flaming_forge	火焰熊熊	Flaming	hmcl	8854
			flamereaction	焰色反应	Flame Reaction	hmcl	7285
			flammpfeil.extrascepterstaff	独角兽权杖	ExtraScepterStaff	hmcl	1124
			flammpfeil.fluorescentbar	荧光	FluorescentBar	hmcl	24432
			flammpfeil.murasamablade	千鹤村雨	MURASAMA Blade	hmcl	24428
			flammpfeil.nihil	似蛭	Nihil	hmcl	1592
			flammpfeil.slashblade	狐月刀改	FoxBlade Extra	hmcl	2960
			flammpfeil.slashblade.Kamuy	神威刀	Kamuy	hmcl	24424
			flammpfeil.slashblade.anvilenchant	铁砧附魔	AnvilEnchant	hmcl	24561
			flammpfeil.slashblade.blademaster	剑圣之刃	Blademaster	hmcl	24427
			flammpfeil.slashblade.catblade	刀界	Blade Bound	hmcl	25789
			flammpfeil.slashblade.darkraven	暗鸦	DarkRaven	hmcl	24431
			flammpfeil.slashblade.exsa	更多超强SA	SlashBlade-ExSA	hmcl	3557
			flammpfeil.slashblade.frostwolf	冰狼之刃	FrostWolf	hmcl	13936
			flammpfeil.slashblade.kirisaya	无神无刃	Kirisaya	hmcl	24423
			flammpfeil.slashblade.laemmle	幻魔炼金拵	Laemmle	hmcl	9966
			flammpfeil.slashblade.slasharts	刀之艺术	Slash Arts	hmcl	24425
			flammpfeil.slashblade.terra	大地之刃	TerraBlade	hmcl	24422
			flammpfeil.slashblade.wanderer	风来剑	Blade of Wanderer	hmcl	24426
			flammpfeil.slashblade.zephyr	西风太刀	Blade of the Zephyr	hmcl	1593
			flammpfeil.slashblade.zxsa	迷之刀技	AbbySA	hmcl	1100
			flammpfeil.slashbladewa	和风拔刀剑	SlashBladeWa	hmcl	24429
			flammpfeil.toyako	洞爷湖	Toyako	hmcl	1594
			flat_overworld	平坦的主世界	Flat Overworld	hmcl	25536
			flavor_immersed_daily	烟火凡人心	Flavor Immersed Daily	hmcl	15912
			fle	远陆时代2	Far Land Era2	hmcl	244
			flexible_arms	灵巧双手	Flexible Arms	hmcl	11335
			flexible_painting	灵活的画	Flexible Painting	hmcl	20776
			flexibletools	灵活的工具	Flexible Tools	hmcl	1526
			flighthud	FlightHUD玩家移植版		hmcl	11353
			flighthud	FlightHUD重置版	FlightHUD Reloaded	hmcl	10172
			floatingexcavation	浮空挖掘	FloatingExcavation	hmcl	24606
			floatmenu	服务器3D菜单	Float Menu	hmcl	24015
			fluid_shell_extensions	流体炮弹扩展	Fluid Shell Extensions	hmcl	25237
			flux_overdrive_ce	通量超驱：社区版	Flux Overdrive CE	hmcl	28021
			fly_apple	飞苹果	Fly Apple	hmcl	15297
			flyhigher	直上九霄	FlyHigher	hmcl	26748
			flyingcarpet	神奇飞毯	O's FlyingCarpet	hmcl	28054
			flymod	鞘翅跳	ElytraJump	hmcl	26041
			flysword	御剑飞行	Fly Sword	hmcl	1749
			fnrt	王抹布の火影忍者模组	FnrtMod	hmcl	10898
			followtheheart	随心起意	FollowTheHeart	hmcl	15285
			fontsfix	英文显示默认字体 / 字体修复	FontsFix	hmcl	152
			food_advancement	生活调味料：胡萝贝版	Spice of Life: Fabric Flavor	hmcl	21661
			foodex	原版食物拓展		hmcl	5439
			foodexpiry	食物保质期	Food Expiry	hmcl	25742
			foolish_datapack	笨蛋数据包		hmcl	17601
			forbid_sprinting_while_sneaking	禁止蹲跑	forbid sprinting while sneaking	hmcl	15284
			force-beacon-load	信标强制加载	Force Beacon Load	hmcl	21624
			forcebeaconloadforforge	信标强制加载Forge版	ForceBeaconLoadForForge	hmcl	24729
			forcecloseloadingscreen	强制关闭加载屏幕	kennytv's epic force close loading screen mod for fabric	hmcl	6105
			forever_love_sword	永爱之刃	ForeverLoveSword	hmcl	24002
			forge_tweak	已用得词	Forge Tweak	hmcl	13152
			forgematicatool	全息蓝图工具	Forgematica Tool	hmcl	22362
			forgivingmovecheck	仁慈的移动检查	ForgivingMoveCheck	hmcl	12465
			formula_addition	配方追加	Formula addition	hmcl	8120
			formula_additions_salt_block	配方追加-盐块	Recipe Addition - Salt Block	hmcl	13261
			fortyyears	四十年	Miyazaki Hayao Forty Years	hmcl	4440
			fot	摸金-核心	Fire Of Timeless	hmcl	23138
			foxcorefabric	狐狐核心	FoxCore	hmcl	13981
			foxcoreneoforge	狐狐核心	FoxCore	hmcl	13981
			fpsbio	第一人称射击生化房间	First Person Shooter Biological Warfare	hmcl	20243
			fpsplus	FPS优化Legacy Fabric版	FPS Plus Legacy Fabric	hmcl	8601
			fractal_coppery	分形铜艺	Fractal Coppery	hmcl	5431
			fractallightning	分形闪电	Fractal Lightning	hmcl	24583
			free-cushion-placement	自由的坐垫放置	Free Cushion Placement	hmcl	28862
			freelook	自由视角	FreeLook	hmcl	22439
			friendlypenetration	魔戒友军穿透	LOTR Friendly Penetration	hmcl	14726
			friendship	友谊	Friendship	hmcl	27390
			friendship_bracelet	友谊徽章	FriendshipBracelet	hmcl	17428
			frostrideable	宜驭冻足	FrostRideable	hmcl	10998
			fry	锻汝砧上重生	ForgeYourselfReborn	hmcl	19951
			ft	假货	FakeThings	hmcl	21671
			ftbcprotect	Ftb区块加强保护	FtbCProtect	hmcl	25097
			ftbmoney	FTB交易 延续版	FTB Money Legacy	hmcl	17558
			ftbultimine_indicator	连锁破坏指示器	FTB Ultimine Indicator	hmcl	19945
			fu_lu	符箓	FuLu	hmcl	25382
			fuck_particle	禁用粒子	Fuck Particle	hmcl	25175
			fuckcrafter	机械动力：解放合成器	Create: FuckCrafter	hmcl	23474
			fucklocatorbar	定位栏去死		hmcl	21752
			fuiofd	fuiofd的模组		hmcl	19173
			fuiofd_modb	fuiofd的模组		hmcl	19173
			fun_Item	豆浆你提我造	Soybean Fun Item	hmcl	19247
			function_math	数学函数	Math Function	hmcl	28505
			funnels	液体漏斗	Funnels	hmcl	1268
			funprops	趣味道具	Funprops	hmcl	20932
			furnace_xp_storage	熔炉经验存储	Furnace XP Storage Reforged	hmcl	18484
			furnitureplan	家具计划	FurniturePlan	hmcl	16524
			furry_bohe	兽薄荷	Furry Bohe	hmcl	19221
			fusion-smithing	融锻Forge版	Fusion Smithing-Forge	hmcl	20269
			fusion_smithing	融锻Forge版	Fusion Smithing-Forge	hmcl	20269
			futurecommands	未来指令	Future Commands	hmcl	14271
			futurepack_additions	飞向未来附加	Futurepack Additions	hmcl	8914
			fys	锻汝砧上	Forge Yourself	hmcl	11069
			fzsd	FZ生存数据包	FZ Survival Datapack	hmcl	11315
			ga	杀戮光环：枪械	GunAura	hmcl	16862
			gamaos_tactical_equipment	噶猫的战术装备	Gamao's Tactical Equipment	hmcl	17214
			game_of_reborn	复活赛	Game of Reborn	hmcl	18841
			gamebrowser	游戏内浏览器	In-game Browser	hmcl	4680
			gamemode	现代游戏模式选择器	Modern Gamemode Switcher	hmcl	10938
			garden_farming	园林耕作	Garden Farming	hmcl	22872
			gardens_delight	田园乐事	Garden's Delight	hmcl	12914
			gasterblaster	龙骨炮	gasterblaster	hmcl	2834
			gateofbabylon	王之财宝：无限版	Gate of Babylon：Infinity Editon	hmcl	13156
			gatewaylimiters	永恒之门放置限制	GatewaysPlacementLimiter	hmcl	26549
			gbr	枪战大逃杀	Gun Battle Royale	hmcl	9002
			gd656peek	GD656战术侧头	GD656Peek	hmcl	24452
			gdhcpf	更多原版合成配方	More Synthetic Recipes	hmcl	25179
			gdhcpf_fabric	更多原版合成配方	More Synthetic Recipes	hmcl	25179
			gdzb	更多装备	More Equipment	hmcl	3596
			gear_forge	hana的装备锻造工坊		hmcl	26941
			gemstoneengraving	宝石属性	GemAttribute	hmcl	24119
			gene_weapon	基因武器	Gene Weapon	hmcl	20413
			genshincraft	原的世界	Genshin Craft	hmcl	12041
			germplasm	种质工艺	Germplasm	hmcl	2831
			gespenst	幽灵	Gespenst	hmcl	4878
			gibby_dungeons	神秘RPG	Arcana RPG	hmcl	1057
			gift_from_the_black_dragon	黑龙赠礼	Gift From The Black Dragon	hmcl	8421
			giftcodemod	服务器兑换码	GiftCodeMod	hmcl	23683
			gilded	装备镶金	Gilded	hmcl	6234
			glass_armor	玻璃盔甲	Glass Armor	hmcl	26072
			glass_item_frame	透明物品展示框	Glass Item Frame	hmcl	18827
			glasshearts	玻璃心	GlassHearts	hmcl	1449
			glazed_dragon_sword	鎏龙之刃	GlazedDragonSword	hmcl	27401
			glbshop	全球商店		hmcl	11823
			global_stat_multiplier_mod_1782056699	怪物加强	Global Stat Multiplier Mod	hmcl	28227
			globalhealthmod	全局生物血量倍率	Global Mob Health Multiplier	hmcl	20058
			glowing_fire_glow	萤火微光	GlowingFireGlow	hmcl	12991
			glowmyblocks	光耀千万块	GowingBlockOutlines	hmcl	24269
			gly_can	GLY的罐头	GLYCan	hmcl	21094
			gm4_apple_trees	苹果树	Apple Trees	hmcl	15791
			gntz	功能拓展数据包		hmcl	16746
			go_shopping	购物同乐	With Shopping！	hmcl	9370
			god_metal	神之金属	God Metal	hmcl	4137
			godblessing	神佑	God Blessing	hmcl	2985
			godsenderpearl	上帝的末影珍珠	God's Ender Pearl	hmcl	6094
			godzillamod	哥斯拉	Godzilla	hmcl	720
			goety-apostle-fix	诡厄巫法内存修复	Goety Apostle Fix	hmcl	27423
			goetyarcana	诡厄巫法：奥妙	Goety：Arcana	hmcl	26989
			gofish	一起钓鱼吧！(Forge 版)	Go Fish Forge	hmcl	18441
			gokiskills	技能专精	GokiSkills	hmcl	18655
			golden_psalms	麦香狼田：金色诗篇	Wheatfield With Wolf：Golden Psalms	hmcl	13727
			goldtoucher	摸金	Gold Toucher	hmcl	4457
			goodmod	自动瞄准		hmcl	25051
			goooooooooood	命令方块在哪里？	Where is the command block?	hmcl	20611
			gptvillagemain	GPT智能对话村民	GPT Villager	hmcl	13011
			gravestonesfix	墓碑修复	Gravestones Fix	hmcl	23894
			greedy_piglin	贪婪的猪灵	Greedy Piglin	hmcl	6994
			gregcaves	格雷的洞穴	Greg Caves	hmcl	15424
			gregfood	格雷的食物	GregFood	hmcl	3672
			gregicality_kids	GCY：儿童快乐🎉	Gregicality Kids	hmcl	12268
			gregtech	格雷科技4	GregTech 4	hmcl	51
			gregtech	格雷科技6	GregTech 6	hmcl	455
			grimoireofpatchouli	帕秋莉的魔法书	Grimoire of Patchouli	hmcl	11925
			grinder_enhance	怪物磨床增强		hmcl	17871
			groove-theft-auto-ime	去你大爷的输入法	Groove Theft Auto-IME	hmcl	18091
			gss	给某人某物	Give Sb. Sth.	hmcl	17993
			gtb	附魔分解	Enchantment Dismantling	hmcl	17242
			gtcefe	GTCE/BC能源拓展	Gregic Power	hmcl	3317
			gtneioreplugin	格雷矿物NEI插件	GTNEIOrePlugin	hmcl	763
			gtocutcorners	万宁GTO	GTOCutCorners	hmcl	28251
			gtofast	GTO加速	GTOFast	hmcl	28598
			gtveinlocator	格雷科技矿脉定位器	GTVeinLocator	hmcl	762
			gtweapons	格雷武器扩展	GregTech WeaponWorks	hmcl	1247
			gucreative	蛊真人扩展	gucreative	hmcl	20171
			gugugu	GuGuGu的实用工具	GuGuGu Mod	hmcl	22696
			guide_to_afterlife	蝶火燎原	Guide to Afterlife	hmcl	14515
			guideme_starlight_patch	星光与AE2修复	GuideME Starlight Patch	hmcl	25539
			guioptimizer	UI缓存覆载	GUI Cache Reuse	hmcl	25953
			gunonhorse	TaCZ：马鞍上的武器	TaCZ:Gun on Horse	hmcl	20934
			gunpowder_overhaul	火药改革	Gunpowder Overhaul	hmcl	20034
			guuser	蛊真人工具箱		hmcl	28687
			guzhenren	蛊真人	guzhenren	hmcl	19099
			guzhenrenxindeshuxie	蛊真人心得书写模组	GuZhenRenXinDeShuXie	hmcl	22153
			gvcr2	游击队员vs突击队员2	GVCReversion2	hmcl	6813
			gzrex	蛊真人扩展		hmcl	19861
			gzrfj	蛊真人附加		hmcl	21167
			hallelugw	哈利路大旋风	Hallelu the Grand Whirlwind	hmcl	14586
			halocraft	光环	HaloCraft mod	hmcl	3630
			hamburger	老八秘制小汉堡	The Hamburger Of LaoBa	hmcl	2986
			hamster	仓鼠模组	Hamster Mod	hmcl	22866
			hamster_mod	仓鼠模组	Hamster Mod	hmcl	22866
			handofcats	猫之手	猫の手 ～Hand of Cats～	hmcl	413
			handycommands	奇妙命令	HandyCommands	hmcl	28555
			happy_cactus	欢乐仙人掌	Happy Cactus	hmcl	20761
			happypvp	快乐的PVP	Happy PVP	hmcl	1041
			hard_game	较为困难的合成	HardGame	hmcl	11344
			hardcodepatcher	硬编码文本补丁	HardcodePatcher / HardcodeTextPatcher	hmcl	9315
			hardcorerevive	极限模式复活	Hardcore Revive	hmcl	21441
			harmonytaxidermy	生物标本	Harmony Taxidermy	hmcl	27657
			harvest_delight	丰年乐景	Harvest Delight	hmcl	6786
			harvestwalker	丰收行者/秧余稻足	Harvest Walker	hmcl	12309
			hasok	格特斯幻想	Getesi Fantasy	hmcl	4798
			haw	简易传送	Home and Warp	hmcl	25189
			hbm_nwc	核废料工艺	Nuclear Waste Craft	hmcl	4886
			hbmaeaddon	以逸待整/汉	HBM-AEAddon	hmcl	16822
			hbmanvauto	自动砧	AutoAnvil For HBM-NTM	hmcl	11803
			hbmplus	HBM增强	hbmplus	hmcl	6081
			hbmqql	HBM NCO辐射兼容	HBMQOL	hmcl	13189
			hc_enchanted_food	附魔食物	Enchanted Food	hmcl	14647
			hcookbook	Havio的烹饪书	Havio's Cookbook	hmcl	8318
			hdykwd	你怎么知道我做了什么	How do you know what I done	hmcl	13971
			headshots	爆头	Headshots Mod	hmcl	20993
			headtap	铁砧工艺：敲你脑袋	AnvilCraft: HeadTap	hmcl	20521
			health_up	生命值增加	Health Up	hmcl	16099
			healthfix	治疗修复	HealthFix	hmcl	27227
			healthnanfix	假死修复：重织版	Health NaN Fix:Refabricated	hmcl	10264
			healthy_gamer	健康游戏助手	Healthy Gamer Protocol	hmcl	23981
			heartblade	心之所向	HeartBlade	hmcl	6417
			heartcanister	心之容器	Heart Canisters	hmcl	18885
			hearttogether	生命共享	HeartTogether	hmcl	28344
			heartwork	心血结晶	The Heartwork	hmcl	1034
			heatwaves	热浪	Heatwaves	hmcl	8493
			heefsgadget	heef的小玩意	Heef's Gadget	hmcl	24864
			heq	坚硬装备	HarderEquipments	hmcl	5523
			herowatch	守望先锋	HeroWatch	hmcl	896
			hetogteu	HeEu能源转换器	HeToGteu	hmcl	28209
			hexerei	坚硬装备	HarderEquipments	hmcl	5523
			hexkinetics	咒法动力学	HexKinetics	hmcl	10366
			hexresearch	咒法研究	Hex Research	hmcl	13158
			hexscroll	咒法学导出卷轴	Hex Scroll	hmcl	10766
			hextech_lib	海克斯	Hextech Lib	hmcl	23375
			hextweaks	咒法调整	HexTweaks	hmcl	10343
			hexxy-dimensions	咒法维度	Hexxy Dimensions	hmcl	12985
			hgwsspyglasses	Hgw的望远镜	Hgw's Spyglasses	hmcl	19592
			hgwsspyglasses	Hgw的望远镜-乙	Hgw's Spyglass-B	hmcl	19907
			hidden-world-border	隐藏的世界边界	Hidden World Border	hmcl	24297
			hiddendelight	隐藏乐事	Hidden Delight	hmcl	17905
			hiddenworldborder	隐藏的世界边界	Hidden World Border	hmcl	24297
			hideplayers	隐藏玩家	HidePlayers	hmcl	7267
			high-unrestricted	世界高度控制	World Altitude Contorl / High Unrestricted	hmcl	8117
			higher_nether	更高的下界	Higher Nether	hmcl	14669
			highly_toxic_water	水是剧毒的	Highly Toxic Water	hmcl	20939
			hikanamlora	机原萌铁	MoeRailwayOfCR	hmcl	11711
			him	冲撞	Collide	hmcl	25321
			hitokotomc	MC·一言API	HitokotoMC	hmcl	16449
			hive_collective	虫巢集群	Hive Collective‌	hmcl	27212
			hlgid	heef的轻量级游戏信息显示	Heef's Lightweight Game Information Display	hmcl	24844
			hltgo	单格水域垂钓 / 渔域单泽	Hook Let The Goods Out	hmcl	10662
			hmbmm	heef的模组行为监视模组	Heef's Module Behavior Monitoring Module	hmcl	24813
			hmc	heef的模组的核心	Heef's Mod Core	hmcl	24812
			hmyukari	YukariLib无害化	HarmlessYukari	hmcl	7926
			hnkinvention	奇妙发明	Wonderful Invention	hmcl	2929
			hoarding	囤积	Hoarding	hmcl	8741
			holk_bell	召集之钟	Hook Bell	hmcl	12304
			hollow_magic	空洞魔法	Hollow Magic	hmcl	7245
			holohud	全息终端	HoloHUD	hmcl	28613
			holoinventoryreloaded	物品显示/物品清单：重载版	HoloInventory-Reloaded	hmcl	24608
			homekit	居家套件	HomeKit furniture	hmcl	7255
			homemade_stand	自制替身	Homemade Stand	hmcl	25613
			homura_lifesteal_enchantment	Homura的吸血附魔	Homura Life Steal Enchantment	hmcl	24274
			homura_lightning_enchantment	Homura的闪电附魔	Homura Lightning Enchantment	hmcl	24273
			honeywave	金波	honeywave	hmcl	24871
			honghuang_xuixian	洪荒修仙	HongHuang XiuXian	hmcl	16676
			honkaiimpact	崩坏	Honkai Impact	hmcl	2872
			hook	钩爪	Hook	hmcl	27162
			hormone	激素农业	Hormone	hmcl	4361
			horn_plenty	丰收之角	Horn 'o' Plenty	hmcl	25848
			horodimensionweapons	次元装备	Horo's Dimension Weapons	hmcl	2248
			horror_video_tape	惊魂录像带	Horror Video Tape	hmcl	28686
			hotbarredirect	快捷栏路径配置	HotbarRedirect	hmcl	20532
			hourglass	沙漏	Hourglass	hmcl	7200
			howdareyouload	如果你在加载我就梆梆梆 / 你怎么敢加载的啊	IFMODLOADBOOM / HowDareYouLoad	hmcl	9540
			hr10	同床异梦	Bedual	hmcl	4948
			huaji	滑稽纪元	Huaji Age	hmcl	633
			hualai	花来！	HUALAI	hmcl	26601
			huazhou__chinese_armor	华胄	HuaZhou : Chinese Armor	hmcl	24442
			hugescreenshot	巨型截图	HugeScreenshotMod	hmcl	17248
			hundredforgedgod	百锻化神	HundredForgedGod	hmcl	25971
			hundun	混沌天道	Hundun	hmcl	26553
			hungrycolonies	饥饿殖民地	HungryColonies	hmcl	15781
			hurtfix	因为不怕痛所以不想让别人点防御啦[受伤修正]	HurtFix	hmcl	11703
			hv	良商	HappyVillagers	hmcl	20114
			hybridcreatures	我的世界杂交版	Hybrid Creatures	hmcl	17103
			hydrogen	氢	Hydrogen	hmcl	3406
			hydrogenation_tinker	氢化匠魂	HydrogenationTinker	hmcl	17537
			hydrometallurgy_copper	湿法冶金学	Hydrometallurgy	hmcl	20352
			hyjg_bag_extend_system	超大容量背包		hmcl	14684
			hyjg_custom_healthbar	原版-血条显示		hmcl	16443
			hyperdimensionaltech	超维度科技	Hyperdimensional Tech	hmcl	15385
			hzuc-mod	像素化-城建	Pixelated Urban Construction	hmcl	28091
			i_just_want_to_ruin_the_ceiling	我就是想开天窗	I Just Want to Ruin the Ceiling	hmcl	28182
			i_want_to_die_at_home	I want to die at home：重生！	I want to die at home: Rebirth!	hmcl	20191
			ianh	我不在这儿	I'm Not Here	hmcl	27156
			iblis_headshots	爆头击杀：一匠到底	Iblis Headshots tic	hmcl	13934
			ibs	虫蚀方块	InfestedBlocks	hmcl	14324
			ic2_120	工业时代2：重织	Industrial Craft 2 Refabricated	hmcl	26277
			ic2_money	真·工业货币	ICMoney	hmcl	2273
			icc	无限聊天字符长度	InfinityChat	hmcl	14303
			ice	冰简化-指令扩展简化		hmcl	21652
			ice_and_fire_and_wizardry	霜炙魔法	Ice,fire and wizardry	hmcl	4544
			iconr	图标渲染	IconRenderer	hmcl	6074
			icy	冰！！！	Icy!!!	hmcl	7233
			icycream	冰激凌	IcyCream	hmcl	3023
			icyharvest	霜凝采撷	IcyHarvest	hmcl	23157
			icylifetracker	霜迹	IcyLifeTracker	hmcl	23472
			identity-v-heoa	第五人格：全员幸终	Identity V: Happy Ending Of All	hmcl	16748
			ie	成语附魔	IdiomEnchantments	hmcl	16022
			iems	综合能源管理系统	Integrated Energy Management System	hmcl	25312
			ifaz	粒法杖	Particle Wands	hmcl	1669
			ifmodloadboom	如果你在加载我就梆梆梆 / 你怎么敢加载的啊	IFMODLOADBOOM / HowDareYouLoad	hmcl	9540
			ifmodloadwarn	如果你在加载我就梆梆两下	IFMODLOADWARN	hmcl	9681
			igiextended_reborn	IGI 信息扩展：重生	IGIExteneded: Reborn	hmcl	21861
			igmun	模组隐藏器	ModHider	hmcl	14873
			ignatiushcsmoreore	IgnatiusHC 的更多矿石	IgnatiusHC's More Ore	hmcl	24876
			igoa	游戏内离线登录	In-game Offline Auth	hmcl	13612
			iib	无限玩家背包	InfinityInventoryBackpack	hmcl	21304
			iis	无限物品	InfinityItems	hmcl	13734
			ijwsmim	我只是想看见我的输入法	I Just Wanna See My Input Method	hmcl	27706
			ilib	又一个优化Mod	ImpLib	hmcl	2720
			illageart	灾厄艺术	Illage Art	hmcl	24567
			illusion	幻形	Illusion	hmcl	24174
			imagesign	图片告示牌	Image Sign	hmcl	4643
			imeconflictfix	输入法修复	ImeConflictFix	hmcl	27068
			immersive-cursedness	沉浸传送门服务端版	Immersive Cursedness	hmcl	3734
			immersive-tooltip	沉浸式提示框	Immersive:Tooltip	hmcl	14835
			immersiveacft	沉浸航空	Immersive Aircrafts	hmcl	7152
			immibis_microblocks	Immibis的小方块	Immibis's Microblocks	hmcl	129
			impactcriticals	更好的跳劈暴击	ImpactCriticals	hmcl	26917
			imperfect_magic	并不完美的魔法	Imperfect Magic	hmcl	11876
			improved_anvils	改良的铁砧	Improved Anvils	hmcl	13808
			improvedwolves	改进的狼	Improved Wolves	hmcl	3575
			improvingsurvival	改善的生存	Improving Survival	hmcl	25327
			impsmtc	Iam 音乐播放器：系统媒体传输控件	Iam Music Player: System Media Transport Controls	hmcl	28446
			inf	inf的原版保护魔咒突破	Inf's Enchantment Surpass	hmcl	25073
			infcapcell	无限容量元件	Infinite Capacity Cell	hmcl	19464
			infection	生物病毒	MineInfection	hmcl	306
			infinite	无限	Infinite	hmcl	20525
			infinite_storage	无限收纳	Infinite Storage	hmcl	11759
			infinite_strings	无限刷线	Infinite Strings	hmcl	24113
			infinitelava	无限流体方块	Infinite Fluid Blocks	hmcl	24671
			infinitewater	无限水源方块	Infinite Water Block	hmcl	21731
			infinity_item_editor_re	无尽物品编辑器：重生	Infinity Item Editor Re	hmcl	28156
			infinityitems	无限物品 Fabric 版	InfinityItemsFabric	hmcl	24638
			infinitypotioneffect	无限药水效果	Infinity Potion Effect	hmcl	26523
			influenza_virus	流感	Influenza Virus	hmcl	17789
			info-display	信息显示器		hmcl	5505
			infogetter	信息获取者	InfoGetter	hmcl	7225
			infslime	无限增值史莱姆	InfSlime	hmcl	24541
			ingameime	游戏内输入法-1.6.4	IngameIME-1.6.4	hmcl	27142
			ingamelogdisplay	游戏内日志显示	In-game Log Display	hmcl	26039
			ingenuity_extra	匠心增补	Ingenuity Extra	hmcl	12745
			initial	原初修真前置	Initial Immortal	hmcl	2770
			initial_dimension_fix	初始维度修复		hmcl	24071
			inputmethodblocker	游戏中中文输入法冲突修复	InputMethodBlocker	hmcl	4006
			instant_build	瞬时建造	Instant Build	hmcl	19606
			intarsia	咒术器具	Intarsia	hmcl	12851
			integerarray_chickencage	鸡笼	Chicken Cage Mod	hmcl	5623
			integerarray_commonemerald	常见的绿宝石	Common Emeralds Mod	hmcl	5622
			integerarray_leatherarmor	撑竿与羽翼	Pole Vault Mod	hmcl	5625
			integerarray_magiccookie	魔法曲奇	Magic Cookie Mod	hmcl	5621
			integerarray_scimitar	弯刀	Scimitar Mod	hmcl	5620
			interconnectionfabric	互联核心	Interconnection	hmcl	13982
			interconnectionneoforge	互联核心	Interconnection	hmcl	13982
			interconnectionplayerfabric	互联玩家同步	InterconnectionPlayer	hmcl	13983
			interconnectionplayerneoforge	互联玩家同步	InterconnectionPlayer	hmcl	13983
			interfereddimension	干涉次元-虹色七剑	Interfered Dimension - The Seven Swords	hmcl	23006
			inventory_disabler	物品栏禁用	Inventory disabled	hmcl	25424
			inventory_energy_generator	便携发电机	Inventory Energy Generator	hmcl	28771
			inventoryprotection	更好的死亡掉落	InventoryProtection	hmcl	8859
			inventoryring	纳戒	Inventory Ring	hmcl	6389
			invhud_configurable	物品栏HUD+ 药水显示支持	InvHUD_Configurable	hmcl	14637
			invisiblekeybinding	隐藏按键绑定	Invisible Key Binding	hmcl	14543
			invlimiter	栏限	Inventory Limiter	hmcl	24615
			invsync	背包同步	InvSync	hmcl	3719
			io.nothing.betterponder	更好的Ponder	BetterPonder	hmcl	26517
			ir_auto	沉浸铁路：自动化	IR Auto	hmcl	26138
			irar	又一个IRR重制版	Item Render Async Reloaded	hmcl	3115
			ire	铁块电梯	Iron Elevators	hmcl	4334
			iridiummod	铱矿	Iridium Mod	hmcl	590
			irisfixes	Iris 修复	IrisFixes	hmcl	20381
			iron_block_elevator	铁块电梯	Iron block Elevator	hmcl	17603
			ironspear_datapack	铁长矛数据包		hmcl	16117
			isadd	物品堆叠上限突破	ItemStack++	hmcl	13823
			ishouldeatmore	吃不能停	I Should Eat More	hmcl	24986
			ism	瞬时建造	Instant Structures Mod	hmcl	2612
			isscustom	Iron's Spells 'n Spellbooks：遥远挡震	ISSCustom	hmcl	16267
			it_is_forbidden_to_drop_stones	禁止掉落石头		hmcl	16504
			item_access_restrictor	物品存取限制器	Item Access Restrictor	hmcl	23670
			item_fucker	谁没做销毁？	Item Fucker	hmcl	12815
			item_information_display	物品信息显示	Item Information Display	hmcl	16881
			item_interactions_mod	物品交互动画	Item Interactions Mod	hmcl	27454
			item_kill	清除掉落物	Item Kill	hmcl	7108
			item_replicator	物品复制器	ItemReplicator	hmcl	25446
			item_search	MC百科资料搜索	MCMOD Item Search	hmcl	1178
			itemmaster	物品管理	Item Master	hmcl	28805
			itemrender	渲染图片导出	Item Render	hmcl	175
			itemrender	渲染图片导出暗黑版	Item Render Dark	hmcl	1759
			itemrender	渲染图片导出续作	Item Render Rebirth	hmcl	1166
			itemsaver	物品存储器	ItemSaver	hmcl	695
			itemstackpromax	物品堆叠ProMax	ItemStackProMax	hmcl	16786
			itemtagging	职业武器属性	ItemTagging	hmcl	23859
			itemthrow	精准投掷	Item Throw	hmcl	24617
			itemtocoin	以物易币	ItemToCoin	hmcl	22686
			jade_feet	玉足	Jade Feet	hmcl	11242
			jammyfurniture	吉米的家具	Jammy Furniture	hmcl	17
			jarmetadatafix	模块名修复	Jar Metadata Fix	hmcl	28337
			jeb_	🌈 真实的 jeb_	🌈 Real jeb_	hmcl	4923
			jeim	额外MODJEI信息	More JEI Info For Some Mod	hmcl	7125
			jel	真的一点不贵	Just Enough Levels	hmcl	23104
			jewelry_bar_core	简易饰品	Simple Accessories	hmcl	4181
			jgfe	我踏马吃吃吃！	Just Go Fxxking Eat	hmcl	18857
			jianzhu	更多功能方块		hmcl	22514
			jiojio_car_audio	JIOJIO的车载音响	JIOJIO Car Audio	hmcl	27053
			jkvb	消失的方块	Vanishing Blocks	hmcl	14044
			jm	果汁贩卖机	Juice Vending Machine	hmcl	5586
			joinmsg	发送加入信息与离开信息到网址	Post Server Join & Leave Messages to URL	hmcl	8875
			jojo	RotP：杀手皇后附属	Ripples of the Past: Killer Queen Addon	hmcl	15135
			journalmod	日志模组	Journal Mod	hmcl	17456
			jqcity	界秋MTR铁路及道路拓展	Jie Qiu Metro Addon	hmcl	14374
			jscchinaschool	中国式学校	Chinese School Mod	hmcl	12931
			jscmetro	江双成轨道交通		hmcl	17834
			jsonem	Json格式化实体模型	Json Entity Models	hmcl	5322
			jsonem	Json格式化实体模型·多加载器	Json Entity Models Muit	hmcl	22071
			just_smile	Just_whitenight的E.G.O模组	Just Smile	hmcl	26934
			jutsubag	忍术手袋	JutsuBag	hmcl	3028
			jvm_boom	JVM 你怎么炸了	JVM Crash Monitor	hmcl	28336
			kablade	斩无不断	Ka Blades	hmcl	8128
			kablade	斩无不断2	Ka Blades 2	hmcl	28013
			kaimyentity	KAI我的实体 - 修改版	KAIMyEntity - Modify	hmcl	4263
			kaimyentity	KAI我的实体-C	KAIMyEntity-C	hmcl	16526
			kaishan_stick	开山棒	KaiShanStick	hmcl	24153
			kaleidos	森罗万象	Kaleidos	hmcl	13933
			kaleidoscope	森罗物语	Kaleidoscope Mod	hmcl	18330
			kaleidoscope_addons	森罗物语：玩偶拓展	Kaleidoscope Addons	hmcl	23952
			kaleidoscope_orchard	森罗物语：果园	Kaleidoscope Orchard	hmcl	28401
			kaleidoscope_painting_extension	森罗酒馆：画拓展	Kaleidoscope Painting Extension	hmcl	25857
			kaleidoscope_sculk	森罗物语：幽匿	Kaleidoscope Sculk	hmcl	27418
			kaleidoscopetfctavern	森罗物语：群峦酒馆	kaleidoscopeTFCTavern	hmcl	25747
			kamen_rider_black_rx	假面骑士Black RX		hmcl	8856
			kamen_rider_kuuga	假面骑士kuuga		hmcl	5691
			kamen_rider_rebirth	假面骑士•重生	kamen Rider Rebirth	hmcl	27232
			kamen_rider_time_additional	假面骑士时刻拓展	Kamen Rider Time Additional	hmcl	25513
			kamenrider3dmod	假面骑士 (3D版)	KamenRider3D	hmcl	3045
			kamenridertime	假面骑士时刻	Kamen Rider Time	hmcl	6255
			kamiwaza_program	超能程式	Kamiwaza Program	hmcl	11111
			kamiwaza_tesuto	超能程式	Kamiwaza Program	hmcl	11111
			kanake	简明魔法	kanake	hmcl	14812
			kardsui	KARDS标题界面	KARDS UI	hmcl	21603
			katana	刀艺	KatanaCraft	hmcl	8320
			kee	艹：早产	KusaEaterEarly	hmcl	17773
			kekkai	结界	Kekkai	hmcl	10682
			kelpcraft	海带工艺	Kelp Craft	hmcl	6821
			key_command	键盘命令	KeyCommand	hmcl	10971
			keybinder	按键绑定辅助	KeyBinder	hmcl	18319
			keybindingskeeper	按键绑定不减	Key Bindings Keeper	hmcl	19462
			keystrokesmod	按键显示	Keystrokes	hmcl	3266
			kgqgj	坎特伯雷公主与骑士唤醒冠军之剑的奇妙冒险的武器	katerbal_legend	hmcl	4843
			ki	杀戮光环	Killaura	hmcl	12937
			kickit	飞靴	KickIt	hmcl	28243
			kill_entity_strengthen_equip	击杀强化装备		hmcl	17695
			kill_sound	击杀特效自定义	kill_sound	hmcl	16574
			killaura	杀戮光环--	Killaura--	hmcl	16152
			killrank	击杀排名	KillRank	hmcl	28702
			killstreakhud	连杀HUD显示	KillStreakHUD	hmcl	10148
			king_and_knight	明日方舟	King And Knight	hmcl	4443
			kingvillager	村民之王：重生	King of the Villagers: Reborn	hmcl	20268
			kir	杀戮光环重制版	KillauraReload	hmcl	13057
			kiss-mod	Kiss Mod：移植	Kiss Mod Transplant	hmcl	20231
			kiss-mod-transplant	Kiss Mod：移植	Kiss Mod Transplant	hmcl	20231
			klbq	仿卡拉彼丘机制	Imitating the Strinova Mechanism	hmcl	24715
			km	按键管理器	KeyboardManager	hmcl	13372
			knife_fast	快刀无感/快到无感	The knife fast	hmcl	19062
			koishicompat	Koishi 的通用补丁	Koishi's Universal Compat	hmcl	24464
			kongcheng	空城魔法		hmcl	4473
			koniava	娜拉工艺	Koniavacraft	hmcl	20796
			kontraption	精致机械	Kontraption	hmcl	14682
			koro-utils-lib	科洛的工具库	Koro Utils Lib	hmcl	6865
			koroworld	科洛的服务器支持	KoroWorld-Minecraft Support	hmcl	5484
			koroworld-lib	科洛的工具库	Koro Utils Lib	hmcl	6865
			ktfruaddon	群峦救援-非官方版扩展	kTFRUAddon	hmcl	10099
			kuchiyoseno	通灵之术	Kuchiyose	hmcl	18713
			kusaeater	艹	KusaEater	hmcl	11511
			kuuga_mod	假面骑士kuuga		hmcl	5691
			kyokainokanata	境界的彼方	KyokaiNoKanata	hmcl	1242
			kyoyu	共有	Kyoyu	hmcl	18359
			lanbeacon	局域网信标	LANBeacon	hmcl	25683
			lance	骑枪	Lance Mod	hmcl	14318
			landcore	陆地工艺核心	LandCore	hmcl	1855
			landcraft	陆地工艺	Land Craft	hmcl	1856
			landel-mtr-addon	岚待的MTR扩展-A	Landel MTR Addon-A	hmcl	28841
			lanenhancer	更好的局域网列表	LAN Enhancer	hmcl	28259
			lanlans_brock_moon	坠月	Falling Moons	hmcl	24466
			large_number	卡儿的数学库	Large Number	hmcl	15144
			largestomach	大胃袋	LargeStomach	hmcl	22548
			last_minute	最后时刻	Lastminute	hmcl	3561
			lastwords	鸳鸯董卓	LastWords	hmcl	23018
			lavachicken	熔岩烤鸡	Lava Chicken	hmcl	24701
			lazymystical	神秘农业：懒人	Lazy Mystical	hmcl	13613
			lcsmodpack	前期武器追加		hmcl	13889
			leafs-crucible	Leaf的炼金炉 - 冰与火	Leafs Crucible - Ice and Fire	hmcl	22483
			leashedplayer	可拴玩家	LeashedPlayer	hmcl	16376
			legacy_command_registry	旧式命令注册	Legacy Command Registry	hmcl	16701
			legacy_completion	旧版命令补全	Legacy Completion	hmcl	18158
			legacy_rocket_model	旧版火箭模型	Legacy Rocket Model	hmcl	17115
			legacyinputpatch	Legacy Fabric 输入补丁	LegacyInputPatch	hmcl	7909
			legend_sword	传说之剑：被尘封的传说	Legendary Sword: The Sealed Legend	hmcl	11636
			legendarybeasts	幻想怪物	Legendary Beasts	hmcl	3287
			legendarywheatmod	传奇小麦	Legendary Wheat	hmcl	17551
			legolaskuai	中华古刃	Chinese Ancient Blade	hmcl	20542
			leonmtr	Leon轨道交通Mod		hmcl	18054
			less_caves	更少的洞穴	less caves	hmcl	13738
			letemburn	让它们燃烧！	Create: LET!EM!BURN!	hmcl	26572
			letsimaginate	纸袋剧场！	Let's Imaginate!	hmcl	14181
			level_strengthen_attributes	升级，加点！		hmcl	16905
			levelenhanced	等级增强	LevelEnhanced	hmcl	21442
			levelup	升级！	Level Up!	hmcl	1249
			liar_bar	骗子酒馆 for Kyou	Liar's Bar for Kyou	hmcl	17565
			lib_for_derumin	derumin的库	lib for derumin	hmcl	12962
			lifecan	生命罐头	Life Can	hmcl	28053
			lifeessence	生命精油	Life Essential Oil	hmcl	22549
			lifefruit	生命果 - 重制版本	Life Fruits - Reforked	hmcl	19564
			lifeissohard	生存重负：食物改革	life is so hard - food part	hmcl	9098
			light_helmet	头盔灯	Light Helmet	hmcl	28571
			lighteco	轻量经济	LightEconomy	hmcl	9246
			lightningrod	格雷科技0	GregTech 0 / Lightning Rod Addon	hmcl	13897
			lightspeedboat	光速船	Lightspeed Boat	hmcl	18998
			limitless-enchantment	附魔大师	Limitless Enchantment	hmcl	19853
			lin_perms	Linweiyun的权限管理系统	LinPerms	hmcl	18263
			linearxp	线性经验值	LinearXP	hmcl	19304
			linearxpfabric	线性经验-Fabric	Linear Xp Curve Fabric	hmcl	17914
			linguaperipherals	语言外设	Lingua Peripherals	hmcl	28025
			linkinfo	链接信息	Link Info	hmcl	13942
			linlangmanmu	琳琅满目	Lots of Clothes	hmcl	19616
			litematica_container_filler	投影容器填充机	Litematica Container Filler	hmcl	26506
			litematica_printer	投影打印机	Litematica Printer	hmcl	8233
			litematicafix	投影修复	Litematica Fix	hmcl	21432
			littermanagement	掉落物管理	LitterManagement	hmcl	14194
			little_enchants	一些小附魔	Some Little Enchant	hmcl	18934
			littlemaidrebirth	女仆重制版	LittleMaid ReBirth	hmcl	4807
			littletail	聊天小尾巴	LittleTail	hmcl	18058
			liu-new-recipes	刘某人的高版本配方	Liu's New Recipes	hmcl	28362
			lively_danmaku	缤纷弹幕	LivelyDanmaku	hmcl	14811
			liver_exhaustion_reincarnation	肝尽轮回	Liver Exhaustion Reincarnation	hmcl	5660
			llpswhyrz	llpsw的火影忍者	llpsw Naruto Mod	hmcl	17433
			llpswlib	llpsw的库	llpswLib	hmcl	27291
			llpswsounds	llpsw的大喇叭	llpswsounds	hmcl	20214
			llpswzombie	llpsw的丧尸乐园	llpswZombie	hmcl	20122
			lmxxc	雷鸣修仙录		hmcl	14649
			lnrepair_2317	提示栏换行	\n Repair	hmcl	8867
			loadedmodsexporter	加载模组导出	Loaded Mods Exporter	hmcl	2995
			loading_hint	玩家加入显示	Loading Hint	hmcl	9706
			loan	借贷	Loan	hmcl	4375
			lobotomy_corporation	脑叶公司F版	Lobotomy Corporation F	hmcl	11582
			lobotomycorp	脑叶公司	Lobotomy Corp	hmcl	10717
			locations	简单位置	Simple Locations	hmcl	23115
			locksofbounding	绑定之锁	Locks Of Bounding	hmcl	24881
			log2me	聊天栏日志显示	Log2Me	hmcl	16873
			logfilter	日志过滤器	Log Filter	hmcl	24469
			loginmod	简单登录	LoginMod	hmcl	28481
			lol	LOL装备栏	LOL	hmcl	25353
			lol_equipment	LOL装备	LOL Equipment	hmcl	25354
			lolipickaxe	氪金萝莉	LoliPickaxe	hmcl	2125
			lom	许多生物	LotsOMobs	hmcl	452
			long-dark	LongDark 黑夜求生		hmcl	17208
			long_summer	那年夏天	Long Summer	hmcl	7591
			lootbags	战利品袋：重置再重织	LootBagsRenewal-Refabriced	hmcl	19357
			lootbeams	战利品光束Fabric版	LootBeamsFabric	hmcl	10470
			lost_time_space	失落时空	Lost Time Space	hmcl	16262
			lostblade	遗忘之刃	LostBlade	hmcl	1285
			lostthaumaturgy	失落神秘	Pengu's Lost Thaumaturgy	hmcl	711
			lot_of_discs	更多唱片	Lot Of Discs	hmcl	4848
			lotrcallablehorse	召之马来：魔戒版	LOTRHorseCall	hmcl	14727
			lotrinfo	魔戒信息显示	LOTR Info	hmcl	26963
			lotrtweakers	禁用魔戒重置版 ESC 菜单	LOTR Reworked ESC Disabler	hmcl	26246
			lotrvinyls	魔戒唱片	LOTR Vinyls	hmcl	25867
			lottery	兑换码 / 礼品码	RedemptionCode	hmcl	8015
			lovemod	结婚：芙宁娜版	LoveMod:Furina	hmcl	16301
			lpq	语言优先队列	Language Priority Queue	hmcl	20262
			lryx	猎人游戏数据包		hmcl	15302
			lsktp	磷光传送	LSKTP	hmcl	20971
			lucidity	我的视界	Lucidity	hmcl	18605
			lucky_block_island	幸运方块空岛	Lucky Block Island	hmcl	17215
			luckydraw	幸运彩券	Lucky Draw	hmcl	14281
			lumenwild	流明旷野	Lumen Wild	hmcl	20745
			lunkun	伦堃	LunKun	hmcl	21821
			luxsskitmod	鹿先生的工具	Mr.Lu's Kit Mod	hmcl	20317
			lwstfc	群峦水袋	Leather Water Sac for TFC	hmcl	2257
			lwwwwmod	霓闪感染：被放逐的神迹	Neon Glitch: Exiled Divinity	hmcl	24535
			lx_lightassisttool	轻辅助工具	light assist tool	hmcl	17213
			m1917gun	梗系列Mod小合集	MemesP	hmcl	4461
			m24	24点	Minecraft024	hmcl	7617
			macawsbridgesatmospheric	Macaw 的桥梁：悠然一派附属	Macaw's Bridges - Atmospheric	hmcl	5381
			mace_expand	绵阳的重锤拓展	SunSheep's MaceExpand	hmcl	18939
			maceeffect	重锤效果	MaceEffect	hmcl	25278
			machine_max	极械工坊	Machine-Max	hmcl	27007
			made_in_china	中国制造	Made In China	hmcl	10927
			madpig	狂猪日记	MadPig	hmcl	26263
			madv	更多进度	More Advancements	hmcl	17142
			mafuyusflashlight	真冬的手电筒	Mafuyu's Flashlight	hmcl	20721
			magcore	魔源核心	MagCore	hmcl	5266
			magic	织法者	Spellweaver	hmcl	23643
			magic_maid	魔法女仆教堂遗迹	Magic Maid The Church Ruins	hmcl	3707
			magic_maid2	魔法女仆迷雾森林	Magic Maid The Fog Forest	hmcl	5093
			magicwithdrinks	魔法与饮料	Magic With Drinks	hmcl	2730
			magmamod	岩浆工具	The Magma Items	hmcl	240
			magnetics	磁学	Magnetics	hmcl	26146
			mahjong	麻将	Mahjong	hmcl	4872
			mahou_tattoo	画皮	MahouTattoo	hmcl	4547
			maid_function_extension	女仆！给我阎魔刀	Maid Function Extension	hmcl	22134
			maid_self_talk	女仆AI自言自语与互相对话	Maid Self-Talk	hmcl	28271
			maid_skill_1	魔法女仆技能扩展包1	Magic Maid Skill Extension 1	hmcl	5094
			maidbeacon	车万女仆：移动信标	Touhou Little Maid: Beacon	hmcl	24260
			maidcode	女仆网管	MaidCode	hmcl	20777
			maiduseaewoodencrank	女仆摇AE曲柄	Maid Use AE WoodenCrank	hmcl	27658
			make_ammo	TaCZ子弹制作	Make Ammo	hmcl	21754
			make_the_cover_	绿幕	Make the cover	hmcl	18141
			makecustomitem	打造自定义物品	MakeCustomItem	hmcl	6188
			maker_namespace	玩家头颅生成器	Player Skull Maker	hmcl	17435
			mana_box	魔力盒	Mana Box	hmcl	8294
			manaita_plus_neo	砧板：革新	ManaitaPlus Neo	hmcl	23008
			manasys	元素魔法	Manasys	hmcl	70
			manhunt-datapack	追杀指南针数据包	Manhunt Datapack	hmcl	7018
			manic_mr	癫狂	Manic	hmcl	10101
			mantra	口头禅	Mantra	hmcl	17074
			maplelib	挖矿争霸	Dig Craft	hmcl	1718
			mappreset	地图模板	MapPreset	hmcl	16706
			mario	超级马里奥	Super Mario Mod	hmcl	338
			marveloustinker	奇妙工匠	Marvelous Tinker	hmcl	21271
			masa_gadget_mod	Masa Gadget 移植		hmcl	27985
			masi	魔法咏唱		hmcl	16493
			mask	口罩	Mask	hmcl	27704
			maskedrideragito	假面骑士亚极陀	Masked Rider Agito	hmcl	28784
			math_dragon	数学龙	MathDragon	hmcl	20372
			mattock	鹤嘴锄	Mattock	hmcl	19174
			maze	迷宫	Maze	hmcl	7270
			mbg	武德	wude	hmcl	3210
			mc249136	MC-249136 修复	MC-249136 Fix	hmcl	11753
			mc_bds	北斗导航	MC BDS	hmcl	20583
			mc_lb	我的世界创作者的幸运方块	Minecraft Creator's Lucky Block	hmcl	21092
			mcbbswiki	MCBBS Wiki 模组	MCBBS Wiki Mod	hmcl	3343
			mccourse	社交相册		hmcl	24465
			mcef	MCEF 非官方版本	MCEF-Unofficial	hmcl	4136
			mcet	原版扩展	Minecraft Extra	hmcl	25077
			mcgougoucraft	狗勾工艺	McgougouCraft	hmcl	21781
			mcmmoplus	原版技能升级	Vanilla MMO+	hmcl	1931
			mcmoditemsearchrebornagainpro	MC百科资料搜索：再重生Pro	MCMOD Item Search Reborn Again Pro	hmcl	17911
			mcmodsss	MC百科闪烁标语--	MCMOD Slogan--	hmcl	19691
			mcmodwiki	MC百科资料搜索：再重生	MCMOD Item Search Reborn Again	hmcl	13831
			mcmooncake	MC牌月饼	MC Moon Cake	hmcl	2051
			mcmp101	内置音乐播放器	MCMP-1	hmcl	78
			mcmti	麦克风语音识别文本输入	Microphone Text Input	hmcl	21105
			mcopenp2p	更好的P2P联机	MCOpenP2P	hmcl	18973
			mcopper	原版主义	Mcopper	hmcl	9104
			mcopper	梧桐物语	MCopper	hmcl	11070
			mcrd	MCreator模组检测器	MCreatorDetector	hmcl	13771
			mcreator_detector	MCreator模组检测器NeoForge版		hmcl	21201
			mcs	多重压缩物品	MultipleCompressedStuffs	hmcl	4129
			mcty	MC牌汤圆	Tangyuan In MineCraft	hmcl	2289
			mcwbridgesshroomed	Macaw 的桥梁：Shroomed 附属	Macaw's Bridges - Shroomed	hmcl	8634
			mdf	MCreator模组检测器-Fabric	MCreatorDetectorFabric	hmcl	17852
			me	更多附魔	More Enchantments	hmcl	493
			mechmonstrosity	机械巨兽	MechMonstrosity	hmcl	14944
			mediaplayer	媒体播放器	MediaPlayer	hmcl	15535
			mediaworks	媒质工程	Mediaworks	hmcl	12844
			meetyourfight_victoryineverybattle	迎战：百战不殆	MeetYourFight：VictoryInEveryBattle	hmcl	26462
			mek_no_enrich	通用机械：无需富集	Mekanism: No Enrichment！	hmcl	26313
			mekaimmunity	吸入净化单元plus	Mekaimmunity	hmcl	28024
			mekanism_make_item	通用机械附属：合成用物品	MekanismMakeItem	hmcl	7326
			mekanism_rc	通用机械配方兼容	Mekanism Recipe Compatibility	hmcl	20236
			mekanismdelight	乐事集成/通用机械：中央厨房	DelightXCompat/Mekanism: Central Kitchen	hmcl	24437
			mekanismoutputfaster	通用机械加速输出	Mekanism Output Faster	hmcl	19463
			meklasercompat	Mek激光器Sable兼容	MekLaser Sable Compat	hmcl	28123
			mekn	通用机械：核发展		hmcl	27522
			memory	眷恋		hmcl	13374
			memoryaddition	忆-战斗拓展	MemoryAddition	hmcl	19096
			memorycleanermissnotoredict	青春内存清理不会梦到矿物词典学姐	Memory Clearer Miss-not Ore Dict	hmcl	10936
			memoryusagebar	内存使用率条	MemoryUsageBar	hmcl	10674
			memoryusagebar	内存使用率条-重制	Re-MemoryUsageBar	hmcl	17902
			mengsword	神剑养成(一)	MengSword1	hmcl	3262
			mengsword2	神剑养成(二)-魔兵养成	MengSword2	hmcl	3261
			merchants	回收商	Merchants	hmcl	5294
			meshi	饭	Meshi	hmcl	3731
			message_masking	消息屏蔽	message_masking	hmcl	11124
			metal_revolution	魔金革新	Metal Revolution	hmcl	23045
			meteor-client	彗星端	Meteor Client	hmcl	6103
			meteorrandomidea	流年年的随想作	MeteorRandomIdea	hmcl	4439
			mf.speedslider	速度调整器	Speed Slider	hmcl	24757
			mfs	MC百科闪烁标语	MCmod Slogan	hmcl	8567
			mfw	观览车 / 摩天轮	MineFerrisWheel	hmcl	27210
			mh_f	模组隐藏器-ForgeSuper	ModHiderForgeSuper	hmcl	20404
			mh_fs	模组隐藏器-ForgeSuper	ModHiderForgeSuper	hmcl	20404
			mi	无相接口	MirageInterface	hmcl	6655
			mi	更多物品	More Item	hmcl	1787
			miac	MI反作弊	MIAntiCheat	hmcl	3435
			micwands	怪物控制魔杖	Mob Control Wands	hmcl	1952
			micwands	重制：怪物控制魔杖	Re: Mob Control Wands	hmcl	19381
			miecraft	羊羊工艺	Miecraft	hmcl	1966
			miku_music	自定义音乐物品	CustomMusic	hmcl	7217
			milk-bottle	牛奶瓶	Milk Bottle	hmcl	14232
			milletdelight	小米乐事	Millet Delight	hmcl	13432
			minc	禁用原版进度与合成配方	Disable Vanilla	hmcl	6359
			minc.hfn	隐藏展示框名称	HideFrameName	hmcl	6353
			mine_paper_engine	MC桌面壁纸	MinePaper Engine	hmcl	22882
			minecamera	摄影工艺	MineCamera	hmcl	991
			minecartspeeddisplay	矿车速度显示	MinecartSpeedDisplay	hmcl	16282
			minecartvisualizer	敞骑速视 / 矿车信息可视化	MinecartVisualizer	hmcl	21224
			minecolonies_skill_change	模拟殖民地知识卷轴	MineColonies Skill Change	hmcl	24612
			minecraft_tag	Minecraft-凝胶测试轨道	Minecraft Tag-Gel test track	hmcl	3530
			minecraftbut_the_colorful_puzzle	MC，但是彩砖迷题		hmcl	6283
			minecraftloader	更好的载入界面	Minecraft Loader	hmcl	405
			minecraftplusplus	我的世界++	MinecraftPlusPlus	hmcl	4538
			minecrafttagreborn	Minecraft凝胶测试轨道：重生	MinecraftTag:Reborn	hmcl	4004
			minecreed	我的信条	MineCreed	hmcl	1033
			minegenshin	像素原神	Minegenshin	hmcl	25987
			minegicka	魔能2	Minegicka II	hmcl	144
			mineimpact	方神	MineImpact	hmcl	18077
			minelp	我的小马驹	Mine Little Pony	hmcl	3477
			minepainter	雕刻与像素画	Mine Painter	hmcl	18559
			minequery	MC宝	MineQuery	hmcl	15907
			mineral_addition	矿物追加	Mineral Addition	hmcl	19581
			miners	矿工天堂	Miner's Heaven	hmcl	2627
			minersglasses_curios_addon	矿工眼镜附属模组	Miner's Glasses Curios Addon	hmcl	22879
			minerslunchbox	矿工的午餐盒	Miner's Lunchbox	hmcl	7381
			mineshock_cybernightmare	网络奇兵	MineSHOCK: CyberNightmare	hmcl	18703
			mineshot	高清截图	Mineshot	hmcl	3458
			mineshotrevived	高清截图：复生	Mineshot Revived	hmcl	4062
			mining_dimension_cave_version	挖矿维度 (矿洞版)	Mining dimension(cave version)	hmcl	4230
			miningfatigue_reproduction	挖掘疲劳重置	MiningFatigueReproduction	hmcl	28608
			miod	内存增减		hmcl	12356
			miracle_enchantment	奇迹附魔	MiracleEnchantment	hmcl	26166
			mirrordim	镜像维度	MirrorDim	hmcl	14963
			miscperipherals	电脑外设	MiscPeripherals	hmcl	95
			misia_s_simple_tooltips	米西娅的简单ToolTips	Misia's Simple ToolTips	hmcl	27705
			misiametal	米西娅的魔法金属扩展	Misia's ManaMetalMod Extension	hmcl	26208
			missing	消失的物品	Missing Things	hmcl	1986
			missingi18n	我居然忘记翻译了	Missing i18n	hmcl	24341
			missingtex	贴图缺失	MissingTex	hmcl	24208
			mistraven	寒鸦	MistRaven	hmcl	1342
			mite	MITE：重生	MITE:Reborn	hmcl	3288
			miteequilibrium	MITE：宁静	MITE: Equilibrium	hmcl	22585
			mitenewworld	MITE：新世界	MITE: NewWorld	hmcl	23402
			mixinblacklist	Mixin 黑名单	Mixin Blacklist	hmcl	24750
			miztinker	米工匠	miztinker	hmcl	23644
			mkmmod	击杀信息通知	Mob Kill Messages	hmcl	1960
			mlc	我的世界启动器核心	MinecraftLauncherCore	hmcl	15092
			mlt	多行提示框	Multi-line Tooltip	hmcl	5798
			mmceobserver	MMCE观察眼镜	MMCE Observer	hmcl	27708
			mmo	原版技能升级	Vanilla MMO+	hmcl	1931
			mob_effect_display_fix	状态效果显示修复	Mob Effect Display Fix	hmcl	23004
			mob_firework	生物烟花	Mob Firework	hmcl	7757
			mobackup	更多背包升级	More Backpack Upgrades	hmcl	23632
			mobbottle	生物展示瓶	MobBottle	hmcl	2663
			mobdictionary	生物图鉴	Mob Dictionary	hmcl	107
			mobgrows	怪物成长	MobGrows	hmcl	6584
			mobsenhancement	怪物增强附属	Mobs Enhancement Addon	hmcl	12632
			mobutilities	生物实用工具	MobUtilities	hmcl	28701
			mod-loading-screen	模组加载屏幕	Mod Loading Screen	hmcl	8981
			mod_AlgaeCraft	海藻工艺	AlgaeCraft	hmcl	22521
			mod_AntiPlantVirus	森林破坏 / 虫MOD	Anti Plant Virus	hmcl	24391
			mod_Arrows	Risugami的元素箭	Risugami's Elemental Arrows	hmcl	23135
			mod_BetterThenBuildCraft	比狼好BC兼容	Better Then Buildcraft	hmcl	5573
			mod_EE	等价交换2	Equivalent Exchange 2	hmcl	9
			mod_FrogCraft	青蛙化工	FrogCraft	hmcl	193
			mod_HariboteAirCraft	飞行器	HariboteAirCraft	hmcl	1229
			mod_Mario	超级马里奥	Super Mario Mod	hmcl	338
			mod_MineFactory	我的工厂	MineFactory	hmcl	13731
			mod_MineFactory	我的工厂重置版	MineFactory Reloaded	hmcl	7
			mod_MineLittlePony	我的小马驹	Mine Little Pony	hmcl	3477
			mod_Minegicka	魔能	Minegicka	hmcl	25286
			mod_MoreExplosives	更多爆炸物	More Explosives Mod	hmcl	305
			mod_NephsMissingBlocks	消失方块	Missing Blocks	hmcl	24313
			mod_NihongoInput	中文输入/颜色编辑	NihongoMod	hmcl	23151
			mod_NihongoMOD	中文输入/颜色编辑	NihongoMod	hmcl	23151
			mod_PlasticCraft	塑料工艺	PlasticCraft	hmcl	22271
			mod_RocketScience	火箭科技	Rocket Science	hmcl	119
			mod_ZZZMissile	火箭科技	Rocket Science	hmcl	119
			mod_Zeppelin	齐柏林	Zeppelin	hmcl	176
			mod_ecru_MapleTree	枫树	MapleTree	hmcl	344
			mod_whitelist	模组白名单	ModWhiteList	hmcl	19605
			modern_glass_doors_mod	时尚玻璃门 (Neo)Forge 版	Modern Glass Doors(Forge)	hmcl	25214
			modmanager	模组管理器	Mod Manager	hmcl	4998
			mods-checker	模组校验	ModsChecker	hmcl	20618
			modulargolemsallembracing	傀儡装配：有容乃大	ModularGolems：All Embracing	hmcl	27089
			modulargolemsgainsandlosses	傀儡装配：有得有失	ModularGolems：GainsAndLosses	hmcl	27127
			modularwarfare	模块化武装：烨熠	ModularWarfare-Shining	hmcl	10984
			modularwarfare	逃离我的世界	EscapeFromMinecraft	hmcl	14023
			moegadd	月蛋拓展	MoegAddon	hmcl	2498
			moehreag-modcredits	模组鸣谢	Mod Credits	hmcl	27060
			mojangster	加载界面动画	Mojangster	hmcl	20708
			molten	炽热基岩	Molten Bedrockium	hmcl	1042
			momoi_game_console	小桃的游戏机	Momoi Game Console	hmcl	25190
			momostories	MoMo故事会	MoMo's Stories	hmcl	7459
			monsterlegend	怪物传说	MonsterLegend	hmcl	2271
			monumentdatafix	Monument 数据修复	Monument Data Fix	hmcl	20043
			mooncake	月饼	Moon Cake	hmcl	4254
			mooncakecraft	月饼工坊	Mooncake Craft	hmcl	939
			moonlight_with_wolf	狼塘月色	Moonlight With Wolf	hmcl	7574
			moonspire	月尖塔	Moon Spire	hmcl	27320
			moonstonegodhasnotforsaken	月之石：扩展	MoonStone：GodHasNotForsaken	hmcl	27531
			moonstoneoutstandingsins	月之石：有罪待偿	MoonStone: Outstanding Sins	hmcl	25823
			mor	更多煲汤	More Soups	hmcl	7425
			morcant_mod	莫桑矿石	Morcant Ore	hmcl	1645
			mordenwindows	现代窗户		hmcl	14481
			more bowls	更多碗	more bowls	hmcl	4556
			more-create-recipes_datapack	更多机械动力配方-数据包	MoreCreateRecipes - DataPack	hmcl	7992
			more-food-enchantment	更多的附魔食物	More Food Enchantment	hmcl	19121
			more-useful-copper	更有用的铜	MoreUsefulCopper	hmcl	14523
			more_advancements	更多成就		hmcl	27215
			more_avaritia	更多无尽物品	MoreAvaritia	hmcl	18369
			more_cd	更多命令		hmcl	15726
			more_coals	煤炭工艺-更多煤炭	More Coals	hmcl	3733
			more_difficult_diving	更困难的潜水	More Difficult Diving	hmcl	14623
			more_eggs	更多的刷怪蛋	More Eggs	hmcl	22206
			more_enchants2	更多附魔2		hmcl	27214
			more_equipment_mod	更多的装备	MoreEquipmentMod	hmcl	11184
			more_lens	更多魔力透镜	More Lens	hmcl	6580
			more_monster	更多怪物	HuangSheng1's More Monster	hmcl	17104
			more_plentiful_vanilla	更丰富的原版	More Plentiful Vanilla	hmcl	5497
			more_plentiful_vanilla	更丰富的原版重制版	More Plentiful Vanilla reborn	hmcl	7775
			more_potion	更多药水	More Potion	hmcl	24059
			more_snowball	雪球弓	Snow Bow	hmcl	13751
			more_snowballls	更多雪球	MoreSnowballs	hmcl	8762
			more_spawn_eggs	更多刷怪蛋	MoreSpawnEggs	hmcl	8857
			more_vanilla_foods	更多原版食物	More Vanilla Foods	hmcl	16576
			more_weapons	武器多样化	More Weapons	hmcl	14397
			morebarrel	更多桶	More Barrel	hmcl	4270
			morecows	更多牛	MoreCows	hmcl	4292
			morecrafting	更多合成	MoreCrafting	hmcl	1868
			morecritterszhcntranslation	更多异兽简体中文翻译包	More Critters Zh_cn Translation	hmcl	21610
			morecursors	更多光标	MoreCursors	hmcl	15117
			morefuel	更多燃料	MoreFuel	hmcl	484
			moreharvestinglevel	更多挖掘等级	MoreHarvestingLevel	hmcl	21723
			morehealth	更多生命	More Health ENHANCED	hmcl	208
			morehopper	更多漏斗	More Hopper	hmcl	26803
			moremekasuitmodules	通用机械：更多单元	Mekanism: More Modules	hmcl	18606
			moremekasuitunits	通用机械：更多单元	Mekanism: More Modules	hmcl	18606
			moremomostories	更多MoMo学	More MoMostories	hmcl	7481
			morepaintings	更多的画	More Paintings	hmcl	20089
			morepotions	更多药水	More Potions Mod	hmcl	24973
			morepracticalenchantments	更实用的附魔	MorePracticalEnchantments	hmcl	28462
			morerecipes	更多配方	More Recipes	hmcl	8202
			morestatusbar	进化之路	Road to Evolution	hmcl	23408
			morethings_v3	更多物品	MoreThings	hmcl	16573
			moretoys	一些玩具	More Toys	hmcl	21753
			morewandsmod	更多法杖	MoreWands	hmcl	27759
			moreweapon	更多武器	MoreWeapon	hmcl	16134
			mossfrp	Moss内网穿透	MossFrp	hmcl	6384
			mossfrpfabricsupport	Moss内网穿透	MossFrp	hmcl	6384
			mossfrpforgesupport	Moss内网穿透	MossFrp	hmcl	6384
			motion-insight	动态观察	Motion Insight	hmcl	18276
			mouse-danmu	鼠鼠弹幕		hmcl	8432
			mousedanmu	鼠鼠弹幕		hmcl	8432
			movement	运动渲染	Movement	hmcl	2599
			moving_piston_mod	移动的活塞	Block 36 Mods	hmcl	8901
			mpem	月夜性能优化	Moonlit Performance Enhancement Module	hmcl	20232
			mpwl	整合包模组白名单	ModPackWhiteList	hmcl	15381
			mr_2032_worldheight	2032 世界高度	2032 World Height	hmcl	12748
			mr__arrowding	箭矢叮	Arrow Ding	hmcl	21807
			mr__basbetterarmorstand	更好的盔甲架	Better Armor Stand	hmcl	19382
			mr__damageoptimization	伤害优化	Damage Optimization	hmcl	21804
			mr__mobsautonomousride	生物主动骑乘	Mobs Active Ride	hmcl	21805
			mr__vanillaenchantmenttweaker	香草附魔调整	Vanilla Enchantment Tweaker	hmcl	21806
			mr__villagersregeneration	村民回复	Villagers Regeneration	hmcl	21784
			mr__wsswitherstonesword	凋零石剑	Wither Stone Sword	hmcl	20823
			mr_add_morerecipes	添加更多配方	Add more recipes	hmcl	24342
			mr_arrowding	箭矢叮	Arrow Ding	hmcl	21807
			mr_auto_luckyblock	自动幸运方块	auto lucky block	hmcl	17203
			mr_auto_smelt2	自动冶炼	Auto Smelt	hmcl	17557
			mr_ban_bat	禁用蝙蝠	Ban Bat	hmcl	24446
			mr_banner_text	旗帜文本	Banner Text	hmcl	26445
			mr_better_craftingrecipes	更好的合成配方	Better Crafting Recipes	hmcl	17614
			mr_better_enchantment	更好附魔	Better Enchantments	hmcl	22543
			mr_better_mob_drop	更好的生物掉落	Better Mob Drop	hmcl	17769
			mr_custom_packetaggregates	定制数据包集合体	Custom packet aggregates	hmcl	19523
			mr_datapackets_functionslib	数据包函数支持库	datapack function library	hmcl	17244
			mr_deathswap	死亡交换	Death Swap	hmcl	11815
			mr_deathswap_gmchange	死亡交换-游戏模式切换	DeathSwap-Gmchange	hmcl	11816
			mr_double_jumpbybatspaladin4422	二段跳	Double Jump	hmcl	24984
			mr_easier_mc	更简单的MC	Easier MC	hmcl	17462
			mr_enchanted_goldenappleaddition	附魔金苹果附加	Enchanted Golden Apple Addition	hmcl	16031
			mr_exp_leveluphealth	经验提升生命	Exp Level Up Health	hmcl	16537
			mr_fishing_war	钓鱼战争：重生	Fishing War	hmcl	7370
			mr_formula_additionsaltblock	配方追加-盐块	Recipe Addition - Salt Block	hmcl	13261
			mr_japanese_temple	日式寺庙	Japanese Temple	hmcl	23401
			mr_mob_hearts	生物之心	Mob Hearts	hmcl	23038
			mr_mobsautonomousride	生物主动骑乘	Mobs Active Ride	hmcl	21805
			mr_nether_reactor	下界反应器	The Nether Reactor	hmcl	23876
			mr_ns_fdrc	自然之灵-农夫乐事配方兼容	Nature's Spirit - Farmer's Delight Recipe Compat	hmcl	13786
			mr_quickly_mineturtleeggs	快速挖掘海龟蛋	Quickly Mine Turtle Eggs	hmcl	21783
			mr_randomisland	随机空岛	Random Island	hmcl	17799
			mr_realistic_itemdrops	真实物品掉落	Realistic Item Drops	hmcl	9617
			mr_sanguine	血污	Sanguine	hmcl	11742
			mr_sea_levelrise	海平面上升	Sea Level Rise	hmcl	24114
			mr_setblock_tnt	TNT生成	SetBlock-TNT	hmcl	17429
			mr_simple_magnet	简单磁铁	Simple Magnet	hmcl	18959
			mr_sit_command	坐下指令	Sit Command	hmcl	21831
			mr_stone_disappearance	石头消失	Stone Disappearance	hmcl	17176
			mr_terralith_biomesaplings	自定义群系树苗	Custom Biome Saplings	hmcl	23903
			mr_time_trap	时间陷阱	TimeTrap	hmcl	9519
			mr_toning	调色	Toning	hmcl	27275
			mr_trashapack	垃圾桶数据包	Trashapack	hmcl	15301
			mr_unbreakapack	无法破坏数据包	Unbreakapack	hmcl	15286
			mr_vanillaenchantmenttweaker	香草附魔调整	Vanilla Enchantment Tweaker	hmcl	21806
			mr_villagersregeneration	村民回复	Villagers Regeneration	hmcl	21784
			mr_whwdzgs_recipe	更好的合成配方	Better Crafting Recipes	hmcl	17614
			mr_wither_stonesword	凋零石剑	Wither Stone Sword	hmcl	20823
			mrblade	技术革新	TRblade	hmcl	14124
			mrp	MTR 资源包保护工具	MTR Resource Protector	hmcl	14372
			ms_1144	MC百科资料搜索 - 1.14.4	MCMOD Item Search in 1.14.4	hmcl	17933
			msbf	鼠标侧键修复	MouseSideButtonFix	hmcl	26011
			msr	MC百科资料搜索：再重生Pro mini	MCMOD Item Search Reborn Again Pro mini	hmcl	19692
			msrpp	MC百科资料搜索 重生 ++		hmcl	17821
			mtp	M传送		hmcl	9849
			mtr	纸板箱特色我的世界铁路	NeoMTR	hmcl	19019
			mtrsteamloco	纸板箱的交通扩展	Nemo's Transit Expansion	hmcl	8355
			mublueprint	蓝图	Mublueprint	hmcl	8827
			mudrock	泥岩	Mudrock	hmcl	6314
			mufog	锻造	Mufog	hmcl	8791
			multi_function_key_mod	多功能按键	Multi-Function Key	hmcl	28093
			multimine_mod	多人开采	Multi Mine	hmcl	21911
			multiofflinefix	离线多人修正	MultiOfflineFix	hmcl	10643
			mushroom_concept	蘑菇构想	Mushroom Concept	hmcl	19439
			mushroom_daydream	蘑菇幻想	Mushroom Daydream	hmcl	18142
			musicsetting	音乐控制	MusicSetting	hmcl	2359
			musket	火帽枪	Musket	hmcl	17441
			mvp	更多原版药水	More Vanilla Potions	hmcl	3972
			mwaw	元素女巫	Elemental Witches	hmcl	3198
			mwdmgsrcfix	模块化武装伤害源修复	ModularWarfareDamageSourceFix	hmcl	9914
			mwfexplosionfix	模块化武装爆炸修复	ModularWarfarePacketExplosionFix	hmcl	12893
			mxatools	MX的工具A	MXA Tools	hmcl	18016
			my_love_fish	我的爱鱼	My Love Fish	hmcl	13371
			my_shop_panel	！？我的商店面板？！	MyShopPanel	hmcl	28594
			my_traditional_chinese_medicine	我的中医药		hmcl	26761
			myfantasycreatures	我的幻想生物	MetalMax	hmcl	11788
			myfirstmod	钢铁		hmcl	19631
			myfirstmod	钻石建筑	Diamond Buildings	hmcl	21756
			myitian-hirespaintings	高分辨率画	High-Resolution Paintings	hmcl	8397
			myminecraft	绿宝石和钻石	Emerald And Diamond	hmcl	5061
			myorderliness	是的长官，我们已经准备就绪！	YES SIR!	hmcl	28064
			myosotis	勿忘我	Myosotis	hmcl	26911
			mysteriumlib	菌丝	Mycelium Lib	hmcl	14728
			mystia_izakaya	夜雀食堂	Mystia's Izakaya	hmcl	18659
			myworld	宁静之地	myworld	hmcl	22181
			nabanmod	机器码封禁	NABan	hmcl	21007
			nan_health_fix	假死修复 : 重生	Entity NaN Health Fix : Reborn	hmcl	7637
			nanzhi_grave	南织鸽子的坟墓模组		hmcl	3930
			natura_repair	自然修补	Natural Repair	hmcl	9686
			natural_sponge	天然海绵	Natural Sponge	hmcl	26657
			naturalcraft	自然工艺	Natural Craft	hmcl	308
			naturecraft	自然工艺	NatureCraft	hmcl	22932
			naturescompassedited	生物群系指南针 修改	NaturesCompassEdited	hmcl	17329
			nbe	无床爆	NoBedExplosion	hmcl	13761
			nbtreader	NBT 检视者	NBT Reader	hmcl	7060
			ncf	不诅咒-Forge	NoCurseForge	hmcl	15651
			ncl	无指令限制	NoCommandLimits	hmcl	16127
			ncm	禁用创造模式	NoCreativeMode	hmcl	16501
			neb-fabric	网络包优化Fabric版	Not Enough Bandwidth Fabric	hmcl	26071
			nech	NEI拼音搜索	NeverEnoughCharacters	hmcl	16131
			negorerouse	尼格洛兹·无尽曈曚	NegoreRouse	hmcl	1077
			negorerouse	尼格洛兹·无尽曈曚：非官方版	NegoreRouse: unofficial	hmcl	16903
			neieasysearch	NEI中文快捷搜索	NEI Easy Search	hmcl	705
			neko-technology	猫猫科技	NekoTech	hmcl	28131
			neodymium	钕	Neodymium	hmcl	8761
			neofontrender	焕新字体渲染器	Neo Fonts Render	hmcl	27362
			neospeedzero	自定义速通挑战：Zero	NeoSpeed Zero	hmcl	21842
			neoultracraft	新·奥特工艺	Neo UltraCraft	hmcl	4611
			nestle	贴贴	Nestle	hmcl	16398
			net_music_cd_preview	网络音乐机：唱片预览	NetMusic: CD Preview	hmcl	26827
			net_music_login_need	网络音乐机：登登你的	NetMusic: LoginNeed	hmcl	22384
			neta	无附魔台动画	NoEnchantmentTableAnimation	hmcl	15904
			nethercraft	机械动力：下界工艺	Create: Nether Craft	hmcl	22108
			netherite_torch_bow	下界合金火把弓	Netherite Torch Bow	hmcl	27853
			netherportalmod	增强型下界传送门	Enhanced Nether Portal Mod	hmcl	19269
			netmusicadvancedplayer	网络音乐机：高级唱片机	Net Music: Advanced Player	hmcl	24722
			netmusicbetterlogin	网络音乐机：更好的登录	Net Music: Better Login	hmcl	25763
			netmusiccanneedqq	网络音乐机：看你的QQ	NetMusicCanNeedQQ	hmcl	24789
			netmusicdisplay	网络音乐机：不是显示来源？	Net Music Display	hmcl	28441
			netmusicperipheral	网络音乐机：电脑外设	Net Music: Peripheral	hmcl	23153
			networktitle	网络窗口标题	NetworkTitle	hmcl	4509
			netzach	胜利	Netzach	hmcl	20213
			neul	铁砧限制修复	Limitless Anvil	hmcl	19416
			never_famine	不要饿死：Fabric	Never Famine	hmcl	7704
			new-mod	世界之低语	World's Whisper	hmcl	22381
			new_mc	旧时光的访客	Visitors from the Old World	hmcl	25165
			newnew_attributes	牛牛属性	NewNew Attributes	hmcl	21331
			newnew_origins	牛牛起源	NewNew Origins	hmcl	22654
			newyeartaste	年味	firecrackers/New Year TASTE	hmcl	5659
			next_boundary_cornerstone	下一个边境-基石	NextBoundary-Cornerstone	hmcl	26602
			nf	移动工具	MoveTools	hmcl	13413
			nfl	强化离线登录	Network Fortress Login	hmcl	13227
			ng	更多装备与工具		hmcl	3565
			nianyefan	黏液饭	Nian Ye Fan	hmcl	13709
			nice_boat	好船	Nice Boat	hmcl	12679
			nig	便宜的修复	Cheap Repair	hmcl	8001
			night	夜	night	hmcl	4425
			night_rogue	夜霸	Night Rogue	hmcl	10114
			night_vision_amulet	夜视护符	NightVisionAmulet	hmcl	19543
			nighttears	夜影	NightShadow	hmcl	9559
			nihonium	鉨	Nihonium	hmcl	11127
			nitrogen_internals	氮	Nitrogen	hmcl	18117
			nls	无加载界面	No Loading Screen	hmcl	18632
			nmoc	NMOC建设辅助		hmcl	25256
			nmsc	不再有服务器配置	NoMoreServerconfig	hmcl	18562
			no cheating	禁止作弊	No cheating	hmcl	3770
			no-blocked-servers	禁用Mojang服务器封禁	No Blocked Servers	hmcl	15013
			no-cooldown-on-attack	攻击无冷却	No cooldown on attack	hmcl	22698
			no-enchantment-restrictions	自定义等级限制	No Enchantment Restrictions	hmcl	18061
			no-screenshot-message	无屏幕截图消息	No Screenshot Message	hmcl	22341
			noCubes	光滑的地形/平滑地形	No Cubes Mod	hmcl	796
			no_air_mining_penalty	去除浮空挖掘惩罚	No Air Mining Penalty	hmcl	23417
			no_creeper_griefing	禁用苦力怕破坏	No Creeper Griefing	hmcl	23093
			no_entity_lag	实体卡顿优化	No Entity Lag	hmcl	17576
			no_mobs_destroy_block	禁止生物破坏方块	No Mobs Destroy Block	hmcl	24604
			no_more_string	刷线机疑似有点城市化了	no more string	hmcl	15924
			no_trampling_on_farmland	阻止踩踏农田	No trampling on farmland	hmcl	7969
			nocc	无指令确认屏幕	No Command Confirm	hmcl	25797
			nodiparticle	去除伤害指示器粒子	No DamageIndicatorParticle	hmcl	16343
			noendermanoniron	末地铁块不生成末影人	EndermanNoSpawnIron	hmcl	25983
			nofall	禁止下落	Nofall	hmcl	19081
			noglow	禁止发光	noglow	hmcl	14979
			nohitdelay	禁用点击间隔	NoHitDelay	hmcl	21051
			noitemrest	不剩魔法	NoItemRest	hmcl	3394
			nojbput	求你别放了	NoG8Put	hmcl	19063
			nokiamod	诺基亚模组	Nokia Mod	hmcl	3700
			noloadingterrain	无加载地形中	No Loading Terrain	hmcl	25694
			nomining	禁止破坏方块	NO Mining	hmcl	28741
			nomobsdestroyblock	禁止生物破坏方块	No Mobs Destroy Block	hmcl	24604
			nonupdate_reloaded	不再有更新重制版	NonUpdate Reloaded	hmcl	14789
			noodlesmusket	面条的火枪	Noodles' Musket	hmcl	9562
			noodlesmusketrm	面条的火枪重铸版	Noodles Musket Remastered	hmcl	11834
			noprivateorprotected	我讨厌权限修饰符	NoPrivateOrProtected	hmcl	10752
			norandomfluid	抱歉，我们拒绝为您提供随机液体	No Random Fluid	hmcl	10029
			norealmsbutton	Realms 按钮移除	No Realms Button	hmcl	12228
			norecipebook	没有配方书非官方版	No Recipe Book	hmcl	4465
			noslowmotion	无拘速行	No Slow Motion	hmcl	18412
			not-enough-upgrade	升级不足	Not Enough Upgrade	hmcl	25197
			note	备注	note	hmcl	9236
			noteblockdisplay	音符盒显示器	Note Block Display	hmcl	973
			noteblocktweaker	音符盒调教师	NoteBlock Tweaker	hmcl	27785
			notenoughserverauth	正版验证优化	Not Enough Server Auth	hmcl	27728
			notsimulateitempush	不模拟物品推动	Not Simulate Item Push	hmcl	28329
			nowtime	准点报时	Now Time	hmcl	20506
			npcagent	村民智能体	npcagent	hmcl	18055
			npop	我讨厌权限修饰符-增强	NoPrivateOrProtected-Plus	hmcl	12331
			nps	拼音搜索Neo	NeoPinyinSearch	hmcl	22335
			nruium	泛金	Nruium	hmcl	11737
			ns_fd_rc	自然之灵-农夫乐事配方兼容	Nature's Spirit - Farmer's Delight Recipe Compat	hmcl	13786
			nsmer	没那么多实体渲染	NotSoManyEntityRendering	hmcl	15903
			nsn	不那么新	Not So New	hmcl	3991
			nstd	不要饿死	No Starve To Death	hmcl	469
			nsvirtualchest	新超级虚拟箱子	New Super Virtual Chest	hmcl	27467
			ntr	地狱迁跃堡	Nether Transition Remains	hmcl	7208
			nuclealloy	核金2	Nuclealloy2	hmcl	15686
			nuclearwastedisposal	核废料处理	Nuclear Waste Disposal	hmcl	28433
			nucleoplasm_json_edit	核质JSON修改	Nucleoplasm Json Edit	hmcl	10402
			numenors	努门诺尔物品	Numenor Sub Mod	hmcl	15893
			nutrition	营养学	Nutrition	hmcl	1271
			nutrition	营养学：非官方版	Nutrition Unofficial	hmcl	11501
			nyr	新年红	New Year Red	hmcl	24963
			nz_mod	星光的逆战模组	Stars_NZ	hmcl	10982
			nzpigeon_chairs	南织鸽子的椅子	Nzpigeon chairs	hmcl	5308
			oap	起源：算法幻影	Origins：Algorithmic Phantom	hmcl	19797
			obfuscate_lib_compatible	Obfuscate 兼容修复	Obfuscate Lib Compatible Fix	hmcl	26311
			obitoblade	拟态	Mimetic	hmcl	14501
			objection	异议！	Objection!	hmcl	15176
			oceanite	海洋合金	Oceanite	hmcl	6360
			oct	万能工作台	Omnipotent Crafting Table	hmcl	8853
			od_updater	初梦更新资源同步	ODUpdater	hmcl	20021
			offhandlights	副手光源	Offhand Lights	hmcl	14814
			offline-multiplayer	开启离线模式多人游戏	Offline Multiplayer	hmcl	10666
			offlineauth	离线认证	OfflineAuth	hmcl	21972
			ofstream_advancement	导出乐<进度>	Ofstream Advancement	hmcl	10104
			ofstream_fasrirr	导出乐<快速IRR>	OfstreamFastIRR	hmcl	10113
			ofstream_plastic	导出乐<聚合>	Ofstream Plastic	hmcl	10112
			ofstream_t	导出乐	OfstreamT	hmcl	10103
			ol	配置列表	OptionsList	hmcl	18932
			oldcombatsystem	旧版战斗系统	Old Combat System	hmcl	2404
			olderskins	还原旧皮肤	OlderSkins	hmcl	14152
			olorfulfont	自定义彩字	ColorfulRender	hmcl	12776
			omg	我没想挖这个	OopsMiningGuard	hmcl	25697
			omg_why_do_you_not_say	我去！不早说！！	OMG, WHY DO YOU NOT SAY!!!!!!!	hmcl	26019
			oneinventory	共用背包	One Inventory	hmcl	24116
			only_winter_dream	永冬幻境	Eternal Winter Mirage	hmcl	23541
			onlytp	仅传送	OnlyTP	hmcl	20921
			onlytpnext	仅传送Next	OnlyTPNext	hmcl	21403
			ooformula	公式加载器	Formula Loader	hmcl	28081
			open_file	千原万神	OpenFile	hmcl	26451
			opencmd	游戏指令窗	Open Command	hmcl	17313
			opencurios	饰品栏打开工具	OpenCurios	hmcl	20392
			opengldrawing	绘画	OpenGL Drawing	hmcl	2962
			optifine	高清修复	OptiFine	hmcl	36
			options_rewriter	Options重覆写	Options Rewriter	hmcl	28682
			ore_farm	矿物农场	Ore Farm Mod	hmcl	23376
			ore_features	矿异位：NeoForge	OreFeatures	hmcl	25192
			oredetector	矿石探测器	Ore Detector	hmcl	24219
			orelocator	矿石定位器	OreLocator Compass	hmcl	24468
			oreplus	矿物加强	OrePlus	hmcl	3244
			oreseed	更多附魔	OreSeed	hmcl	26587
			oreskeletons	矿石骷髅	Ore Skeleton	hmcl	25755
			oretogo	矿石快取 [测试版]	Ores To Go	hmcl	18601
			original_development	原版扩展	Original Development	hmcl	4099
			originiumtech	源石科技	OriginiumTech	hmcl	9309
			originswheelchair	起源：轮椅族	Origins: Wheelchair	hmcl	25217
			orikingcraft	未知之境:装饰品	OrikingCraft	hmcl	14193
			orthocamera	正交相机	OrthoCamera	hmcl	15600
			orthostatichypotension	体位性低血压	Orthostatic Hypotension	hmcl	28281
			osf	还原旧皮肤-Forge	OlderSkinsForge	hmcl	15724
			osmod	矿物生成扫描	Osmod	hmcl	7679
			osten_botanics	东洋花卉	Osten Botanics	hmcl	25393
			otf	万能翻译-Forge	OmniTranslationForge	hmcl	15682
			our	时间纪元	Time Era	hmcl	3924
			out_of_table	布响丸啦！[维度综合禁用]	Out of table	hmcl	12112
			overloaded_armor	护甲无上限	Armor Uncapped	hmcl	25046
			packrule-menus	数据包/游戏规则菜单	Datapack/Gamerule Menus	hmcl	12761
			packwizml	Packwiz 整合包加载器	Packwiz Modpack Loader	hmcl	28146
			paimonfoodrecooked	应急食品：重烹	Paimon Food: Recooked	hmcl	9933
			paintingofmcmod	百科艺术	PaintingOfMCMOD	hmcl	20000
			palaria	帕拉瑞亚	Palaria	hmcl	104
			paleoakbuildingmaterials	苍白橡木建材	Pale Oak Building Materials	hmcl	27257
			palladium	钯	Palladium	hmcl	16213
			pangu_spacing	盘古之白	Pangu Spacing	hmcl	28764
			panorama_changer	全景图切换器	Panorama Changer	hmcl	6537
			parasite_era	寄染之时	The Parasite Era	hmcl	14012
			parasite_era	寄染之时 · 重生	The Parasite Era: Reborn	hmcl	16471
			particle-unlimit	粒子上限解除	Particle Unlimit	hmcl	16032
			partyrecipes	派对食谱	PartyRecipes！	hmcl	5442
			passivesystemskill	被动熟练度系统	Passive System Skill	hmcl	14421
			pasterdream	帕斯特之梦：重生	PasterDream: Reborn	hmcl	28280
			pasterdream_beta	帕斯特之梦 旧版	PasterDream beta	hmcl	6253
			pathrope	路径绳	Path Rope	hmcl	28773
			pb	保护方块	Protect Block	hmcl	14962
			pdt	发包工具	PacketDebugTools	hmcl	13882
			peachwoodsword	桃木剑	PeachWoodSword	hmcl	1059
			pearl	珍珠加载区块移植	Pearl Chunk Loading	hmcl	20573
			pearlchunkloader	珍珠区块加载器	PearlChunkLoader	hmcl	22397
			pebbles	石子	Pebbles	hmcl	12067
			peca	carpet 假人扩展	Player Extend Carpet Addition	hmcl	11584
			perfectmending	完美经验修补	PerfectMending	hmcl	28754
			permanentnightvision	无痕夜视	Permanent Night Vision	hmcl	20287
			pestilence_of_the_marrow_	疫至深髓	Pestilence Of The Marrow	hmcl	18256
			petphraseclient	口癖	Pet Phrase	hmcl	7100
			petphraseplus	口癖plus	PetPhrasePlus	hmcl	8251
			petrified_wood	石化木	Petrified Wood	hmcl	16042
			phgirl	新生心智	Proto Hivemind Girl	hmcl	22504
			photontech	光子科技	Photon-Tech	hmcl	4697
			phtage	幻影时代	PhantomAge	hmcl	1046
			phtsg	虚化望远镜	Phantom Spyglass	hmcl	16506
			pianoplayer	钢琴块		hmcl	15368
			pickblocknbt	复制方块NBT1.7.10版	Pick Block NBT 1.7.10	hmcl	20857
			pickup	物品框交互优化	Pickup	hmcl	13617
			pickup_rules	物品拾取规则	Pick Up Rules	hmcl	24348
			pickupfilter	拾取筛	PickupFilter	hmcl	25836
			pilib	圆周率	PILib	hmcl	9650
			pillarbinshu	牛顿满意柱		hmcl	10358
			pillow	枕头模组加载器	Pillow Mod Loader	hmcl	14422
			pineapple	梦见凤梨	Dream With Pineapple	hmcl	6276
			pineapple_coffee	凤梨咖啡	Pineapple Coffee	hmcl	12148
			pineapple_item_export	图片渲染导出凤梨版	Pineapple Item Export	hmcl	10716
			pineapple_recipe_book	凤梨烹饪书	Pineapple Recipe Book	hmcl	11499
			pinyinsearch	拼音搜索	Pinyin Search	hmcl	22313
			pipeslide	管道速滑/爽滑满天	PipeSlide	hmcl	11455
			pixel_glasses_plus	像素墨镜Plus	Pixel Glasses Plus	hmcl	14019
			pixel_tarot	像素塔罗牌	Pixel Tarot	hmcl	5132
			pixelartist	更多方块	XtraBlocks	hmcl	22314
			pixelmon	宝可梦 世代	Pixelmon Generations	hmcl	4056
			pixelmon	精灵宝可梦	Pixelmon	hmcl	49
			pixelmon_master_ball_addon	宝可梦大师球追加	pixelmon master ball addon	hmcl	21901
			pixelmondetector	Pixelmon探测器	PixelmonDetector	hmcl	13556
			pixelmoninfoplus	更多宝可梦信息	Pixelmon Info Plus	hmcl	4251
			pixelradar	宝可梦雷达	PixelRader	hmcl	14131
			pjwto	猪灵贸易	PiglinJoinWTO	hmcl	20859
			plant_spread	植物蔓延	Plant Spread	hmcl	17386
			planties_delight	莳蔬乐事	Planties Delight	hmcl	20193
			platearmour	装备拓展	arrmor and sword	hmcl	12672
			plateplate	板板	PlatePlate	hmcl	14961
			play_time_statistics	玩家在线时间统计	PlayTimeStatistics	hmcl	18646
			player_action_monitor	玩家行为监控	Player Action Monitor	hmcl	20238
			player_drop_head	玩家掉落头颅	Player Drop Head	hmcl	18859
			player_trading_dmzlwkssb	玩家交易	Player Trading	hmcl	21951
			playerattributes	玩家属性点	PlayerAttributes+	hmcl	6553
			playerdailyshop	每日商店	DailyShop	hmcl	18234
			playerhuds	玩家HUD显示优化	PlayerHudShow	hmcl	6896
			playtime	游戏时长计数器：重生	Playtime Reborn	hmcl	15911
			playtimeremake	游戏时长计数器重置版	Playtime Counter Remake	hmcl	12715
			plgj	破烂工具数据包		hmcl	27152
			plne	原版一键整理	Vanilla Mod Neat	hmcl	2327
			plustic	匠魂扩充	PlusTiC	hmcl	670
			plutonium	钚	Plutonium	hmcl	24602
			pm	图片信息	PictureMessage	hmcl	15142
			pmfreborn	应急食品：重制	PaimonFood:Reborn	hmcl	5976
			pokeball	精灵球	Pokeball	hmcl	19704
			ponder	思索	Ponder	hmcl	19259
			portal_block_item	传送门方块物品		hmcl	10244
			portalcraft	传送门工艺	PortalCraft	hmcl	2990
			portalpatch	下界传送门按键补丁	Nether Portal Patch	hmcl	7047
			portalsupercache	传送门超级缓存	Portal Super Cache	hmcl	2037
			possessblocks	附身方块	Possess Blocks	hmcl	6437
			potioncore	药水核心重制	PotionCoreReloaded	hmcl	15616
			potionenchant	药水附魔	PotionEnchant	hmcl	22561
			potionenchanting	趣味药水附魔	PotionEnchanting	hmcl	3638
			potionmosaic_	药水镶嵌宝石	PotionMosaic	hmcl	3637
			potionofbadomen	不祥之兆药水		hmcl	7271
			potmod	阁下的大锅	The Cauldron Of Excellence	hmcl	21905
			pouchofunknown	未知之袋：重置	Pouch of Unknown Reloaded	hmcl	5878
			powerdrop	战斧	Tomahawks	hmcl	11576
			powerrocket	动力火箭	PowerRocket	hmcl	26684
			powersuits	模块化动力套装扩展	Modular Powersuits Addons	hmcl	275
			ppapmod	笔菠萝苹果笔	Pen Pineapple Apple Pen Mod	hmcl	614
			precisepickup	精准拾取	Precise Pickup	hmcl	24616
			preemptiveedition	1.17“抢先版”	PreemptiveEdition17	hmcl	3263
			prefab-custom-addon	预制建筑附属		hmcl	27917
			prehistoric	前古代优化	Prehistoric	hmcl	23862
			prettyhitboxes_createaddition	可配置的碰撞箱显示-机械动力功能附加	Pretty Hitbox-Create Addition	hmcl	16926
			prf	快速联机	PrfAgent	hmcl	19061
			primeval	原初	Primeval	hmcl	17372
			prismarine	海晶合金		hmcl	18014
			prismatic_sorcery	七彩魔法	Prismatic Sorcery	hmcl	7296
			privateseed	保密种子	Private Seed	hmcl	21439
			prma	机械动力：精制工艺	Create: Precise Manufacturing	hmcl	15107
			programmablehatches	可编程仓室	Programmable-Hatches-Mod	hmcl	18461
			project_light	光之种计划	Project Light	hmcl	21261
			projecta	代号 A	ProjectA	hmcl	8430
			projecte.max	等价交换max	ProjectE Max	hmcl	8727
			projectes_delight	等价乐事	ProjectE's Delight	hmcl	25652
			projectexpansion	等价：终极之星重置	Equivalent Exchange Rebalance The Final Star	hmcl	28845
			projectphoenix	凤凰计划	Project Phoenix	hmcl	28095
			projectreflection	反射计划实验室	PRLabs/Project Reflection	hmcl	13121
			proof_of_hono	荣誉的证明	Proof of Honor	hmcl	21275
			protector	存档保护器	Protector	hmcl	7189
			providencraft	普罗维登	Providencraft	hmcl	6114
			pseudo	伪刃：虚伪重构	Pseudo	hmcl	26241
			pumpkineve	南瓜前夜	Pumpkin Eve	hmcl	26123
			pvperms	Proton 原版命令权限	ProtonVanillaPermissions	hmcl	13082
			pvz	HTPVZ 重构	HungTeen's Plants vs. Zombies Reconstruction	hmcl	18636
			pvz	HungTeen的植物大战僵尸95版	HungTeen's Plants vs Zombies 95	hmcl	10945
			pvz	植物大战僵尸2	Plants vs Zombies 2	hmcl	4350
			pvz_mod	大方的山羊和道具的植物大战僵尸模组	Generous goats and props 's Plants Vs Zombies mod	hmcl	5690
			pyrotechnicraft	烟火工艺	Pyrotechnicraft	hmcl	7118
			qcm	快捷聊天信息	QuickChatMessages	hmcl	18521
			qdf	日予签到	Qiandao For	hmcl	8336
			qemenu	QE菜单	Quick Easy Menu	hmcl	3221
			qfm	快捷功能菜单	QuickFeatureMenu	hmcl	13552
			qi_hypermanagement_system	齐 超管系统	Qi's Hypermanagement System	hmcl	11712
			qiq2i	时间追逐生存挑战	WorldChallenge	hmcl	6750
			qiq2i_clga1	时间追逐生存挑战	WorldChallenge	hmcl	6750
			qis4c4	Qis的C4	C4	hmcl	19708
			qismorecommands	齐的更多命令	Qi's More Commands	hmcl	21882
			qmtj	切木头机数据包		hmcl	15303
			qubit	丘比特 (量子比特)	Qubit	hmcl	22052
			quenching	淬火	Quenching	hmcl	19431
			quick_chat	快捷聊天	Quick Chat	hmcl	14534
			quick_fix_iron_golem	快速修复铁傀儡	Quick Fix Iron Golem	hmcl	7209
			quickmenu	快捷菜单	Quick Menu	hmcl	16490
			quickonlinemod	快捷联机	QuickOnlineMod	hmcl	13921
			quickorganizer	快捷背包整理	QuickOrganizer	hmcl	25716
			quickpack	快速收纳	Quick Pack	hmcl	26512
			quickping	快捷宣告	QuickPing	hmcl	23192
			quickswap	快速切换物品栏	Quick Swap	hmcl	23031
			quicktakeoff	快速起飞	Quick Takeoff	hmcl	11112
			quicktp	可视化面板传送	Quick Teleport	hmcl	27564
			quietly	安静开箱	Quiet Unboxing	hmcl	28342
			quitornot	退出前确认：复生	QuitOrNot Revived	hmcl	25951
			qwxlgun	秋晚夕落的枪	Qwxl's guns	hmcl	5795
			qz_miner	爆破连锁	Qz-Miner	hmcl	18466
			ra2sa	红警2救世		hmcl	7486
			railway_accelerator	你有这么高速运转的矿车进入中国	railway accelerator	hmcl	15877
			rain_g	禁止蝙蝠生成	RemoveBats	hmcl	10967
			randgradle	随机合成	randgradle	hmcl	14968
			random-botany	随意植物学	RandomBotany	hmcl	4873
			random-drop	随机掉落	Any Random-drop	hmcl	26762
			random-world-names	随机世界名称	Random World Names	hmcl	26844
			random_block	随机方块	Random Block	hmcl	12037
			random_clover	随机四叶草	Random Clover	hmcl	16223
			random_events	随机事件	Random Events	hmcl	28148
			random_sleeping_ratio	随机睡眠比例	Random sleeping ratio	hmcl	10768
			random_teleport	随机传送	Random Teleport Mod	hmcl	9065
			random_world	随机错乱的世界	Random World	hmcl	18569
			randombirth	随机出生点	RandomBirth	hmcl	11029
			randomblock	随机发生器	RandomBlock	hmcl	25105
			randomblocks	随机方块空岛生存		hmcl	24764
			randomcmd	随机命令	Random Command	hmcl	25115
			randomflower	一些随意的花朵	Some Random Flower	hmcl	17703
			randomoptimization	随意优化	Random Optimization	hmcl	24314
			rankboard	排行榜计分板	RankBoard	hmcl	28857
			rationalcraft	合理配方	RationalCraft	hmcl	28614
			ravensmod	不死图腾重制	ReformUndyingTotem	hmcl	21931
			rcroads	真实公路	RC Roads	hmcl	1534
			rdfim	随机难度	Random Difficulties For Improved Mobs	hmcl	14876
			rdmr	随机死亡消息：重生	RandomDeathMessageReborn	hmcl	16308
			re	随机附魔	RandomEnchant	hmcl	12441
			readstar	占星术	ReadStar	hmcl	21468
			real_compost	下蹲堆肥	Real Compost	hmcl	18856
			real_time	现实时间		hmcl	15927
			realdamage	真实伤害	RealDamage	hmcl	13151
			realistic_cruelty	真实残忍	Realistic Cruelty	hmcl	9206
			reality_value	真实的值	RealityValue	hmcl	28825
			really_forge	真的锻造！	Really Forge!	hmcl	12621
			realplace	真实置物	RealPlace	hmcl	27876
			realpotidea	脑洞瓦工	Pot's Idea	hmcl	19421
			realtotem	真实的图腾	RealTotem	hmcl	17828
			realworld	真实的世界	RealWorld	hmcl	3052
			rebirth_hourglass	重生沙漏	Respawn Hourglass	hmcl	11595
			recasting	重铸	Recasting	hmcl	13811
			recipecooldown	配方冷却	RecipeCooldown	hmcl	20509
			recipedumper	合成表导出	RecipeDumper	hmcl	4341
			recipeoverrides	原版合成覆写		hmcl	16097
			reciperenderer	配方渲染	Recipe Render	hmcl	15450
			recipes_export	合成表导出	Recipes Export	hmcl	9453
			recipesapi	配方 API	Recipes API	hmcl	22044
			recipestagesjs	配方阶段	Recipe Stages JS	hmcl	17624
			reclamation	填海/压液丢泽	Reclamation	hmcl	12952
			redeemcode	极简兑换码	Ehub Redeemcode	hmcl	26668
			redefined_baking	重定义烘焙	Redefined Baking	hmcl	7492
			redlantern	红石灯笼	Redstone Lantern	hmcl	21733
			redstoneextra	红石拓展	RedStoneExtra	hmcl	20592
			redstonehooker	偷盗工程师	RedstoneHooker	hmcl	12513
			redstoneminusredstone	红石减红石	Redstone Minus Redstone	hmcl	1611
			redstones_expansion	红石的扩展	Redstone's Expansion	hmcl	16132
			refinedstoragelinker	精致存储：链接	Refined Storage Linker	hmcl	27266
			reflectcommand	反射命令	Reflection Command	hmcl	4021
			registerhelper	配方编辑器	RecipeHelper	hmcl	22065
			reign	王权	Reign	hmcl	7132
			reiminimap	Rei的小地图	Rei's Minimap	hmcl	5096
			reinforcedtoolsreloaded	强化工具重置版	ReinforcedToolsReloaded	hmcl	20792
			relatively-brittle-deepslate	易碎深板岩	Brittle Deepslate	hmcl	10873
			release_these_fish	放生	Release These Fish!!!	hmcl	14631
			relicsofthesky	空岛遗物	Relics of the Sky	hmcl	12452
			reminder	神秘健忘男	Reminder	hmcl	23201
			remoteresourcepack	远程资源包	Remote Resource Pack	hmcl	14280
			removefancyoak	移除珍异橡树/削碧栽直	Remove Fancy Oak	hmcl	10834
			removespeeddetection	移除服务端速度检测消息	RemoveSpeedDetection	hmcl	19202
			renderlimiter	渲染抑制器	RenderLimiter	hmcl	22336
			rensumo_enchanted_books_addition	Rensumo 的附魔书附加包	Rensumo Enchanted Books Addition	hmcl	18501
			renying	刃影附魔	RenYing	hmcl	27283
			repetphrase	口癖重制版	Re: PetPhrase	hmcl	24549
			replace_block	方块替换	ReplaceBlock	hmcl	23411
			replaymod	录像回放	Replay Mod	hmcl	1203
			res	随机鸡蛋	RandomEggs	hmcl	13782
			resonantinduction	谐振感应	Resonant Induction	hmcl	258
			restore_ore	复原矿石|高版本移植	Restore Ore	hmcl	20901
			reterraforged	地形重锻：重置	ReTerraForged	hmcl	18742
			revengeance	复仇模式	Revengeance	hmcl	20142
			reverie_dreams	梦隐的幻想乡	Gensokyo Reverie of Lost Dream	hmcl	21405
			reverie_dreams_polymerify	梦隐的幻想乡：Polymer 兼容性补丁	Polymer Patch For Gensokyo: Reverie of Lost Dreams	hmcl	26944
			reversecraft	逆向合成台	ReverseCraft	hmcl	1228
			rflcmd	反射命令	Reflection Command	hmcl	4021
			rhythm	简单的音游	Easy Rhythm	hmcl	27878
			rice_dumpling	粽子	With RiceDumpling	hmcl	12013
			ridehorse	我要策马	RideHorse	hmcl	8692
			rider_jade	自定义骑士	RiderJade	hmcl	21093
			riftwind	圣痕裂风	Sacred Riftwind	hmcl	18587
			rip	配方藏在代码里！	Recipe In Programming	hmcl	10253
			rit	随机物品名称	RandomItemText	hmcl	14292
			ritual_crafting_table	仪式合成台	Ritual_crafting_table	hmcl	28852
			rivalrebels	未来战争	Rival Rebels	hmcl	1319
			ro_ss	懒狗生存	Simple Survival	hmcl	5648
			road_stuffs_refabricated	道路重置版	Road Stuffs Refabricated	hmcl	8102
			road_to_the_truth	真理之路	Road To the Truth	hmcl	5056
			roadandtrafficlights	沥青路		hmcl	16572
			roadchina	道路中国	Road China	hmcl	9233
			rockpaperscissors	石头剪刀布	Rock Paper Scissors Shoot	hmcl	27597
			rojiuramod	路地裏 MOD	Rojiura Mod	hmcl	28550
			rolling_gate_rzf_addition	人哉肥的卷帘门附加包	Rolling Gate RZF Addition	hmcl	22343
			rotd	龙之领域	Realm Of The Dragons	hmcl	1133
			rotp_cm	RotP：新月附属	Ripples of the Past: C-Moon Addon	hmcl	16959
			rotp_mandom	RotP：男人领域附属	Ripples of the Past: Mandom Addon	hmcl	16932
			rotp_mih	RotP：天堂制造附属	Ripples of the Past: Made in Heaven Addon	hmcl	16958
			rotp_waytoheaven	RotP：天堂之路附属	The Way to Heaven (Ripples of the Past addon)	hmcl	17127
			rotp_whitesnake	RotP：白蛇附属	Whitesnake Addon (Ripples of the Past)	hmcl	16957
			rotp_zbc	RotP：极恶中队附属	Ripples of the Past: Bad Company Addon	hmcl	18086
			rotp_zhp	RotP：紫色隐者附属	Ripples of the Past: Hermit Purple Addon	hmcl	15477
			rotp_zwa	RotP：白色相簿附属	White Album (Ripples of the Past addon)	hmcl	17126
			roughly_enough_fang	稍微来点獠牙！	Roughly Enough Fang	hmcl	11018
			rpgapocalypticevolution_reset_mod	RPGAE天启进化K版	RPGAE	hmcl	28774
			rpgdurability	RPG装备耐久	RPG Durability	hmcl	6932
			rpgmaths	RPG数学家	RPG Maths	hmcl	3010
			rpgtool	RPG时代	RPGEra	hmcl	3258
			rs	重生！	Respawn!	hmcl	14641
			rsigntip19	移除签名警告	Remove Sign Tips	hmcl	7054
			rsring	吸收戒指和经验泵	RS Rings and Tanks	hmcl	24635
			rtb	随机标题：重生	RandomTitleReborn	hmcl	15552
			rtj	放射性同位素温差供能喷气背包	Radioisotope Thermoelectric Jetpack	hmcl	1554
			rtorch	减速火把	RetardTorch	hmcl	7159
			rts	渲染工具	RenderTools	hmcl	15361
			rtt	重置时间科技	Reset Time Technology	hmcl	18821
			ruby_mod	飞德乐事	Feeder	hmcl	25741
			rulemod	条款扉页	RuleMod	hmcl	28142
			ruthenium	钌	Ruthenium	hmcl	12846
			rwbyCraft	四色战记	RWBY Craft	hmcl	982
			rwfj	彩虹扳手	RainbowWrenchForJei	hmcl	19638
			rws	移除欢迎界面	RemoveWelcomeScreen	hmcl	14162
			rx-boss	荏心Boss	RX-Boss	hmcl	25548
			ryansrenderingkit	渲染 • 龙	Ryan's Rendering Lib	hmcl	25861
			ryuichimonji	龙一文字	RyuIchimonji	hmcl	3622
			sable_harvester_fix	Sable收割机补丁	SableHarvesterFix	hmcl	27191
			sablefanconfig	航空学-额外配置	SableFanConfig	hmcl	26821
			safe-respawn	安全重生	Safe(ish) Respawn	hmcl	22014
			safefarmland	耕地保护	SafeFarmland	hmcl	22317
			safeparrots	安全的鹦鹉	Safe Parrots	hmcl	28203
			safety	更安全的MC	Safety	hmcl	8135
			safety_backpack	安全背包	Safety Backpack	hmcl	14456
			sakura_journey	樱花旅途	Sakura Journey	hmcl	28386
			sakura_sign_in	樱花签	Sakura Sign-In	hmcl	17460
			sakura_sign_in	樱花签-Fabric	Sakura Sign-In Fabric	hmcl	18524
			saligia	炼金重铸计划-七宗罪	PROJECT_saligia	hmcl	1192
			salt_fish_craft	咸鱼工艺	Salt Fish Craft	hmcl	2469
			salt_refined	盐：精炼	Salt Refined	hmcl	25360
			salted_fish	咸鱼	Salted Fish	hmcl	21164
			sand_basic	简易配方·进度	Easy Recipes · Progress	hmcl	16101
			saosaodi	掉落物清理	SaoSaoDi	hmcl	21724
			satr	我TM睡睡睡睡睡睡睡：重铸	Sleep AnyTime:Reborn	hmcl	16804
			sauces	涂酱	Sauces	hmcl	11920
			sc	压缩石锤	Stone Hammer	hmcl	9881
			scandy	糖果创意	Cnady Create	hmcl	7931
			scarecrow	盔甲架：引诱敌者	scarecrow	hmcl	21133
			scavenge	搜刮物品	Item Scavenging	hmcl	27106
			scavengerdropcleanser	掉落物清道夫	Drop Scavenger	hmcl	27578
			scb	简易客户端：基础	SimpleClientBase	hmcl	17051
			scc	简易客户端：指令	SimpleClientCommands	hmcl	17131
			schemvision	可视化投影编辑	SchemVision	hmcl	28727
			school	中国式学校	Chinese School Mod	hmcl	12931
			schoolnext	中国式学校	Chinese School Mod	hmcl	12931
			sciencenotleisure	格雷不休闲	GT Not Leisure	hmcl	23997
			scm	史莱姆工艺&火枪	Slime's Craft&Musket	hmcl	9825
			scm	简易客户端：模块	SimpleClientModules	hmcl	17226
			scombridization	局在之鲭	Scombridization	hmcl	24448
			scoreboard-helper	记分板助手	Scoreboard Helper	hmcl	11019
			scoreboardbackup	计分板备份	Scoreboards Backup	hmcl	8883
			scpex	SCP轻型扩展	SCP Expansion	hmcl	2425
			scprein	SCP基金会2	SCP Craft 2	hmcl	941
			scraft	SC科学创造	Scientific Craft	hmcl	899
			screenshotuploader	截图上传器	Screenshotuploader	hmcl	20614
			scriptblock	脚本方块	With Script Blocks	hmcl	10356
			sctz_ywsj	只要听话就不会死！		hmcl	9254
			sdmshopextended	SDM Shop：拓展	SDM Shop Extended	hmcl	21894
			seafloor_gardening	海底花园	Seafloor Gardening	hmcl	23083
			searchablecontainers	可搜索容器：重遍历	Searchable Containers: Retraversal	hmcl	6875
			searchonmcmod	MC百科搜索	Search on MCMOD	hmcl	17975
			searchonmcmod	MC百科资料搜索：再重生Pro mini	MCMOD Item Search Reborn Again Pro mini	hmcl	19692
			seared_furnace_calculator	匠魂计算器	Seared Furnace Calculator	hmcl	14289
			seasons-api	季节 API	Seasons API	hmcl	23271
			seat_ball	原版座位	Seat Ball	hmcl	17397
			section31	简单监控	Section 31	hmcl	18765
			secular_seven_reigns	尘世七执政	Secular Seven Reigns	hmcl	11891
			secureexplosion	爆炸保护	SecureExplosion	hmcl	3716
			seelescraft	希儿的工坊	Seele's Craft	hmcl	21141
			sei	SEI 物品管理器	Surely Enough Items	hmcl	6169
			sekirodiedscreen	只狼死亡界面：重生	SekiroDiedScreen	hmcl	25068
			self_destruct	自毁	Self Destruct	hmcl	28671
			selfdeprecating_bear	自嘲熊	Self-deprecating Bear	hmcl	20791
			sellbinfixplus	出货箱服务器修复	sellbinfixplus	hmcl	23063
			ser	刷怪蛋配方	Spawn Eggs Recipes	hmcl	8266
			ser_for_alex	刷怪蛋配方	Spawn Eggs Recipes	hmcl	8266
			server-market	服务器市场	Server Market	hmcl	20148
			server_cmd	服务器指令	Server Cmd	hmcl	6070
			server_economy	Fallenflower的服务器经济	Fallenflower's Server Economy	hmcl	20648
			server_expansion	扫地小狐	Server Expansion	hmcl	19696
			serverauth	服务器登陆模组	ServerAuth Mod	hmcl	25831
			serverlistbufferfixer	服务器列表缓冲崩溃修复版	ServerlistBufferCrashFixer	hmcl	19443
			servermanager	服务器管理工具	ServerManger	hmcl	28353
			setblock_tnt	TNT生成	SetBlock-TNT	hmcl	17429
			setdimension	维度传送	SetDimension	hmcl	23108
			sfb	简易全亮	SimplestFullBright	hmcl	15973
			sfssfz	四方食事-福州DLC	Cuisine of World for Fuzhou	hmcl	11592
			shadersmod	光影模组核心	Shaders Mod Core	hmcl	2321
			shadow_charlie	黑暗中的查理	Shadow Charlie	hmcl	18079
			shamanry	巫媒	Shamanry	hmcl	731
			shanhaicontinent	山海大陆	Mountain Sea and Continent	hmcl	12596
			sharedinv	共享物品栏	Shared Inventory	hmcl	25109
			sheeps_tools	绵阳的特效工具	Sun Sheep's Tool	hmcl	19281
			sheng_xi	笙汐		hmcl	15384
			shieldindicator	盾牌指示器	Shield Indicator	hmcl	20935
			shinoyuki_betterautosave	更好的自动保存	Shinoyuki BetterAutoSave	hmcl	28305
			shiny	异格/异色	Shiny	hmcl	11614
			shiny_netherite	原版下界合金修改	ShinyNetherite	hmcl	6260
			shizuku	雫拔刀剑	ShizukuBlade	hmcl	21531
			shmetro	上海地铁装饰组件	MTR Shanghai Wetro Addon	hmcl	11554
			shouldersurfing	越肩视角	Shoulder Surfing	hmcl	116
			show_key	按键显示	show key	hmcl	12861
			showdurability	显示耐久	Show Durability	hmcl	8518
			showfps	显示FPS	ShowFPS	hmcl	23694
			shrgt	社会人梗图	peduncle	hmcl	4430
			shropshire	什罗普郡的花园		hmcl	8031
			shulkerfix	潜影盒堆叠修复	Stackable Shulkers Fix	hmcl	22139
			shxiuxian	山海仙途	shxiuxian	hmcl	19572
			sic	锻铁工艺	Strike Iron Craft	hmcl	4566
			sickle_core	镰刀核心	Sickle Core	hmcl	24814
			signeditgui	告示牌编辑器	Bamboo Sign Editor	hmcl	10813
			signfinder	告示牌查找器	Signfinder	hmcl	21789
			signin	签到系统	SignIn	hmcl	8460
			sihywtcamc-unofficial-port	So I heard you were talking crap about Minecraft's combat? - 非官方移植	sihywtcamc unofficial port	hmcl	18643
			silkfalling	精准着陆	Silk Falling	hmcl	10594
			silver	银世界模组	Silver World Mod	hmcl	4539
			silverlighting	未尽之事	SilverLighting	hmcl	14906
			simeplesign	简单标记	SimpleSign	hmcl	12757
			simple-translation	简单翻译	SimpleTranslation	hmcl	23154
			simple_campfire	简易营火	Simple Campfire	hmcl	23231
			simple_path_finder	简单路径查找器	SimplePathFinder	hmcl	28609
			simple_survive	蓟县生存	Simple ? Survival	hmcl	18634
			simple_tetra_js	我要造词	Simple Tetra Js	hmcl	17118
			simplecom-client	简单的通讯器	SimpleCom	hmcl	25496
			simplecomforkook-mod	简单的通讯器连接KOOK	SimpleComforKOOK	hmcl	25574
			simpledeserteagle	简单沙鹰	Simple Desert Eagle	hmcl	13027
			simplelocks	简单的锁	SimpleLocks	hmcl	21934
			simplepaperdoll	简单的纸娃娃	Simple Paper Doll	hmcl	22768
			simpletp	简单传送	SimpleTP	hmcl	20587
			simply_create_model	简单动力	Simply Create Model	hmcl	15909
			simpocotton	简单棉花	SimpoCotton	hmcl	18731
			simupack	模拟大都市：筑艺坊	Simupack	hmcl	25722
			sincere	认主的投掷武器	Sincere	hmcl	22455
			singleslotitem	单格单存物	Single Slot Single Item	hmcl	24618
			sinobrush	华夏云墨	SinoBrush	hmcl	17838
			sinocraft	华夏工艺	SinoCraft	hmcl	3025
			sinofestival	华夏节令	Sinofestival	hmcl	22377
			sire	简改焕新	Simple Improvement Renew	hmcl	20904
			sit_down	坐下伙计！	Sit Down Dude！	hmcl	10359
			siwangyinyve	专业团队music	siwangyinyve	hmcl	3652
			sj	升级！变强！	SJ Mod	hmcl	24809
			skeleton_creeper	骷髅苦力怕	Skeleton Creeper	hmcl	12583
			skillpractise	技能练习	SkillPractise	hmcl	20401
			skiphand	莫莫的折跃之手	Momo's SkipHand	hmcl	15065
			skullbug	重新引入头颅BUG	Skull Bug Reintroducer	hmcl	16187
			sky_flied_lib	天空领域前置	Sky Flied Dependence	hmcl	4889
			sky_lanterns	孔明灯/天灯	Sky Lanterns	hmcl	1597
			skylanterns	孔明灯重制版	Sky Lanterns Reload	hmcl	5713
			skylanternsreborn	孔明灯 重生版	Sky Lanterns Reborn	hmcl	27399
			sl	强运	StrongLuck	hmcl	17613
			slashblade	拔刀剑：再重织	SlashBlade: RE-Refabricated	hmcl	24053
			slashblade.housamo	犬仕双刃	Slashblade-Housamo	hmcl	3573
			slashblade.kitsunekamuya	拔刀剑附属：御神刀「神狐」	SlashBlade-KitsuneKamuya	hmcl	3620
			slashblade.qian	魔刀千刃	Qian The mighty Blade	hmcl	3592
			slashblade.shinkuofuda	拔刀剑附属：炼狱刀「真红」	Slashblade-ShinkuOfuda	hmcl	3621
			slashblade.twilighttsuki	暮色月光	Slashblade-TwilightTsuki	hmcl	5655
			slashblade.yukari	结月刀改	Yukari	hmcl	24421
			slashblade_fabric_RE_addons	拔刀剑：再重织附属包	SlashBlade Refabricated RE-Addons	hmcl	24077
			slashbladeheavyweapon	重型化拔刀剑	SlashBlade Heavy Weapon	hmcl	28712
			slashfortifier	拔刀强化器	Slash Fortifier Plus	hmcl	2606
			sleep	睡！	Sleep	hmcl	17771
			sleepanytime	我TM睡睡睡睡睡睡睡	Sleep AnyTime	hmcl	11879
			sleepatease	安心睡觉	SleepAtEase	hmcl	14362
			slide_show	幻灯片	Slide Show	hmcl	3878
			slideshow	幻灯片：增强	Slide Show Pro	hmcl	18445
			slimecraft	史莱姆工艺	SlimeCraft	hmcl	1282
			sm	简易地图	SimpleMap	hmcl	17721
			smallchisel	小凿子	Small chisel	hmcl	15563
			smallphone	小手机	Small Phone	hmcl	23005
			smart-elytra	智能鞘翅	SmartElytra	hmcl	17968
			smartport	金融学:智能端口	Numismatics:SmartPort	hmcl	28162
			smithing_template	懒人锻造模板	Lazy people forge templates	hmcl	10632
			smooth_swapping	平滑转移 1.20.4 移植	Smooth Swapping 1.20.4 Port	hmcl	14901
			smoothscroll	平滑滚动	Smooth Scrolling	hmcl	12164
			smr	平滑基岩层-Forge	Smoother Bedrock-Forge	hmcl	13841
			smwl	简易模组白名单	SimplestModWhiteList	hmcl	16302
			snackcraft	零食工艺	SnackCraft	hmcl	20931
			snowballshitplayers	雪球可以击退玩家	Snowballs Hit Players	hmcl	11746
			snowpack	积雪	Snowpack	hmcl	1944
			snowwaifu	雪の嫁	Snow Waifu	hmcl	14111
			snyke7_Transformers	变压器	Transformers	hmcl	16
			so_crazy_try	趣亦合成	So Crazy Try	hmcl	18083
			socrates_philosophy	苏格拉底之哲学	Socrates' Philosophy	hmcl	26031
			sodium-sight-distance-unlocked	钠视距解锁	Sodium Sight Distance Unlocked	hmcl	8150
			sodiumfix	Sodium 临时崩溃修复	Sodium Crash Fix	hmcl	7276
			sokoban	推箱子	Sokoban	hmcl	18454
			sol2f	生活调味料：胡萝贝版	Spice of Life: Fabric Flavor	hmcl	21661
			sol_pineapple	生活调味料：凤梨版	Spice of Life: Pineapple Edition	hmcl	12918
			soldisco	生活调味料：探索	Spice of Life: Discovery	hmcl	21536
			solidarytinker	工匠联合	SolidaryTinker	hmcl	16426
			solidcmd	地狱门输入补丁	Solid Command UI	hmcl	2028
			solomon	所罗门之钥	The Solomon Key	hmcl	5665
			some_small_features	一些小特性	Some Small Features	hmcl	13267
			somefunstuff	葬送的魔法	Frieren's Magic	hmcl	22795
			someone_things	狼尾杂物	Things	hmcl	8239
			somethoughts	一些想法	Somethoughts	hmcl	24378
			song_of_ending_damage_limiter	终焉颂歌：自定义实体限伤	Song of Ending: Custom Entity Damage Limiter	hmcl	23601
			sonicmod	刺猬索尼克	Sonic the Hedgehog Mod	hmcl	18539
			sophon	智子	Sophon-Architectury	hmcl	10027
			sophring	十泉汤	Sophring	hmcl	11922
			sorln	限制格数的生存	Survival of restricted lattice number	hmcl	8185
			sorry-we-dont-have-enough-funds-to-provide-you-with-an-ender-dragon-lite-edition	对不起，我们没有充足的资金为您提供一只末影龙-精简版	Sorry We Don't Have Enough Funds To Provide You With An Ender Dragon-Lite Editon	hmcl	19909
			sorrywehavetooenoughfundstoprovideyouwithenderdragon	对不起，我们有过于充足的资金为你提供末影龙	SorryWeHaveTooEnoughFundsToProvideYouWithEnderDragons	hmcl	20283
			sorted-enchants	附魔排序	Sorted Enchants	hmcl	11728
			soul	魂力	Soul	hmcl	8665
			soul_stone_mod	天与魂石	TianYuHunShi	hmcl	28036
			soulbinding	灵魂绑定	Soulbind	hmcl	21782
			soulcraft	灵魂工艺	SoulCraft	hmcl	23512
			soulforest	灵魂森林	Soul Forest	hmcl	626
			soulforging	灵魂锻造	Soul Forging	hmcl	4409
			souloflegends	只狼死亡界面	SekiroDiedScreen	hmcl	16281
			soundproofmod	我想静静	Soundproof Mod	hmcl	24271
			soup_pot_texture_expansion	森罗厨房：乐此不疲	Kaleidoscope Texture Expansion	hmcl	24536
			spaceplane	三体工业：空天科技	Space&SkyTechnology	hmcl	7310
			spawn	tpa传送命令		hmcl	16689
			spawn_eggs_recipes	刷怪蛋配方	Spawn Eggs Recipes	hmcl	8266
			spawneggs	刷怪蛋	Spawn Eggs	hmcl	18695
			spawner-egg-recipes	刷怪笼蛋配方	Spawner Egg Recipes	hmcl	19542
			spec	切旁观数据包	spec	hmcl	17326
			spectators-generate-loot	旁观者生成战利品	Spectators Generate Loot	hmcl	22016
			spedosketeleportationcommands	传送指令	Teleportation Commands	hmcl	3370
			speed_uuuuuuup	加加加加加加加速！	Speed Uuuuuuup	hmcl	20858
			spellbooks_attribute	铁魔法属性	Spellbooks Attribute	hmcl	17091
			spellbooks_attributes_reforged	铁魔法属性：重铸 (改)	Spellbooks Attributes：Reforged Changed	hmcl	26566
			spellbooktiers	更多法术等级	Spellbook Tiers	hmcl	28547
			spelling_and_crafting	魔法字母	Spelling	hmcl	14616
			spellweaver	织法者2	Spellweaver2	hmcl	27247
			spiceoflifelatiao	生活调味料：辣条版	Spice Of Life: Latiao	hmcl	22079
			spit_splat	唾溅兽 Fabric 版	Spit Splat [Fabric]	hmcl	15127
			splash	闪烁	Splash	hmcl	10558
			splashfox	狐狸加载界面	SplashFox	hmcl	9056
			spmreborn	烤地瓜：重生	Sweet Potato Reborn	hmcl	17173
			sponge	海绵端插件支持 Forge 版	SpongeForge	hmcl	1459
			spongeapi	海绵端插件支持 Forge 版	SpongeForge	hmcl	1459
			spongeforge	海绵端插件支持 Forge 版	SpongeForge	hmcl	1459
			spongeneo	海绵端插件支持 NeoForge 版	SpongeNeo	hmcl	16825
			spore_mini_additions	真菌感染孢子：MINI扩展包	Fungal Infection Spore: MINI Additions	hmcl	23208
			squirrelmod	小松鼠	Small Squirrel	hmcl	17124
			srpaig	逃逸：无适应性发生器	Scape and Run Parasites Addon: Immalleable Generator	hmcl	16265
			srphf	寄生体血量修复	SRP Health Fix	hmcl	28207
			ss	屏保	Screensaver	hmcl	16702
			ssHookShot	立体机动装置	Hookshot	hmcl	84
			ssfsb	四方食事	Cuisine of World	hmcl	11432
			st	启动提示音	StartupTone	hmcl	16703
			stacked	堆叠++	Stacked++	hmcl	15928
			staff_of_the_king_orange	橙王的权杖	Staff of the King Orange	hmcl	15095
			starcraft	星辰工艺	StarCraft	hmcl	4842
			staretilltheygrow	盯到它们熟为止-重生！	Stare Till They Grow Reborn!	hmcl	17971
			starkettleac	SkAc反作弊	StarkettleAntiCheat	hmcl	18057
			starlight_magic_props	星光道具	Starlight Magic Props	hmcl	28623
			starsourceblade	星源拔刀剑	Star Source Blade	hmcl	21251
			startup-chime	启动音效	Startup Chime	hmcl	18022
			startup-time	启动时间	Startup Time	hmcl	14192
			startuptime	启动时间非官方版	StartupTime Unoffical	hmcl	15961
			starvedelight	饿死乐事	Starve Delight	hmcl	19952
			state-machine	状态机模组	State Machine	hmcl	24797
			statictnt	静态TNT	StaticTNT	hmcl	22867
			statscrystal	属性水晶	Stats Crystal	hmcl	21738
			stattrak	Stattrak™ 计数器	Stattrak	hmcl	5732
			statues	雕像模组	Statues Mod	hmcl	1953
			stay_on_my_target	别再射歪了	StayOnMyTarget	hmcl	25356
			steal_dogs	偷狗	Steal Dogs	hmcl	11254
			stellar_radiance	星·辉	StellarRadiance	hmcl	18015
			stem_further	梗进一步	Stem further	hmcl	4179
			steponyellow	不能踩黄色	Step On Yellow	hmcl	21091
			sterile-egg	无菌蛋	Sterile Egg	hmcl	26676
			stf	启动提示音	StartupTone	hmcl	16703
			stf	启动时间-Forge	StartupTimeForge	hmcl	15902
			stone_disappearance	石头消失	Stone Disappearance	hmcl	17176
			stone_legacy	RotP：暗之遗物	Stone Legacy (Ripples of the Past addon)	hmcl	17184
			stonemod	我的石头不见了	StoneMod-missing	hmcl	8554
			stones_cookbook	Stone的烹饪书	Stone's Cookbook	hmcl	8569
			stonewood-industry	石木工艺	Stone & Wood Industry	hmcl	21191
			stop-repeating-command-block	停！循环型命令方块	Stop Repeating Command Block	hmcl	13857
			stopgrowth	停止生长	StopGrowth	hmcl	20285
			stopstopdigging	停！别再挖了！	Stop! Stop digging!	hmcl	19303
			storageSilo	存储仓	StorageSilo	hmcl	2945
			storageandoneclicksynthesis	存储和一键合成	Storage and One-Click Synthesis	hmcl	24006
			storagefoodeater	晓星亦忆的存储一键吃	XiaoXingEEsStorageFoodEater	hmcl	28221
			storagesilo	存储仓	StorageSilo	hmcl	2945
			stormarmory	大自然的复仇	Nature's Revenge	hmcl	27356
			stormfest	风暴节奏	Stormfest	hmcl	27259
			strange_ingot	奇奇怪怪的锭	Strange ingot	hmcl	3932
			strangefuelsmod	奇奇怪怪的燃料	Strange Fuels Mod	hmcl	6089
			strangeore	奇奇怪怪的矿石	Strangeore	hmcl	12353
			strawgolem	稻草傀儡	Straw Golem	hmcl	11772
			strayskins	离线皮肤补丁	StraySkins	hmcl	26683
			stripcustomdata	扔掉"custom_data"!	StripCustomData	hmcl	21984
			strongermekasuit	更强的Mekasuit	Stronger Mekasuit	hmcl	25692
			strscan	结构扫描解锁器	STR Scan Unlocker	hmcl	15012
			structure_export	结构渲染导出	Structure Export	hmcl	14145
			structuretool	结构工具	StructureTool	hmcl	23831
			stygian	幽冥末地：非官方版	Stygian End:Unoffical	hmcl	9764
			stz	简易缩放	SimplestZoom	hmcl	15156
			sublanguage	首选语言	Sublanguage	hmcl	10294
			such_metal	晶体	Crystal	hmcl	3286
			such_metal_	晶体	Crystal	hmcl	3286
			summerduanyang	粽夏端阳	ZongCraft Festival	hmcl	19948
			sunproof_zombies	防晒僵尸	Sun-Proof Zombies	hmcl	20962
			suonotfounds_api	SuoNotFound 的 API	SuoNotFound's API	hmcl	16154
			super-stealth-mod	万物隐藏		hmcl	24347
			super_bundle	超级收纳袋	Super Bundle	hmcl	13512
			super_lead	万物皆可绳	Super Lead	hmcl	27975
			super_tool_reloaded	超级工具重置版	Super Tools Reloaded	hmcl	4411
			superauth	超级授权	SuperAuth	hmcl	14416
			supercannon	超级加农炮	SuperCannon	hmcl	22363
			supernausea	更好的反胃	SuperNausea	hmcl	21651
			supersnail	知乎蜗牛の奇妙冒险	Super_Snail	hmcl	14645
			supersoundmuffler	超级消音器	Super Sound Muffler	hmcl	1120
			supersteve	超级史蒂夫	Super Steve	hmcl	25012
			survival	连锁挖矿数据包	KuKuSurvival	hmcl	18831
			suuuuuuuper_herbal_tea	超级凉茶	Suuuuuuuper herbal tea	hmcl	3024
			sv	月光树林	Moon Woods	hmcl	2786
			svb	简单原版增强	Simple Vanilla Boost	hmcl	5417
			svfe	见钱眼开Again	Smart Villagers Follow Emeralds Again	hmcl	19901
			swdheftpywaed	对不起，我们没有充足的资金为您提供一只末影龙	Sorry We Don't Have Enough Funds To Provide You With An Ender Dragon	hmcl	7070
			swdheftpywaedf	对不起，我们没有充足的资金为您提供一只末影龙-1.18	Sorry We Don't Have Enough Funds To Provide You With An Ender Dragon in 1.18	hmcl	14041
			swdheftpywatpaaap	对不起，我们没有充足的资金为您提供暮色森林传送门和天境传送门	SorryWeDon'tHaveEnoughFundsToProvideYouWithATwilightPortalAndAnAetherPortal	hmcl	22311
			sweepawayeverything	一切都可横扫	SweepAwayEverything	hmcl	26949
			sweeper_maid_derivative	清洁女仆-衍生	Sweeper Maid Derivative	hmcl	26912
			swjc	死亡继承&保命	Keep Buffs on Death	hmcl	23394
			sword_shura	修罗之剑	Sword: Shura	hmcl	3352
			swordcraft	剑工艺	SwordCraft	hmcl	6566
			swordcraftstory	铸剑物语	Sword Craft Story	hmcl	5932
			swordenlarger	剑模型扩大	SwordEnlarger	hmcl	4919
			swordlight	刀光剑影	SwordLight	hmcl	27178
			swordshura	修罗之剑	Sword: Shura	hmcl	3352
			syals_delight	事乐乐事	Syal's Delight	hmcl	26347
			symbiogen	共生基因	Symbiogen	hmcl	14652
			symbol-chat	符号聊天	Symbol Chat	hmcl	6764
			symlink-check	符号链接拦截	Symlink Check	hmcl	10592
			symlinkcheck	符号链接拦截	Symlink Check	hmcl	10592
			syncmatia_r	共享原理图增强	Syncmatica Revolution	hmcl	23645
			synthesis	机械动力：化合与分解	Create: Synthesis	hmcl	28631
			synthesis_formula_added	行尸走肉弹夹合成配方添加		hmcl	4085
			synthesis_reborn	配方复兴	Crafting_Revival	hmcl	18264
			synthwavemod	霓虹地平线	Synthwave Mod	hmcl	27182
			sz	超级变焦	SuperZoom	hmcl	14143
			tablesaw	锯木台	Tablesaw	hmcl	9627
			tactical_cards	战术核显卡	Tactical Card	hmcl	6497
			tacticalwheel	战术轮盘	Tactical Wheel	hmcl	25416
			tacz_killinfo	TaCZ 击杀信息	TACZ KillInfo	hmcl	28704
			taczcustomdeath	TACZ 高级死亡信息	TACZ Advanced DeathInfo (Kill Banners)	hmcl	23835
			taczlevel	TaCZ 等级	Tacz Level	hmcl	28531
			taiga	匠魂合金附加重栽版	TAIGA Replant	hmcl	5858
			takeyourpills	魔法征途	Magic Adventure	hmcl	16986
			talent	魔女论破附属：超高校级才能		hmcl	22857
			taleofkingdoms	王国	Tale Of Kingdoms	hmcl	55
			talisman	符·道	Talisman	hmcl	4451
			tallworlds	更高的世界	TallWorlds	hmcl	548
			tamablefairy	车万女仆：收容异变	Tamable Fairy	hmcl	25369
			tamedmobs	可驯服的怪物	Tamed mobs	hmcl	2593
			tamedmonster	驯化怪物	Tamed Monster	hmcl	8090
			taotiesmunchies	饕餮飨食	Taotie's Munchies	hmcl	16423
			tapecomcraft	磁带计算机装饰	Tapecomputer Decroation	hmcl	22629
			target_show	标靶提示	Target Show	hmcl	13114
			tarotcardsextra	塔罗牌：EX	TarotCards：Extra	hmcl	26288
			tat	列车与物品	MTR Trains and Textures	hmcl	25113
			tb_oc	芝士之书	The Book of Cheese	hmcl	17741
			tboc	芝士之书	The Book of Cheese	hmcl	17741
			tboc	芝士之书：重铸	The Book of Cheese: Reforged	hmcl	20591
			tc4helper	神秘4研究助手	TC4Helper	hmcl	15296
			tchy_difficulty_adjustment	太初寰宇难度调整	TCHY Difficulty Adjustment	hmcl	24868
			tconarmorex	匠魂盔甲扩展	TConstruct Armor Extension	hmcl	27412
			tconbreakthrough	匠魂突破	TconBreakthrough	hmcl	19013
			tcpl	拔刀剑：最后战线附属包	SlashBlade: The End Battle Line Addon	hmcl	17748
			tcwm	真实城市建设模组	Reality City Construction	hmcl	7194
			tdfp	暮色乐事：冰雪豪饮	Twilight Delight: Frozen Pride	hmcl	7993
			tdmg	立体机动装置 (Ibemu版)	立体機動装置MOD / Three-Dimensional Maneuver Gear	hmcl	110
			tea_sorcerer	茶叶魔法使	Tea Sorcerer	hmcl	4460
			team	Lycrex的队伍	LyTeam	hmcl	27913
			teamglowing	团队亮点	TeamGlowing	hmcl	26928
			teamod	荒野乱斗	Tea Mod	hmcl	4453
			teamytzviewpoint	异天庄的鸟瞰点	TeamYTZ's Viewpoint	hmcl	28582
			tearsofthekingdom	我的世界：王国之泪	Minecraft: Tears of the Kingdom	hmcl	24879
			teasofficial	Eh5の茶会：随意作品	Teas Official Random Things	hmcl	23011
			techdawn	科技黎明	TechDawn	hmcl	4337
			technical_engineering	科能工程2	Technical Engineering 2	hmcl	4052
			technology_development	科技发展:测试版	Technology Development:BETA	hmcl	5041
			teleport_commands	传送指令	Teleport Commands	hmcl	17668
			teleport_compass	传送指针	teleport compass	hmcl	15917
			teleportation	瞬身术	Teleportation	hmcl	8835
			teleportation	瞬身术 (Fabric)	Teleportation (Fabric)	hmcl	9669
			teletoro	远程传送	TeleToro	hmcl	829
			tellmewhatineed	问君何所需	TellMeWhatINeed	hmcl	18967
			tennox_bacteria	细菌	Bacteria	hmcl	157
			tentAndWall	帐篷与围墙	Tent And Wall	hmcl	19215
			tentandwall	帐篷与围墙重制版	TentAndWall -Remade	hmcl	25432
			tenzins_guild	丁真的公会	Tenzin's Guild	hmcl	20402
			terrablade	泰拉刃	TerraBlade	hmcl	21719
			terraria3d	泰拉瑞亚3D	Terraria 3D	hmcl	173
			testbooks	可食用课本	Textbooks	hmcl	15197
			tetinker	科能工匠	Technical Engineering 3 Tinker	hmcl	13640
			tetraclip	易验锻造	TetraClip	hmcl	19643
			tetrasimplyaddon	Tetra简易刀剑附属	TetraSimplyAddon	hmcl	17212
			tf2_gun	TaCZ：军团要塞附属包	Team Fortress2's Gun	hmcl	21755
			tfc_chemical	群峦化学	TFC Chemical	hmcl	26586
			tfcaf	群峦自动锻造	TFCAutoForging	hmcl	14485
			tfccellarsaddon	群峦冰窖	TFC Cellars Addon	hmcl	1999
			tfcprimitivetech	原始技术	Primitive Technology	hmcl	1599
			tfctextoverlay	群峦信息显示	TFC Text Overlay	hmcl	26265
			thaumcarpentry	神秘木工	Thaumcarpentry	hmcl	19103
			thaumic_tinkerer_lite	神秘工匠精简版	Thaumic Tinkerer Lite	hmcl	6157
			thaumicenergistics	神秘能源 GTNH 版	Thaumic Energistics - GTNH	hmcl	23725
			thaumicpipes	神秘管道	Thaumic Pipes	hmcl	369
			the_blue_skies_delight	蔚蓝乐事	Blue Skies Delight	hmcl	7177
			the_elixir	不死灵药	The Elixir	hmcl	4454
			the_golden_autumn	黄金之秋	The Golden Autumn	hmcl	3110
			the_golden_autumn	黄金之秋 12	The Golden Autumn 12	hmcl	7480
			the_project_for_the_prevention_of_cruelty_to_animals	动物保护计划	the Project for the Prevention of Cruelty to Animals	hmcl	12689
			the_real_peaceful_mode	真正的和平模式	The real peaceful mode	hmcl	20874
			theballofhelp	帮助之球	Ball Help	hmcl	4007
			thebestchristmas	最好的圣诞节	THE BEST CHRISTMAS MOD	hmcl	1494
			thefoolskyfix	让我起飞！	The Fool Sky Fix	hmcl	28552
			thegraveyardluckylid	墓园：棺开魂归	TheGraveyard：LuckyLid	hmcl	26906
			thehard	这是什么东西?	Huh?What Is This	hmcl	24368
			theultimatepun	最终工具武器 往事	The Pun Legacy	hmcl	25753
			thewanderingearth	流浪地球	The Wandering Earth	hmcl	4367
			thewandofrunning	跑搭之杖	The Wand Of Running	hmcl	9201
			theworlddisintegratespickaxe	瓦解世界的镐子	The World Disintegrates Pickaxe	hmcl	2082
			thinker	沉思者	Thinker	hmcl	14605
			thip_enemy_lucky_blook	特摄英雄补完计划-附属	THIP Expansion	hmcl	23647
			thirst_fix	口渴修复	Thirst Fix	hmcl	20762
			this_you_model	这是你的模型	This You Model	hmcl	9642
			threebody	三体	ThreeBody	hmcl	4373
			threebodysophon	三体·智子	Threebody Sophon	hmcl	4462
			throwable	投掷物	Throwable	hmcl	3022
			throwablebricks	投掷砖块	Throwable Bricks	hmcl	24852
			tic-tacs	井字棋	tic-tacs	hmcl	3408
			tic_addition	匠魂1铸模附加	Ink＆Soul's TiC Addition	hmcl	11882
			tic_json_generator	匠魂JSON生成器	TConstruct JSON Generator	hmcl	4359
			tic_legendoftinker	匠魂-匠造之传	Tic Legend of Tinker	hmcl	12778
			tickcommandmod	添加Tick指令	TickCommandMod	hmcl	25183
			tickthreading	线程优化	TickThreading	hmcl	199
			time	24小时		hmcl	22859
			time	时间传说：重生	TIME: Reborn	hmcl	3280
			time_manager	更好的时间回溯	Time Manager	hmcl	21465
			time_slow	加护	GuardianMod	hmcl	23021
			timedisplay	时间显示	Time Display	hmcl	6686
			timestopreborn	时停：重生	Time Stop: Reborn	hmcl	28553
			timesync	时间同步	TimeSync	hmcl	16399
			timesync	时间同步-重制	Re-TimeSync	hmcl	17913
			timezone	时区	Time Zone	hmcl	1436
			tin_tea_tech	锡茶科技	TinTeaTech	hmcl	12221
			tinker_transplant	匠魂移植	Tinker Transplant	hmcl	16189
			tinkers_delight_extra	匠魂乐事扩展	Tinkers' Delight Extra	hmcl	18112
			tinkers_elemental	匠魂元素	TinkersElemental	hmcl	28067
			tinkers_ingenuity	工匠匠心	Tinkers Ingenuity	hmcl	10502
			tinkers_organ	匠魂器官	tinkers_organ	hmcl	28261
			tinkers_origin	始源匠心	Tinker's Origin	hmcl	23591
			tinkers_rapiers	匠魂西洋剑：延续	Tinkers' Rapier: Continuation	hmcl	18883
			tinkers_waste	工匠的实用小物件	Tinkers' Useful Items	hmcl	17936
			tinkersancient	远古匠艺	Tinkers' Ancient	hmcl	17733
			tinkersqingxvan	清泫的匠魂古代武器附加	Tinkers QingXvan	hmcl	20794
			tinkerswordplay	匠传剑艺	TinkerSwordplay	hmcl	28546
			tiny_coals	小型煤炭	Tiny Coals	hmcl	5079
			tiny_coals	小型煤炭Fabric版	Tiny Coals	hmcl	8560
			titan_obsidian	泰坦黑曜石扩展	Titan Obsidian	hmcl	27061
			titanium	钛	Titanium	hmcl	14399
			titlechanger	标题切换器 Next	TitleChanger Next	hmcl	19579
			tlm	最后的时刻	The Last Mod	hmcl	3534
			tlwc	两面包夹芝士	Two loaves with cheese	hmcl	4278
			tnb_gildedarmor	镀金装甲	Gilded Armor	hmcl	2976
			tnt_parrot	TNT鹦鹉	TNTparrot	hmcl	18691
			tntdrop	空袭	TNT Drop	hmcl	7534
			to_neko	toNeko Forge重制版	toNeko Reforged	hmcl	13821
			todolist	待办事项	TODO List	hmcl	11118
			togglebuffhud	buff，你跑不过我信不信	biffrunrunrun	hmcl	28833
			tokitotal	時之挑战	TokiTotal	hmcl	16096
			tongtian_ability	通天术	Tongtian Ability	hmcl	22624
			toolbelt	工具腰带	Tool Belt	hmcl	27274
			toolleveling	异延锻造	ToolLeveling: Rework / ToolLeveling: Legacy	hmcl	13153
			toollevelingrework	异延锻造	ToolLeveling: Rework / ToolLeveling: Legacy	hmcl	13153
			tooltipinjector	提示框注入器	Tooltip Injector	hmcl	5495
			tooltips	屏幕工具条	ScreenTooltips	hmcl	6316
			tooltrims	工具纹饰	Tool Trims	hmcl	17950
			toomanyplants	更多植物	TooManyPlants	hmcl	22296
			topfix	TOP修复	TOP Fix	hmcl	5525
			torchLevers	火把拉杆	Torch Levers	hmcl	663
			torcherino	加速火把GT版	TorcherinoGT	hmcl	16082
			torchikoma	拓奇科马	Torchikoma	hmcl	7242
			torohealthmod	ToroHealth 伤害显示 GTNH 版	ToroHealth Damage Indicators-GTNH	hmcl	19791
			toroquest	托罗探索	Toro Quest	hmcl	1270
			totallyreasonable	靠帽荫阳 / 荫阳挡灼	TotallyReasonable	hmcl	23234
			totem	丹药笔记	PillNote	hmcl	501
			totem	复活图腾	Totem of Resurrection	hmcl	3876
			totem_in_chest	箱子里的图腾		hmcl	16442
			totem_of_homing	归家图腾	Totem of Homing	hmcl	23409
			totemofluck	幸运图腾	Totem of Luck	hmcl	23769
			touhou_alice_core	爱丽丝人偶	Alice's Doll	hmcl	830
			touhou_alice_dolls	爱丽丝人偶	Alice's Doll	hmcl	830
			touhou_alice_extras	爱丽丝人偶	Alice's Doll	hmcl	830
			touhou_craft	東方幻想鄉	TouhouCraft	hmcl	3894
			touhou_little_mad	车万女仆：情绪萌动	Little Maid: Mood Flutter	hmcl	21845
			touhoutweaks	东方改进	Touhou Tweaks	hmcl	11160
			tp-chat-cmd	TP 聊天命令	TP Chat Command	hmcl	10892
			tpa-command	TPA指令	Tpa Command	hmcl	27307
			tpa-mod	tpa传送命令		hmcl	16689
			tpatools	TPA工具集合	TPATools	hmcl	22216
			tper	寄染之时 · 重生	The Parasite Era: Reborn	hmcl	16471
			tpm	传送管理器	TeleportManager	hmcl	15234
			tpmod	随意传送	No permission tp	hmcl	23991
			tprequest	传送请求	TeleportationRequest	hmcl	10707
			trading_machine	交易机	Trading Machine	hmcl	26098
			transfer_voucher	传送券	Transfer Voucher	hmcl	25045
			transformers	变形金刚	Transformers Mod	hmcl	5604
			transformersg1	变形金刚G1	Transformers Mod: G1 Edition	hmcl	8756
			translatabledebugoptions	可翻译调试选项屏幕	TranslatableDebugOptions	hmcl	21283
			translate_allinone	一体化翻译	Translate All in One	hmcl	20634
			translatemod	自动翻译	Auto Translate	hmcl	21463
			translation_mod	AI翻译器	Kimi Message Translator	hmcl	17556
			translator	翻译器	Translator	hmcl	17312
			transmission_anchor	传送锚	Transmission anchor	hmcl	7580
			transmutation_lunch_bag_callback	森罗厨房：嬗变饭袋回调	Kaleidoscope Cooker: Transmutation Callback	hmcl	25325
			transport_to_your_death	死亡点传送	Transport To Your Death	hmcl	17342
			trator	游戏内聊天翻译	In game Translator	hmcl	19524
			traveller_music	腊小粥的音乐	Traveller's music	hmcl	6745
			treasure	财宝	Treasure	hmcl	14191
			treasure_hunt	寻宝	TreasureHunt	hmcl	9112
			treasuretree	摇钱树	Treasure Tree	hmcl	16571
			tree_miner	矿树节	Tree Miner	hmcl	19044
			treeores	矿石树	TreeOres	hmcl	4048
			trialspawnertimer	试炼刷怪笼计时器	Trial Spawner Timer	hmcl	16751
			trifle	琐物	Trifle	hmcl	6490
			trimupgrade	纹饰增强 : 核心	Trim Upgrade : Core	hmcl	25187
			trinket_media_holder	我抄饰你的媒	Curios Media Holder / Trinkets Media Holder	hmcl	24678
			tritium_configuration	氚配置	TritiumConfiguration	hmcl	23002
			trolnpc	永恒枪械工坊：甲匠	Timeless and Classics Zero: Shield	hmcl	19833
			trophy_mod	奖杯模组	Trophy Mod	hmcl	22772
			trs	潮汐观测卡-退潮	Tidal Observation Card - Lite	hmcl	27091
			truedamage	真实伤害附魔	TrueDamage	hmcl	28821
			tsr	时间同步：重生	TimeSyncReborn	hmcl	16422
			tt	话疗	TalkTherapy	hmcl	18393
			tuning_fork	共振音叉	Tuning Fork	hmcl	24003
			tweezers	镊子	Tweezers	hmcl	9121
			tweezers+reweaving	镊子重制版	Tweezers Reweaving	hmcl	14031
			twelve_talismans	十二符咒	TwelveTalismans	hmcl	13984
			twilightfinalexpansion	暮色森林：终焉	Twilight Forest: Final Expansion	hmcl	26985
			typemoonworld	型月世界	Type Moon World	hmcl	25130
			uc	实用煤炭	UsefulCoals	hmcl	713
			uechants	实用附魔	Useful Enchantments	hmcl	5306
			ultimatec	终极合金2	Ultimatec2	hmcl	4634
			ultimatestack	终极堆叠	UltimateStack	hmcl	1543
			ultimatestackplugin	终极堆叠	UltimateStack	hmcl	1543
			ultra_suit_maneuver	奥特装甲·机动	Ultra Suit Maneuver	hmcl	23505
			ultracraft	奥特工艺	UltraCraft	hmcl	3642
			ultraman_and_universe	奥特曼与宇宙		hmcl	11471
			unbelievable	令人不可置信的附魔	Unbelievable	hmcl	19591
			undead_fire_weakness	亡灵弱火	Undead Fire Weakness	hmcl	24979
			under_the_blue	深蓝之下	Under the blue	hmcl	21581
			undergroundfire	地火	UndergroundFire	hmcl	7158
			underwatergras	水下草	UnderwaterGrass	hmcl	23082
			underworld	地下世界	Underworld	hmcl	17839
			underworld_magic_craftsmanship	幽法工艺	Underworld Magic Craftsmanship	hmcl	14123
			undiedtale	不死传说	undiedtale	hmcl	3384
			undo	撤回	Undo mod	hmcl	26815
			undying	不朽	Undying	hmcl	10566
			unexpectedteleport	未曾设想的传送方式	Unexpected Teleport	hmcl	3011
			unfixmc181190	村民折扣叠加	Unfix MC-181190	hmcl	11559
			unfriendly-creature-mod	不友好的生物	Unfriendly Creature	hmcl	24451
			unicopia	奇幻小马国	Unicopia	hmcl	12030
			unicrawl	统一的爬	UniCrawl	hmcl	23704
			universal_survival_kit	通用生存套件	Universal Survival Kit	hmcl	28514
			universaldraconicslots	通用龙研格子	Universal Draconic Slots	hmcl	25494
			universaleditor	超级修改器	Super Editor	hmcl	27631
			universalev	方可梦通用努力值模组	Universal EV	hmcl	26124
			universecatastrophe	造梦西游3		hmcl	7857
			unkillablegamemodes	弑神无效	Unkillable Gamemodes	hmcl	20357
			unmannedonlinetickstasis	服务器无人时间静止	Server Tick Stasis	hmcl	25047
			unofficial-sodium-culling-patch	Sodium非官方剔除补丁	Unofficial Sodium Culling Patch	hmcl	11653
			unparalleled	无双	Unparalleled	hmcl	21908
			unsanitary_food	不洁饮食	Unsanitary Food	hmcl	28117
			unsheathe_r	利刃出鞘：重铸	Sword Unsheathe Reforged	hmcl	11034
			unstable_end_portal_v3	不稳定的末地传送门 / 随机传送的末地传送门	UnstableEndPortal / RTP EndPortal	hmcl	28772
			upgradableMachines	可升级机器	Upgradable Machines	hmcl	301
			upgradedbread	面包增强	Upgraded Bread	hmcl	12623
			useful_coals_2	实用煤炭2	Useful Coals 2	hmcl	3685
			useful_coals_2_integrations	实用煤炭2联动	Useful coals 2 Integrations	hmcl	3846
			usernamemod	游戏内更改玩家名称	Ingame Username Changer	hmcl	1296
			uwabami_breakers	农夫乐事：黄昏酒场	Uwabami Breakers	hmcl	19627
			uwu_swap_keyboards	交换键盘生存!-幽幽的奇思妙想		hmcl	28152
			vacation_diary	度假日记	Vacation Diary	hmcl	3012
			vanilla_craft	Zyx的随意之作	Zyx's Random Creation	hmcl	14313
			vanilla_craft_enhanced	原版合成增强	Vanilla Craft Enhanced	hmcl	7272
			vanilla_equipment_enhanced	原版装备增强	Vanilla Equipment Enhanced	hmcl	7232
			vanilla_portal	原版传送工艺	VanillaTeleportationTechnology	hmcl	16284
			vanilladeathchest	原版死亡箱子	Vanilla Death Chest	hmcl	1370
			vcm	音控鼠标	VoiceControlledMouse	hmcl	18004
			vdmod2	夜视眼镜	Night Glasses	hmcl	7346
			vdmod4	更多的合成配方	More Craft Recipes	hmcl	7452
			vehiclecraft_ia	沉浸航空	Immersive Aircrafts	hmcl	7152
			vendingmachine	自动售货机	Vending Machine	hmcl	22501
			vertical_slab	竖半砖	Lin Vertical Slab	hmcl	22395
			victus	Victus非官方1.21.1NeoForge版本		hmcl	26002
			vida	生命	Vida	hmcl	3021
			village_mod	村庄革新	Village Revolution	hmcl	25896
			villagehealthcare	村庄医疗	Village Healthcare	hmcl	15115
			villager_translator	村民语言翻译器	Villager translator	hmcl	23372
			villagerloved	村民食物自定义/欲宴端走	Villager Loved	hmcl	13343
			villagers_who_dont_study_well	不好好读书的村民	Villagers Who Don't Study Well	hmcl	22241
			villagerstocker	村民补货器	Villager Stocker	hmcl	15539
			vimi	连锁矿工数据包	Vein Miner Datapack	hmcl	2331
			vineplicate	生蔓聚解	Vineplicate	hmcl	15198
			virus	病毒	virus	hmcl	4891
			visions_block_mod	幻象	Visions Blocks	hmcl	5924
			visual_share	视觉分享	Visual Share	hmcl	27272
			visualprospecting	可视化勘探	VisualProspecting	hmcl	10760
			vm	Vape管理器	Vape Manager	hmcl	13051
			vmr	Vape管理器：重生	VapeManagerReborn	hmcl	14584
			vmwcr	维克的现代战争补充合成表	Crafting Recipes of Vic's Modern Warfare Mod	hmcl	6936
			vng	Type-32的枪械数据包		hmcl	5406
			voidmachines	虚空机器	Void Machines	hmcl	28423
			voidtech	虚空科技	VoidTech	hmcl	11549
			voxelcam	体素相机	VoxelCam	hmcl	14767
			voxelmenu	体素菜单	VoxelMenu	hmcl	24562
			vpbrecipe	VPB的配方	VPB's Recipe	hmcl	13893
			vram_killer	显存杀手	VRAM Killer	hmcl	26823
			vs_tfc_compat_fix	瓦尔基里X群峦传说兼容	Valkrien Skies TFC Compat Fix	hmcl	24254
			vs_tournament	瓦尔基里天空：竞赛	VS: Tournament Continued	hmcl	13627
			vsdaddon	瓦尔基里：防御	Valkyrien_Skies: defense	hmcl	19697
			wac	自动重连	W-AutoReconnect	hmcl	15812
			wacfabric	世界高度控制	World Altitude Contorl / High Unrestricted	hmcl	8117
			wacforge	世界高度控制	World Altitude Contorl / High Unrestricted	hmcl	8117
			wai	玩家方块模型	BlockPlayer	hmcl	17132
			wall_breaking_machine	黑曜石破壁机	Wall Breaking Machine	hmcl	9662
			wallpapermod	壁纸Mod	WallpaperMod	hmcl	19633
			washable	洗刷刷	Washable	hmcl	10538
			wasteland	不毛之地	Waste Land	hmcl	8077
			watch_the_stonecutter	小心切石机！	Watch The Stonecutter!	hmcl	7083
			water	水	Water	hmcl	23993
			water	水桶获取非流体源		hmcl	6623
			water_is_highly_toxic	水是剧毒的！		hmcl	5940
			watergenerators	水发电机	Water Generators	hmcl	12721
			wateristoxic	水是剧毒的	Water Is Toxic	hmcl	9051
			watersource	水源 2	Water Source 2	hmcl	15355
			watersprayer	喷雾瓶	Water Sprayer	hmcl	2792
			wats	无迹蜘谈/蛛灭	Where the Spiders, Get out!	hmcl	13045
			wauslt	？话说好好能不能	shiT ekiL gnikaepS U erA yhW	hmcl	14233
			waystone	立体防御石碑	Spring of Waystone	hmcl	28748
			waystoneandlightman	传送石碑与莱特曼货币	WayStoneAndLightMan	hmcl	13643
			wcryptidcovemod	W的神秘生物湾	W-Cryptid Cove Mod	hmcl	28429
			we_need_more_milk	更多牛奶源	We Need More Milk	hmcl	19571
			weaila	我正在看的是什么实体?	What entity am I looking at?	hmcl	6012
			weaponmod	更多武器·改造版	Balkon's WeaponMod	hmcl	1177
			weedylib	温蒂库	WeedyLib	hmcl	7289
			wegui	创世神GUI	WorldEdit GUI	hmcl	28653
			weight	重量系统	Weight System	hmcl	25329
			weirdoenchantmaster	古怪附魔师	WeirdoEnchantMaster	hmcl	14432
			wenyan_nature	吾有一术	WenyanProgramming	hmcl	18983
			wenyan_programming	吾有一术	WenyanProgramming	hmcl	18983
			wfs	伍德的时装精选	Woody's Fashion Selection	hmcl	2971
			wh1	怪兽工艺	TheKaijuCraft	hmcl	7030
			whanktrslt	聊天翻译	WhankTrslt	hmcl	23501
			whatgugumod	什么咕咕模组	WhatGuGuMod	hmcl	19041
			whatsurname	你的名字？	Whats Ur Name?	hmcl	28599
			whcraft	战锤工艺	Warhammer 40K Craft	hmcl	26478
			whdf	狼受击伤害修正	WolfHitDamageFix	hmcl	13803
			wheat_walk	轻功麦上飘	Wheat Walk	hmcl	26151
			wheatfieldwitlwolf	麦香狼田	Wheatfrild With Wolf	hmcl	12755
			wheel_keybinding_extended	滚轮绑定拓展	WheelKeybindingExtended	hmcl	27771
			wheelchair	轮椅	Wheelchair	hmcl	13451
			whitelist	白名单修复	Whitelist Repair	hmcl	7542
			who_hurt_me_and_who_i_hurt	谁害了我而我又害了谁？	Who Hurt Me And Who I Hurt	hmcl	20839
			whole_block_smelting	整块冶炼	Whole'block'smelting	hmcl	12685
			whousedrtpcommandmod	移跃当知	Who used RTP Command	hmcl	13864
			whwdzgs-recipe	更好的合成配方	Better Crafting Recipes	hmcl	17614
			whycooldown	为什么冷却	WhyCooldown	hmcl	15908
			wiangdtbisadtn	草我本来不想这么做的但是我这么做了啊啊啊啊啊啊啊啊啊啊啊啊啊啊	Wait I Am Not Gonna Do This But I Somehow Accidentally Did This Nooooooooooooooo	hmcl	6617
			wild_netherwart_	下界疣	The Nether Wart	hmcl	11893
			wildcard_pattern	通配符样板	Wildcard Pattern	hmcl	25103
			wildcardpattern	通配样板 1.7.10	WildcardPatternforGTNH-1.7.10	hmcl	26467
			wilechomod	荒野回响	WildEchoMod	hmcl	26135
			windscroll	风信启窗	WindScroll	hmcl	28819
			winframe	屏幕映射	Win Frame	hmcl	27641
			wish	祈愿术	Wish	hmcl	25855
			witchery	巫术：新生	Witchery: Resurrected	hmcl	6451
			with_fire	手工艺：升级版	With Crafts: Upgraded	hmcl	8500
			with_rest	相约白日梦	WithRest	hmcl	10996
			withcake	蛋糕相伴	WithCake！	hmcl	5207
			wither_music	凋灵音乐	Wither Music	hmcl	24209
			witw	墙中低语/跳货	WhispersInTheWalls	hmcl	23276
			wlgr	伍德的美食红宝书	Woody's Le Guide Rouge	hmcl	2816
			wnl	伍德的霓虹灯	Woody's Neon Lights	hmcl	7705
			woodywe	伍德的工作扩展	Woody's Work Extend	hmcl	13583
			wop	沃普综合	WOP Mixed	hmcl	1149
			work_platform	工作平台	Work Platform	hmcl	22875
			workbenchfc	开局三子	WorkbenchFC	hmcl	3641
			workmanship01	工匠技艺	Workmanship Mod	hmcl	4500
			world_silence	你吵到我眼睛了	Your F**k Is Bothering My Eyes	hmcl	22433
			worldcomment	随处随笔	World Comment	hmcl	13040
			worlddownloader	世界下载器旧版 Forge	WorldDownloaderLegacy	hmcl	18832
			worldgenrender	世界生成渲染	Worldgen Render	hmcl	27470
			worldresetmod	重启世界净化之战	Worldreset	hmcl	24021
			worldtools	世界工具	World Tools	hmcl	18716
			worldtweaks	世界调整	WorldTweaks	hmcl	19642
			worleycaves	古早沃利的洞穴	Worley's Caves Archaic	hmcl	16256
			worse_finder	更坏的索敌	WorseFinder	hmcl	23109
			wpt	伍德的石化科技	Woody's Petrochemical Tech	hmcl	16621
			wso	Windows启动界面	WindowsStartingOverlay	hmcl	16732
			wtfic2addon	WTF 工业拓展	WTF Ic2 Addon	hmcl	1421
			xaerobetterpvp	更好的 PVP	Better PVP	hmcl	925
			xaeros-playerposition	Xaero玩家位置显示	Xaero's Player Position	hmcl	26598
			xb	喜报--	XiBao--	hmcl	14221
			xbob	准星摇晃：重铸	Crosshair Bobbing Mod: Remake	hmcl	27791
			xcustomizedblade	可视化 X-客制化拔刀剑	XCustomizedBlade	hmcl	1414
			xcz_target_directed	[黎氏科技] 指向靶点	XCZ Target Directed	hmcl	24203
			xczltools	山海的工具箱		hmcl	23013
			xdi8	灯纟火	Xdi8Aho Mod	hmcl	7199
			xdi8_fonts	灯纟火	Xdi8Aho Mod	hmcl	7199
			xi_bao	喜报Beta1.7.3	XiBaoB1.7.3	hmcl	21333
			xianjiange	仙剑阁		hmcl	4057
			xiaosego	邵的自我	Xiao's E.G.O	hmcl	6785
			xibao	喜报	xibao	hmcl	7186
			xibao	喜报-低版本移植版	XiBao	hmcl	8755
			xibaopp	喜报++	Xibao Plus Plus	hmcl	7249
			xiuxian	原初修真1.15.2	xiuxian	hmcl	3907
			xiuxianchengzhen	原初修真1.15.2	xiuxian	hmcl	3907
			xiuxianliandan	原初修真1.15.2	xiuxian	hmcl	3907
			xiuxianlianqi	原初修真1.15.2	xiuxian	hmcl	3907
			xiuxianyaoshou	原初修真1.15.2	xiuxian	hmcl	3907
			xiuxianzhilu	山海仙途2·修仙之路	XiuXianZhiLu	hmcl	24654
			xmib	Xirao的更多物品与方块	Xirao's More Items and Blocks	hmcl	24867
			xmmod	小萌的皇冠	XMCROWN	hmcl	12954
			xos	矿物嗅探器	Ore Sniffer	hmcl	1332
			xp_from_rightclick_harvest	从右键收获中获取经验	XP From Right Click Harvest	hmcl	16136
			xpf	经验公式	Xp Formula	hmcl	14729
			xtrablocks	更多方块	XtraBlocks	hmcl	22314
			xtrablocksbuildings	更多方块	XtraBlocks	hmcl	22314
			xtrablocksdiyadmin	更多方块	XtraBlocks	hmcl	22314
			xtrablocksdiycloth	更多方块	XtraBlocks	hmcl	22314
			xtrablocksdiydecorations	更多方块	XtraBlocks	hmcl	22314
			xtrablocksdiydiscs	更多方块	XtraBlocks	hmcl	22314
			xtrablocksdiyfencing	更多方块	XtraBlocks	hmcl	22314
			xtrablocksdiyfood	更多方块	XtraBlocks	hmcl	22314
			xtrablocksdiyfurniture	更多方块	XtraBlocks	hmcl	22314
			xtrablocksdiyglass	更多方块	XtraBlocks	hmcl	22314
			xtrablocksdiyglow	更多方块	XtraBlocks	hmcl	22314
			xtrablocksdiyliquids	更多方块	XtraBlocks	hmcl	22314
			xtrablocksdiymetal	更多方块	XtraBlocks	hmcl	22314
			xtrablocksdiymiscmodels	更多方块	XtraBlocks	hmcl	22314
			xtrablocksdiypanels	更多方块	XtraBlocks	hmcl	22314
			xtrablocksdiypowered	更多方块	XtraBlocks	hmcl	22314
			xtrablocksdiysoundblocks	更多方块	XtraBlocks	hmcl	22314
			xtrablocksdiystone	更多方块	XtraBlocks	hmcl	22314
			xtrablocksdiystorage	更多方块	XtraBlocks	hmcl	22314
			xtrablocksdiytombs	更多方块	XtraBlocks	hmcl	22314
			xtrablocksdiyweapons	更多方块	XtraBlocks	hmcl	22314
			xtrablocksdiywood	更多方块	XtraBlocks	hmcl	22314
			xtrablocksdiyxtras	更多方块	XtraBlocks	hmcl	22314
			xujiadaibu-mod	更多附魔—易		hmcl	23508
			xulielizimod	序列粒子帧图	Sequence Frame Particle Mod	hmcl	22322
			xxsx-mc-smart-core	Xxsx的智能核心	Xxsx Smart Core	hmcl	28149
			xy_tpa	Xy的TPA模组		hmcl	24843
			xyclear	简单清理	Xyclear	hmcl	21851
			xycommands	简单命令	XYCommands / XYTool / SimpleCommand	hmcl	21832
			xzhlpe	原初修真属性重置	XiuZhenHelper	hmcl	3432
			yagate_kimi_ni_naru	终将成为你	yagate kimi ni naru	hmcl	13431
			yankailoginprotect	玩家重生保护	Yankai Login Protect	hmcl	11657
			yaoyaocoin	存收堆携/妖妖币	yaoyaoCoin	hmcl	21026
			yc_auto_fishing	YourCraft自动钓鱼	YC Auto Fishing	hmcl	20779
			ye_corn	田野核心	Ye Core	hmcl	13987
			yecorn	田野核心	Ye Core	hmcl	13987
			yes_steve_model	是，史蒂夫模型	Yes Steve Model	hmcl	8616
			yetanothercarpetaddition	毯上添花	Yet Another Carpet Addition	hmcl	19630
			yin_yang_umbrella	Naraka-士御门胡桃 / 阴阳光伞	YinYangUmbrella	hmcl	28494
			ymjb_login	登录	ymjblogin	hmcl	14064
			youmicore	摸鱼核心	Moyu Core	hmcl	26471
			your_best_friend_alice_chan	你最好的朋友爱丽丝酱！	Your Best Friend Alice	hmcl	23701
			your_ideas	你的想法	Your Ideas	hmcl	9072
			youxinjiyi	优辛记忆	YOUXIN Memory	hmcl	1659
			ysm_ws	是，史蒂夫模型：创意工坊	YSMWorkShop	hmcl	19392
			ysxqtd	原神：星穹铁道	Genshin:StarRail	hmcl	11923
			yuanchuzhushou	修士小助手		hmcl	8579
			yuanlinAutoDefense	园霖的自动防御模组[监控器版本]		hmcl	17209
			yuanlinautobot	园霖的自动机器人	Yuanlin's AutoBot	hmcl	17228
			yunbeiuc	云北城建	Yunbei Urban Construction	hmcl	26158
			yuzu	千恋万花标题界面	YuZuUI	hmcl	19403
			yvanchuxiuzhen	凡人修仙人界篇		hmcl	8033
			yvanchuxiuzhen	原初修真	yuanchuxiuzhen	hmcl	2769
			yvanchuxiuzhen	原初修真人间界	yvanchuxiuzhen	hmcl	18491
			yyyy	羊羊羊羊	YYYY	hmcl	7684
			zamega	ZA超级进化附属包	[Cobblemon] Navas' ZAmega	hmcl	24319
			zaomengxiyou	造梦西游模组		hmcl	5781
			zbstpz	TPZ 传送命令		hmcl	16821
			zdyzhlfk	自定义重力方块	Zdyzhlfk	hmcl	24801
			zelda	旷野之息	Breath Of The Wild	hmcl	5600
			zelda_stable	塞尔达驿站	Zelda Stable	hmcl	26027
			zenith	天顶剑	zenith	hmcl	11921
			zenless_zone_zero	绝区零	Zenless Zone Zero	hmcl	6478
			zerowhitelist	Zero白名单	Zero Whitelist	hmcl	20571
			zhiling	虚无世界武器技能扩展	AoA Weapon Expansion	hmcl	17749
			zhohome	猪红世界	Zhohome	hmcl	5426
			zip_package	真·炸药包	C4.ZIP.Package	hmcl	16741
			zipline	滑索	Zipline	hmcl	9526
			zombie_horse_spawning	僵尸马生成	Zombie-horse-spawning	hmcl	17398
			zombie_virus	abm991的僵尸感染	abm991's Zombie Infection	hmcl	25414
			zongzi	粽子	ZongZi	hmcl	2628
			zoom	变焦	Zoom	hmcl	14942
			zunpet	Zun号	ZUNPet	hmcl	17707
			zwtings	阿伍的东西	zwtings	hmcl	6077
		263385-the-dead-brother	TheDeadBrother	亡兄	The Dead Brother	hmcl	907
		Baby-Mobs	babymobs	Baby生物	Baby Mobs	hmcl	2799
		Flex-FOV	flexfov	扭曲视野	Flex FOV	hmcl	3376
		Ic2c-Crop-Overrides	ic2c_crop_overrides	IC2经典版作物覆盖	IC2C Crop Overrides	hmcl	2179
		OpenSecurity	opensecurity	开放式安全	OpenSecurity	hmcl	2249
		Requiem	requiem	安魂曲	Requiem/Dissolution/Tartaros	hmcl	1150
		ScalingGuis	ScalingGUIs	界面缩放	ScalingGUIs	hmcl	4625
		The-final-sword	finalsword	最终之剑重置版	The final sword	hmcl	4267
		Universal-Electricity	UniversalElectricity	通用电力	Universal Electricity	hmcl	92
		a-bastion-remnant-hoglin-stable-reforged	bastion_remnant_hoglin_stable_reforged	堡垒遗迹疣猪兽棚重铸	Bastion Remnant Hoglin Stable Reforged	hmcl	20937
		a-bastion-remnant-treasure-reset	bastion_remnant_treasure_reset	堡垒遗迹藏宝室重置	Bastion Remnant Treasure Reset	hmcl	20936
		a-better-foods	a-better-foods	更多的食物	A Better Foods	hmcl	26006
		a-better-foods	a_better_foods	更多的食物	A Better Foods	hmcl	26006
		a-block-of-charcoal	charcoalblock	木炭块	A Block of Charcoal	hmcl	13263
		a-block-of-flint	flintblock	燧石块	A Block of Flint	hmcl	13264
		a-cobblestone-crafting-table	cw	圆石工作台	A Cobblestone Crafting Table	hmcl	3993
		a-paimon	apaimon	派蒙	A Paimon	hmcl	4174
		a-riot-of-colour-craft	shui	五彩斑斓工艺	a riot of colour craft	hmcl	2709
		a-weird-bow	modimen	奇奇怪怪的弓	A Weird Bow	hmcl	22097
		aaas-strongermobs	strongermobs	更强的怪物	AAA's StrongerMobs	hmcl	26322
		abandoned-urban	abandoned_urban	废弃城市	Abandoned urban	hmcl	20549
		about-teleport	jkat	关于传送	About Teleport	hmcl	14320
		absolutely-not-a-zoom-mod	anazm	绝对不是一个缩放模组	Absolutely Not A Zoom Mod	hmcl	6060
		abundant-vegetation	mr_abundant_vegetation	枝繁叶茂	Abundant Vegetation	hmcl	28524
		abyssal-corrupter	abyssal_corrupter	深渊侵蚀者	Abyssal Corrupter	hmcl	26818
		abyssalblocks	abyssalblocks	深渊国度幸运方块	AbyssalBlocks	hmcl	8035
		abyssalcraft	abyssalcraft	深渊国度	AbyssalCraft	hmcl	508
		abyssalcraft-heads	acheads	深渊国度头颅	AbyssalCraft Heads	hmcl	1256
		abyssalcraft-integration	acintegration	深渊国度联动	AbyssalCraft Integration	hmcl	1372
		abyssmana	abyssmana	奈落魔法学	AbyssMana	hmcl	3929
		academy-monster	academy-monster	超能力怪物	Academy Monster	hmcl	567
		academycraft	academy	超能力/学园都市	AcademyCraft	hmcl	402
		academycraft	academy-craft	超能力/学园都市	AcademyCraft	hmcl	402
		accelerated-recoiling	acceleratedrecoiling	加速碰撞	Accelerated Recoiling	hmcl	22807
		accelerated-rendering	acceleratedrendering	加速渲染	Accelerated Rendering	hmcl	21060
		acceleratedblade	slashblade_acceleratedrendering	拔刀剑：加速渲染兼容	SlashBlade: AcceleratedRendering	hmcl	23263
		acceleratorcraft	acceleratorcraft	加速器工艺	AcceleratorCraft	hmcl	2350
		accessible-step	accessible-step	无障碍上坡	Accessible Step	hmcl	19308
		accrelatedrendering-refabricated	acceleratedrendering	加速渲染：重织	AcceleratedRendering-reFabricated	hmcl	21631
		accurate-spears	spear	‌精准长矛‌	Accurate Spears	hmcl	22427
		achievement-books	achievementbooks	成就书	Achievement Books	hmcl	11284
		achievement-detection-fix	achievementdetection	成就检测修复	Achievement Detection Fix	hmcl	14723
		actually-additions	ActuallyAdditions	实用拓展	Actually Additions	hmcl	550
		actually-additions	actuallyadditions	实用拓展	Actually Additions	hmcl	550
		actually-additions-v2-coffee-edition		实用拓展 V2 咖啡版	Actually Additions V2 Coffee Edition	hmcl	19547
		actually-baubles	actuallybaubles	实用拓展饰品	Actually Baubles	hmcl	4184
		actuallycomputers	actuallycomputers	实用电脑	ActuallyComputers	hmcl	1567
		adaptability	adaptability	适应性	Adaptability	hmcl	24865
		adaptive-mobs-1	adaptive_mobs_1779006369	生物适应性	Adaptive Mobs	hmcl	27451
		adaptive-performance-tweaks	adaptive_performance_tweaks	适应性性能调整	Adaptive Performance Tweaks	hmcl	4734
		add-potion-into-your-food	add_potion	给您下药了	Add Potion into Your Food	hmcl	8478
		added-support-for-collapsible-creative-tabs	folding_creative_tabs_support	折叠标签页支持	Added support for collapsible creative tabs	hmcl	27519
		additional-additions-forge	additionaladditions	额外扩展	Additional Additions	hmcl	4964
		additional-banners	additionalbanners	更多旗帜	Additional Banners	hmcl	2194
		additional-bars	additionalbars	更多的栏杆	Additional Bars	hmcl	5369
		additional-buildcraft-objects	Additional-Buildcraft-Objects	更多管道	Additional Buildcraft Objects	hmcl	253
		additional-guns	additionalguns	更多的枪	Additional Guns	hmcl	4188
		additional-lanterns	additionallanterns	更多灯笼	Additional Lanterns	hmcl	5110
		additional-lights	additional_lights	更多光源	Additional Lights	hmcl	7886
		additional-pipes-for-buildcraft	additionalpipes	附加管道	Additional Pipes for Buildcraft	hmcl	3847
		additional-structures	additionalstructures	失落废墟	Additional Structures/Rex's Additional Structures	hmcl	2049
		addurdisc	addurdisc	自定义唱片	AddurDisc/Add your disc	hmcl	15072
		admin-shop		官方商店	Admin Shop	hmcl	5738
		adorable-dolls	playerdoll	可爱多	Adorable Dolls	hmcl	23990
		adorkable-dogs-pocky	adorkabledogs	DK狗的Pocky	Adorkable dog's Pocky	hmcl	10252
		advancearmy	advancearmy	先遣部队	Advance Army	hmcl	18075
		advanced-backups	advancedbackups	高级备份	Advanced Backups	hmcl	10769
		advanced-backups-patch	advancedbackupspatch	高级备份补丁	Advanced Backups Patch	hmcl	25194
		advanced-botany	AdvancedBotany	高级植物学	Advanced Botany	hmcl	6356
		advanced-botany-rebloom	advanced_botany	高级植物学：重绽	Advanced Botany: Rebloom	hmcl	28457
		advanced-chimneys	adchimneys	高级烟囱	Advanced Chimneys	hmcl	1437
		advanced-combat	advancedcombat	高级战斗装备	Advanced Combat	hmcl	7998
		advanced-combat-patched		高级战斗装备修复版	Advanced Combat Patched	hmcl	19351
		advanced-combat-re	advancedcombat	高级战斗：重制	Advanced Combat: Re	hmcl	26004
		advanced-combat-revitalized	advancedcombat	高级战斗装备重置	Advanced Combat (Revitalized)	hmcl	7999
		advanced-compass	advancedcompass	高级指南针	Advanced Compass	hmcl	4353
		advanced-electric-tools	advancedelectrictools	高级电动工具	Advanced Electric Tools	hmcl	3572
		advanced-enchantments	advanced_enchantments	进阶附魔	Advanced Enchantments	hmcl	12832
		advanced-generators	advgenerators	高级发电机	Advanced Generators	hmcl	675
		advanced-hook-launchers	adhooks	高级钩爪发射器	Advanced Hook Launchers	hmcl	2705
		advanced-lightsabers	lightsabers	高级光剑	Advanced Lightsabers	hmcl	2743
		advanced-little-garbage	advanced_little_garbage	高级小垃圾	Advanced Little Garbage	hmcl	22583
		advanced-loot-info	ali	高级战利品信息显示	Advanced Loot Info	hmcl	20116
		advanced-machines	AdvancedMachines	高级机械	AdvancedMachines	hmcl	22
		advanced-machines	advanced_machines	高级机械	AdvancedMachines	hmcl	22
		advanced-machines-patcher	advmachinespatch	高级机械补丁	Advanced Machines Patcher	hmcl	14834
		advanced-mining-dimension	mining_dimension	先进的采矿维度	Advanced Mining Dimension	hmcl	3387
		advanced-mortars	advancedmortars	更好的研钵	Advanced Mortars	hmcl	1810
		advanced-nbt-tooltips	advanced-nbt-tooltips	高级NBT提示框	Advanced NBT Tooltips	hmcl	8271
		advanced-netherite	advancednetherite	高级下界合金	Advanced Netherite	hmcl	6438
		advanced-peripherals	advancedperipherals	高级外设	Advanced Peripherals	hmcl	4973
		advanced-rocketry	AdvancedRocketryCore	高级火箭	Advanced Rocketry	hmcl	594
		advanced-rocketry	advancedRocketry	高级火箭	Advanced Rocketry	hmcl	594
		advanced-rocketry	advancedrocketry	高级火箭	Advanced Rocketry	hmcl	594
		advanced-rocketry	advancedrocketrycore	高级火箭	Advanced Rocketry	hmcl	594
		advanced-skills	advanced_skills	进阶技能	Advanced Skills	hmcl	14877
		advanced-skills-remastered	advskills_re	进阶技能：重制版	Advanced Skills: Remastered	hmcl	17355
		advanced-smelter	advanced_smelter	荒古炼金炉	Advanced Alchemical Furnace	hmcl	18261
		advanced-solar-panels	AdvancedSolarPanel	高级太阳能	Advanced Solar Panels	hmcl	23
		advanced-solar-panels	advanced_solar_panels	高级太阳能	Advanced Solar Panels	hmcl	23
		advanced-solars-classic	advancedsolars	高级太阳能经典版	Advanced Solars Classic	hmcl	2181
		advanced-tfc-tech	att	进阶群峦科技	Advanced TFC Tech	hmcl	3336
		advanced-tfc-tech-unofficial	advancedtfctech	进阶群峦科技非官方版	Advanced TFC Tech Unofficial	hmcl	10481
		advanced-thaumaturgy-2	AdvancedThaumaturgy	高等神秘学	Advanced Thaumaturgy	hmcl	651
		advanced-turret	advanced_turret	高级炮塔	Advanced Turret	hmcl	27659
		advanced-xray	advanced-xray-fabric	高级透视	Advanced XRay	hmcl	4487
		advanced-xray	xray	高级透视	Advanced XRay	hmcl	4487
		advancedae	advanced_ae	高级AE	AdvancedAE	hmcl	16225
		advancedshader	advancedshader	光影前向兼容	AdvancedShader	hmcl	7814
		advancement-book	advancementbook	进度之书	Advancement Book	hmcl	3668
		advancement-plaques	advancementplaques	进度牌匾	Advancement Plaques	hmcl	5265
		advancement-screenshot	advancementscreenshot	进度截图	Advancement Screenshot	hmcl	6329
		advancementinfo	advancementinfo	进度信息展示	AdvancementInfo	hmcl	5314
		advancementnomore	advancementnomore	进度移除	AdvancementNoMore	hmcl	21073
		advancements-rewards	advancements_and_rewards	成就&奖励	Advancements&Rewards	hmcl	25324
		advancements-tracker	advancements_tracker	进度追踪器概览	Advancements Tracker and Overview	hmcl	5584
		advancements-tracker	advancementstracker	进度追踪器概览	Advancements Tracker and Overview	hmcl	5584
		advent-of-ascension-nevermine	EternIsles	虚无世界1	Eternal Isles	hmcl	1715
		advent-of-ascension-nevermine	aoa3	虚无世界3	Advent of Ascension 3	hmcl	1269
		advent-of-ascension-nevermine	nevermine	虚无世界2	Nevermine 2: Advent of Ascension	hmcl	401
		adventure-backpack	adventurebackpack	探索者背包	Adventure Backpack	hmcl	2486
		adventure-backpacks-patched		探索者背包：延续	Adventure Backpacks Patched	hmcl	14792
		adventure-backport	adventure_backport	冒险模式向后移植	Adventure Backport	hmcl	15067
		adventure-dimensions	advdims	冒险维度	Adventure Dimensions	hmcl	14253
		adventurers-amulets	adventurersamulets	冒险家的护身符	Adventurer's Amulets	hmcl	24836
		ae-infinity-disk	ae_infinity_disk	AE无限磁盘	AE Infinity Disk	hmcl	23654
		ae-shield	aeshield	奕 秉甲	Ae Shield	hmcl	5483
		ae-terminal-view-cell-fix	terminal_view_cell_fix	AE2显示元件槽位修复	AE Terminal View Cell Fix	hmcl	22422
		ae-wireless-transceiver	aewireless	AE无线收发器	AE Wireless Transceiver	hmcl	21847
		ae2-additions-sophisticated-backpacks-integration	ae2_additions	AE2 附加	AE2 Additions	hmcl	27445
		ae2-all-encompassing	ae2allinone	AE2：包罗万象	AE2: All Encompassing	hmcl	23625
		ae2-auto-pattern-upload	ae2_auto_pattern_upload	AE2自动样板上传	AE2 Auto Pattern Upload	hmcl	23207
		ae2-better-magnet-card	ae2bettermagnetcard	AE2更好的磁引卡	AE2 Better Magnet Card	hmcl	25215
		ae2-crafting-tree	ae2ct	合成树	AE2: Crafting Tree	hmcl	16167
		ae2-crafting-tree-legacy	ae2ctl	AE2合成树-传统版	AE2CT-Legacy	hmcl	16806
		ae2-crystal-science	ae2cs	应用能源：水晶科技	AE2 Crystal Science	hmcl	24350
		ae2-extended-life		应用能源非官方延续版	AE2 Unofficial Extended Life	hmcl	5834
		ae2-extras	ae2extras	AE2 附加	AE2 Extras	hmcl	3601
		ae2-favorites	aef	AE2收藏夹	AE2 Favorites	hmcl	28254
		ae2-fluid-crafting	ae2fc	AE2流体合成套件	AE2 Fluid Crafting	hmcl	3126
		ae2-fluid-crafting-rework	ae2fc	AE2流体合成套件重置	AE2 Fluid Crafting Rework	hmcl	6565
		ae2-ftbquest-detector	ae2_ftbquest_detector	AE2-FTB任务检测器	AE2-Ftbquest-Detector	hmcl	23036
		ae2-import-export-card	ae2importexportcard	AE2输入输出卡	AE2 Import Export Card	hmcl	14141
		ae2-import-export-card	ae2insertexportcard	AE2输入输出卡	AE2 Import Export Card	hmcl	14141
		ae2-lightning-tech	ae2lt	AE2 闪电科技	AE2 Lightning Tech	hmcl	26685
		ae2-meteorite-addon	ae2_meteorite_addon	AE2陨石附加	AE2 Meteorite Addon	hmcl	27427
		ae2-overclocked	ae2_overclocked	AE2超频	AE2 Overclocked	hmcl	25098
		ae2-pattern-archive	pattern_archive	AE2样板档案馆	AE2 Pattern Archive	hmcl	25590
		ae2-pattern-workstation	ae2pw	AE2样板工作站	AE2 Pattern Workstation	hmcl	24945
		ae2-pattrn-find	ae2patternfind	应用能源2：样板查找	AE2 Pattrn Find	hmcl	27145
		ae2-sampleintegration	sampleintegration	AE2 智能样板系统	Smart Pattern System	hmcl	24710
		ae2-tech-add-on	ae2tech	AE2 科技扩展	AE2 Tech Add-On	hmcl	24824
		ae2-toogleable-view-cell	ae2_toggleable_view_cell	AE2可切换显示元件	AE2 Toggleable ViewCell	hmcl	17636
		ae2-uel-extended	appliedenergistics2	应用能源2非官方拓展	AE2 Unofficial Extended	hmcl	12319
		ae2-utilities	ae2utilities	AE2实用设备	AE2 Utilities	hmcl	5746
		ae2-utilix	ae2_utilix	AE2实用器械	AE2 Utilix	hmcl	27744
		ae2-wcwt	wcwt	ME综合工作终端	AE2 WCWT	hmcl	27158
		ae2fix	ae2fix	AE2修复	AE2Fix	hmcl	17901
		ae2fluidcraft-rework-unofficial	ae2fc	AE2流体合成套件重置非官方版	AE2 Fluid Craft Rework Unofficial	hmcl	23743
		ae2lt-packaged-pattern-provider	ae2ltpp	闪电科技：封包	AE2LT Packaged Pattern Provider	hmcl	27838
		ae2uel-wireless-universal-terminal	ae2wut	无线通用终端	AE2UEL Wireless Universal Terminal	hmcl	18253
		aec	AetherCraft	以太工艺	AetherCraft	hmcl	23334
		aegis-weapon-system-mod	AegisSystemMod	宙斯盾作战系统-战舰模组	Aegis Weapon System -Warship's Mod	hmcl	2704
		aerodynamics4mc	aerodynamics4mc	空气动力学	Aerodynamics4MC	hmcl	27000
		aeroengine	aeroengineering	机械动力：航空发动机	AeroEngine	hmcl	28518
		aeronautical-radio	aeronautical_radio	航空无线电	Aeronautical Radio	hmcl	21083
		aeronautics-addition	aero_addition	航空学：Addition	Aeronautics: Addition	hmcl	28047
		aeronautics-display-link-fix	aeronautics_display_link_fix	航空学显示链接器修复	Aeronautics Display Link Fix	hmcl	28169
		aeronautics-no-horizon	aero_no_horizon	航空学：无界	Aeronautics: No Horizon	hmcl	28108
		aeronautics-replay	aeronautics_replay	航空学：录像回放兼容	Aeronautics Replay	hmcl	28234
		aeronautics-wind-sound	aeronautics_windsound	航空学：破风	Aeronautics Wind Sound	hmcl	27747
		aeronautics-wind-tunnel	windtunnel	航空学：风洞	Aeronautics: Wind Tunnel	hmcl	28048
		aether	aether	天境	The Aether	hmcl	94
		aether	aether_legacy	天境	The Aether	hmcl	94
		aether-aspects	AetherAspects	天境要素扫描	Aether Aspects	hmcl	737
		aether-delight	aetherdelight	天境乐事	Aether Delight	hmcl	13308
		aether-gravitation	gravitation	天境之引	Aether Gravitation	hmcl	10293
		aether-ii	aether	天境二	The Aether II	hmcl	1137
		aether-ii	aether_ii	天境二	The Aether II	hmcl	1137
		aether-lost-content	lost_aether	天境：遗失之物	Aether: Lost Content Addon	hmcl	2481
		aether-lost-content	lost_aether_content	天境：遗失之物	Aether: Lost Content Addon	hmcl	2481
		aether-redux	aether_redux	天境：新生代	The Aether: Redux	hmcl	10575
		aether-villages	aether_villages	天境村庄	Aether Villages	hmcl	15868
		aetherworks	aetherworks	天华之作	AetherWorks	hmcl	7327
		aewirelesschannel	aewirelesschannel	AE无线频道	AE Wireless Channel	hmcl	20905
		after-the-drizzle	afterthedrizzle	细雨田园	After the Drizzle	hmcl	2493
		age-of-weapons	ageofweapons	武器时代	Age of Weapons	hmcl	5036
		ageratum	ageratum	藿香	Ageratum	hmcl	25888
		agricraft	AgriCraft	农业工艺	AgriCraft	hmcl	514
		agricraft	agricraft	农业工艺	AgriCraft	hmcl	514
		agricraft-continuation		农业工艺：延续	Agricraft Continuation	hmcl	14719
		agricultural-enhancements	agriculturalenhancements	农业增强	Agricultural Enhancements	hmcl	10771
		ai-art-deco-1	aiblock1	AI装饰一号	AI Art Deco 1	hmcl	10472
		ai-command	aicommand	AI指令生成	AI Command Generator	hmcl	20013
		ai-improvements	aiimprovements	AI改进	AI Improvements	hmcl	1480
		ai-myhs-plants-vs-zombies	pvz_kedit	Ai_myh的植物大战僵尸	Ai_myh's Plants Vs. Zombies Mod	hmcl	26577
		ai-player	ai-player	AI玩家	AI Player	hmcl	23373
		ai-reducer	aireducer	AI减速器	AI Reducer	hmcl	4730
		aimassiste	aimassist	辅助瞄准	AimAssiste	hmcl	21968
		aimbot	aimbot	瞄准修正	Aim Bot	hmcl	19486
		aimbow-bow-hit-indicator	aimbow-mod	弓箭瞄准	AimBow	hmcl	21596
		aiot-botania	aiotbotania	植物魔法全能工具	AIOT Botania	hmcl	1544
		air-hop	airhop	多段跳	Air Hop	hmcl	1908
		airdrop-supply	airdrop-supply	空投供应	Airdrop Supply	hmcl	12863
		akashic-tome	AkashicTome	阿卡什宝典	Akashic Tome	hmcl	688
		akashic-tome	akashictome	阿卡什宝典	Akashic Tome	hmcl	688
		akatzumapick	akatzumapick	汤姆的简易存储附属	AkatZumaPick	hmcl	24369
		akatzumatool	akatzumatool	AkatZumaの工具	AkatZumaTool	hmcl	27540
		alarmist	alarmist	危言耸听	Alarmist	hmcl	28661
		alchemistry	alchemistry	炼金化学	Alchemistry	hmcl	1928
		alchemy-kingdom	ak	炼金王国	Alchemy Kingdom	hmcl	18740
		alchemyplusplus	AlchemyPlusPlus	炼金++	AlchemyPlusPlus	hmcl	178
		alchimiae-magicae	alchimiae	炼金魔法师	Alchimicae Magicae	hmcl	17496
		alexs-caves	alexs_caves	Alex 的洞穴	Alex's Caves	hmcl	12592
		alexs-caves	alexscaves	Alex 的洞穴	Alex's Caves	hmcl	12592
		alexs-caves-enriched	alexscavesenriched	Alex 的洞穴：浓缩	Alex's Caves: Enriched	hmcl	21770
		alexs-caves-entropy	entropy	Alex 的洞穴：熵	Alex's Caves:Entropy	hmcl	14948
		alexs-caves-torpedoes	alexs_caves_torpedoes	Alex 的洞穴：物品 & 鱼雷	Alex's Caves: Stuff & Torpedoes	hmcl	14420
		alexs-cloud-storage	cloudstorage	云存储	Cloud Storage	hmcl	6196
		alexs-delights	alexsdelight	Alex乐事	Alex's Delights	hmcl	5268
		alexs-mobs	alexsmobs	Alex 的生物	Alex's Mobs	hmcl	3318
		alexs-mobs-capsid-fix	capsidfix	Alex生物衣壳体修复	Alex's Mobs Capsid Fix	hmcl	22781
		alexs-mobs-delight	alexsmobsdelight	Alex 的生物乐事	Alex's Mobs Delight	hmcl	25470
		alexs-mobs-fabric		Alex 的生物 (Fabric)	Alex's Mobs (Fabric)	hmcl	25141
		alexs-mobs-neoforge		Alex 的生物 (NeoForge)	Alex's Mobs (NeoForge)	hmcl	26252
		alexsmobsinteraction	alexsmobs	Alex 的生物：交互	Alexs Mobs Interaction	hmcl	13820
		alfheim	alfheim	亚尔夫海姆	Alfheim	hmcl	1084
		alices-doll	alice_mad_tea_party	元歌	Alice's Doll	hmcl	19587
		aliensvspredator		异形大战铁血战士	AliensVsPredator	hmcl	1682
		alivecombat	alivecombat	战斗生机	AliveCombat	hmcl	8985
		all-dimension-height-increase	dimheight	全维度建筑高度提升	All Dimension Height Increase	hmcl	5316
		all-in-zero	allinzero	一切于零	All In Zero	hmcl	19646
		all-stackable	allstackable	可堆叠物品自定义	All Stackable	hmcl	3319
		all-the-discs	allthediscs	唱片大全	All the Discs	hmcl	4619
		all-the-mafuyu	allthemafuyu	万象瑞雪	All the Mafuyu	hmcl	22785
		all-u-want	alluwant	背包编辑器	All-U-Want	hmcl	959
		all-villager-work	allvillagerwork	村民作息	All Villager Work	hmcl	28692
		allens-rocket-launcher-arl	arl	简易火箭筒	Allen's Rocket Launcher	hmcl	9392
		allis-one-way-glass	onewayglass	Alli的单向玻璃	Alli's One Way Glass	hmcl	7986
		allomancy	allomancy	镕金术	Allomancy	hmcl	4713
		alloy-forgery	alloy_forgery	合金冶炼炉	Alloy Forgery	hmcl	4958
		allure		诱惑	Allure	hmcl	2871
		almost-enough-items	almostenoughitems	AEI物品管理器	Almost Enough Items	hmcl	1348
		alphabet-speedrun	alphabet_speedrun	自定义速通挑战	αβspeedrun	hmcl	10591
		alphabet-speedrun	speedabc	自定义速通挑战	αβspeedrun	hmcl	10591
		alternate-terrain-generation	atg	交替性地形生成	Alternate Terrain Generation	hmcl	333
		alternating-flux	alternatingflux	交变磁通	Alternating Flux	hmcl	2072
		alternative-twilight	alternative_twilight	暮色：另类	Alternative Twilight	hmcl	18446
		alternative-twilight-remastered-version	at_mod	暮色：另类 (重置版)	Alternative Twilight Remastere	hmcl	27121
		always-a-wither-skull	alwaysawitherskull	必得凋灵骷髅头颅	Always a Wither Skull	hmcl	5345
		alwayseat	salwayseat	吃不停	AlwaysEat	hmcl	4005
		alwayseat-reload		吃不停重制版	AlwaysEat Reload	hmcl	6154
		alwaysopenwater	aow	始终开放水域	AlwaysOpenWater	hmcl	8506
		alwaysopenwaterneoforge	aowneo	始终开放水域-NeoForge	AlwaysOpenWaterNeoForge	hmcl	27141
		amber-jade	amber	琥珀	Amber	hmcl	10135
		ambiances	ambiance	氛围！	Aurae!	hmcl	16940
		ambience-extras	ambience	环境音乐：附加	Ambience - Extras	hmcl	3189
		ambience-music-mod	ambience	环境音乐	Ambience	hmcl	1347
		ambientsounds	ambientsounds	自然音效	AmbientSounds	hmcl	2947
		ames-mobs-configuration	amemobsettings	AME生物配置	Ame's Mobs' Configuration	hmcl	17199
		amethyst-imbuement	amethyst_imbuement	紫晶魔艺	Amethyst Imbuement	hmcl	6629
		amethyst-tools-2	amethysttoolsmod	紫水晶工具2	Amethyst Tools Mod 1.2x	hmcl	12881
		among-us	amongus	在我们之中	Among Us	hmcl	6309
		amplified-nether	amplified_nether	放大化下界	Amplified Nether	hmcl	5205
		amplified-nether	amplifiednether	放大化下界	Amplified Nether	hmcl	5205
		amr-bot		自动化模块机器人	Automatic Modular Robot	hmcl	23755
		an-adaptive-nemesis	adaptive_nemesis	自适应宿敌	Adaptive Nemesis	hmcl	26992
		ancient-aether	ancient_aether	亘古天境	Ancient Aether	hmcl	11132
		ancient-city-renovation-project	ancient_city_renovation_project	远古城市翻新工程	Ancient City Renovation Project	hmcl	24252
		ancient-manuscripts	ancient_manuscripts	远古手稿	Ancient Manuscripts	hmcl	10457
		ancient-spellcraft	ancientspellcraft	古代咒法	Ancient Spellcraft	hmcl	2390
		ancient-tweaks	ancienttweaks	古代调整	Ancient Tweaks	hmcl	28062
		ancient-warfare-2	AncientWarfare	古代战争2	Ancient Warfare2	hmcl	844
		ancient-warfare-2	AncientWarfareAutomation	古代战争2	Ancient Warfare2	hmcl	844
		ancient-warfare-2	ancientwarfare	古代战争2	Ancient Warfare2	hmcl	844
		ancient-warfare-2	ancientwarfareautomation	古代战争2	Ancient Warfare2	hmcl	844
		ancient-warfare-2	ancientwarfarenpc	古代战争2	Ancient Warfare2	hmcl	844
		ancient-warfare-2	ancientwarfarestructure	古代战争2	Ancient Warfare2	hmcl	844
		ancient-warfare-2	ancientwarfarevehicle	古代战争2	Ancient Warfare2	hmcl	844
		ancient-warfare-3	AncientWarfare	古代战争3	Ancient Warfare 3	hmcl	6755
		andromeda	andromeda	群星	Andromeda	hmcl	14414
		angel-block	angelblock	天使方块	Angel Block	hmcl	11681
		angel-ring	angelring	天使指环	Angel Ring	hmcl	6177
		angel-ring-classic	doomangelring	天使指环经典版	Angel Ring Classic	hmcl	17605
		angel-ring-to-bauble	flyringbaublemod	可装备的天使指环	Angel Ring To Bauble	hmcl	816
		angry-pixel-the-betweenlands-mod	thebetweenlands	交错次元	The Betweenlands	hmcl	499
		angrysun	angrysun	炙热太阳	AngrySun	hmcl	2569
		animal-bikes	animalbikes	动物坐骑	Animal Bikes	hmcl	229
		animal-crops	animalcrops	动物作物	Animal Crops	hmcl	2527
		animal-crops-reborn	animalcropsreborn	动物作物重置版	Animal Crops Reborn	hmcl	27683
		animal-feeding-trough	animal_feeding_trough	动物喂养槽	Animal Feeding Trough	hmcl	3608
		animal-pens	animal_pen	动物围栏	Animal Pens	hmcl	21090
		animales	tfa	动物扩充	Animales	hmcl	1991
		animalium	animalium	动物	Animalium	hmcl	3602
		animania	animania	动物谷：基础	Animania Base	hmcl	1467
		animania-cats-dogs	animania	动物谷:猫猫狗狗	Animania Cats & Dogs	hmcl	3863
		animania-extra	animania	动物谷:额外动物	Animania Extra Animals	hmcl	3862
		animania-farm	animania	动物谷:农场	Animania Farm	hmcl	3861
		animated-player-mod	animatedplayer	动画化玩家	Animated Player Mod	hmcl	11650
		animated-player-mod-reforged		动画化玩家：重铸版	Animated Player Mod (Reforged)	hmcl	27824
		animationapi	AnimationAPI	动画API	AnimationAPI	hmcl	1304
		animationrecorder	animt	动图记录	AnimationRecorder	hmcl	6731
		anisum	anisum	八角	Anisum	hmcl	25656
		ankinbt	ankinbt	安之编辑	AnkiNBT	hmcl	24766
		annihilationblade	annihilationblade	湮灭之刃	Annihilation Blade	hmcl	23262
		annihilationbladeex	annihilationblade	湮灭之刃-非官方重制版		hmcl	28431
		annoying-villagers-herobrine-invasion	annoyingvillagers	烦人的村民	Annoying Villagers: Herobrine Invasion	hmcl	23152
		another-dyeable-shulkers	dyeable_shulkers	可染色潜影贝	Another Dyeable Shulkers	hmcl	16186
		another-furniture	another_furniture	别样家具	Another Furniture	hmcl	7201
		anthill-inside	anthillinside	蚂蚁物流	Anthill Inside	hmcl	3616
		anti-id-conflict	antiidconflict	反ID冲突	Anti Id Conflict	hmcl	14235
		antidrop	antidrop	防丢	AntiDrop	hmcl	6476
		antighost	antighost	幽灵方块同步修复	AntiGhost	hmcl	3426
		antiportals	antiportals	反传送门	AntiPortals	hmcl	3765
		antipotionmod-1-12-2	antipotionmod	无药水效果	AntiPotionMod	hmcl	1822
		antique-armory		匠魂盔甲怀古	Antique Armory	hmcl	23485
		antique-atlas	antiqueatlas	古式地图	Antique Atlas	hmcl	1308
		anvil-crafting	anvil_crafting	铁砧配方	Anvil Crafting	hmcl	12876
		anvil-fix	anvil_fix	铁砧修复	Anvil Fix	hmcl	3660
		anvil-restoration	anvilrestoration	铁砧修复	Anvil Restoration	hmcl	5346
		anvilcraft	anvilcraft	铁砧工艺	AnvilCraft	hmcl	14068
		anvilcraft-alloyextension	anvilcraft_alloyextension	铁砧工艺：合金扩展	Anvilcraft: Alloy Extension	hmcl	21168
		anvilcraft-better-beacons-compatible	anvilcraft_better_beacons_compatible	铁砧工艺：更好的信标兼容	AnvilCraft: BetterBeaconsCompatible	hmcl	24171
		anvilcraft-create	anvilcraft_create_addition	铁砧工艺：机动附加	AnvilCraft: Create Addition	hmcl	25641
		anvilcraft-curios	anvilcraft_curios	铁砧工艺：饰品	AnvilCraft: Curios	hmcl	24172
		anvilcraft-delta	anvilcraft_delta	铁砧工艺：三角化	AnvilCraft: Delta	hmcl	24213
		anvilcraft-dingdongji	dingdongji	铁砧工艺：叮咚叽	AnvilCraft: DingDongJi	hmcl	28504
		anvilcraft-extra-power	anvilcraftextrapower	铁砧工艺：额外电力	Anvilcraft:Extra Power	hmcl	22364
		anvilcraft-guideme	anvilcraft_guideme	铁砧工艺：GuideME	AnvilCraft: GuideME	hmcl	24212
		anvilcraft-kaleidoscope	anvilcraft_kaleidoscope	铁砧工艺：森罗物语	AnvilCraft: Kaleidoscope	hmcl	24262
		anvilcraft-kubejs	anvilcraft_kubejs	铁砧工艺：KubeJS	AnvilCraft: KubeJS	hmcl	24165
		anvilcraft-lite	anvilcraft_lite	铁砧工艺：青春版	AnvilCraft: Lite	hmcl	24214
		anvilcraft-patchouli	anvilcraft_patchouli	铁砧工艺：帕秋莉手册	AnvilCraft: Patchouli	hmcl	24173
		anvilcraft-pigsplus	anvilcraft_pigsplus	铁砧工艺：猪+	AnvilCraft: PigsPlus	hmcl	23007
		anvilcraft-ponder	anvilcraft_ponder	铁砧工艺：思索	AnvilCraft: Ponder	hmcl	24211
		anvilcraft-qualia-addon	anvilcraft_qualia	铁砧工艺：Qualia	AnvilCraft: Qualia Addon	hmcl	25313
		anvilcraft-transducers	anvilcrafttransducers	铁砧工艺：并入电网	AnvilCraft Transducers	hmcl	23707
		anvilcraft-via	voidinair	铁砧工艺：天猫行空	AnvilCraft: Void in Air	hmcl	27775
		anvilfixreborn	anvil_fix	铁砧修复重生	Anvil Fix Reborn	hmcl	13604
		anyblade	anythingslashblade	万物皆为刃	Anything SlashBlade	hmcl	23107
		anything-but-fish	anythingbutfish	就是不钓鱼	Anything But Fish	hmcl	25024
		aoa-infobundle	aoainfo	虚无世界信息包	AoA InfoBundle	hmcl	2772
		aobd-singularities	aobdsingularities	AOBD的奇点	AOBD Singularities	hmcl	565
		aotake-sweep	aotake_sweep	竹叶清	Aotake Sweep	hmcl	20118
		apex-guns	apexguns	Apex 枪械工艺	Apex Guns	hmcl	7157
		apocalypse-minimap-hud	apocalypseminimaphud	启示录：小地图Hud	Apocalypse Minimap Hud	hmcl	21072
		apocalypse-mod	Apocalypse	启示录	Apocalypse	hmcl	641
		apocalypse-mod	apocalypse	启示录重制	Apocalypse Rebooted	hmcl	4497
		aportingcore	APortingCore	移植核心	APortingCore	hmcl	2939
		apotheosis	apotheosis	神化	Apotheosis	hmcl	1708
		apotheosis-artifice	apotheosis_artifice	神化-巧技	Apotheosis Artifice	hmcl	27972
		apotheosis-localized	apotheosislocalized	神化本地化	Apotheosis Localized	hmcl	26164
		apotheosis-modern-ragnarok	apotheosis_modern_ragnarok	神化：现代诸神黄昏	Apotheosis Modern Ragnarok: Zero	hmcl	13455
		apotheosis-spore-apoth-boss-compat	apotheosisspore	神化：孢子 Boss 适配扩展	Apotheosis Spore (Apoth Boss Compat)	hmcl	25786
		apotheosis-things	apotheosis_things	神化小玩意	Apotheosis Things	hmcl	25198
		apothic-attributes-extension	apothic_attributes_extension	神化属性拓展	Apothic Attributes Extension	hmcl	21502
		apothic-enchanting	apothic_enchanting	神化附魔	Apothic Enchanting	hmcl	17632
		apothic-enchanting-addition	apothicenchantingaddition	通量神化附属	Apothic Enchanting Addition	hmcl	25532
		apothic-spawners	apothic_spawners	神化刷怪笼	Apothic Spawners	hmcl	15620
		apple-carrot	applecarrot	苹果胡萝卜	Apple Carrot	hmcl	2655
		apple-expand	apple_expand	苹果拓展	Apple Expand	hmcl	27316
		apple-trees-revived	appletreesrev	苹果树：复生	Apple Trees Revived	hmcl	4882
		applecore	AppleCore	苹果核	AppleCore	hmcl	381
		applecore	applecore	苹果核	AppleCore	hmcl	381
		applecore-unofficial	AppleCore	苹果核非官方版	Applecore Unofficial	hmcl	8964
		applemilktea2	DCsAppleMilk	苹果奶茶2	AppleMilkTea2	hmcl	363
		applepie	ApplePie	苹果派	ApplePie	hmcl	3974
		apples-plus	apples	更多苹果	Apples+	hmcl	284
		appleskin	appleskin	苹果皮	AppleSkin	hmcl	744
		applied-botanics-addon	appbot	应用能源：植物魔法附属	Applied Botanics Addon	hmcl	6815
		applied-construction-sticks	appliedsticks	应用建筑棒	Applied Construction Sticks	hmcl	25027
		applied-cooking	appliedcooking	应用厨房	Applied Cooking	hmcl	8232
		applied-create	appliedcreate	应用机动	Applied Create	hmcl	25378
		applied-energistics-1	AppliedEnergistics	应用能源	Applied Energistics 1	hmcl	87
		applied-energistics-2	ae2	应用能源2	Applied Energistics 2	hmcl	260
		applied-energistics-2	appliedenergistics2	应用能源2	Applied Energistics 2	hmcl	260
		applied-energistics-2	appliedenergistics2-core	应用能源2	Applied Energistics 2	hmcl	260
		applied-energistics-2-wireless-terminals	ae2wtlib	AE2无线终端	Applied Energistics 2 Wireless Terminals	hmcl	3712
		applied-energistics-2-wireless-terminals-forge	ae2wtlib	AE2无线终端Forge版	Applied Energistics 2 Wireless Terminals Forge	hmcl	4109
		applied-enough-items	appliedenoughitems	应用定整	Applied Enough Items	hmcl	23406
		applied-extended-crafting	applied_extended_crafting	应用合成拓展	Applied Extended Crafting	hmcl	25523
		applied-flux	appflux	应用通量	Applied Flux	hmcl	13416
		applied-greg	applied_greg	应用格雷	Applied Greg	hmcl	27258
		applied-integrations	appliedintegrations	应用集成	Applied Integrations	hmcl	3393
		applied-mana	mana_ae	应用魔法	Applied Mana	hmcl	10012
		applied-mekanistics	appmek	应用能源：通用机械附属	Applied Mekanistics	hmcl	6055
		applied-pneumatics	appliedpneumatics	应用气动	Applied Pneumatics	hmcl	22280
		applied-replicatics	apprep	应用复制学	Applied Replicatics	hmcl	24978
		applied-schematics	appliedschematics	应用蓝图	Applied Schematics	hmcl	27924
		applied-web-terminal	appwebterminal	AE网络终端	Applied Web Terminal	hmcl	19511
		appliedchisel	ae_chisel	应用凿子	AppliedChisel	hmcl	22602
		apprentices-codex	apprenticecodex	学徒法典	Apprentice's Codex	hmcl	25121
		apricityui	apricityui	晴雪UI	ApricityUI	hmcl	25355
		aqua-acrobatics	aquaacrobatics	水游技艺	Aqua Acrobatics	hmcl	3306
		aqua-acrobatics-unofficial-forge	aquaacrobaticsunofficial	水游技艺非官方版	Aqua Acrobatics Unofficial [Forge]	hmcl	27714
		aqua-creepers	aqua_creepers	水下苦力怕	Aqua Creepers!	hmcl	3235
		aquaculture	aquaculture	水产业2/水产品2	Aquaculture 2	hmcl	281
		aquaculture-delight	aquaculturedelight	水产乐事	Aquaculture Delight	hmcl	13332
		aquamirae-delight	aquamirae-delight	海灵乐事	Aquamirae Delight	hmcl	16335
		aquarium	aquarium	深海	Aquarium	hmcl	4009
		aquatic-breeding	fisheggs	水产养殖	Aquatic Breeding	hmcl	23855
		aquatic-torches	aquatictorches	水下火把	Aquatic Torches	hmcl	6522
		aquatweaks	AquaTweaks	水下微调	AquaTweaks	hmcl	14226
		aquatweaks-compat	aquatweakscompat	水下微调：兼容	AquaTweaks Compat	hmcl	14227
		arachnophobia	arachnophobia	蜘蛛恐惧症	Arachnophobia	hmcl	1371
		arborfirmacraft	afc	林海传说	ArborFirmaCraft	hmcl	14024
		arcadian-dream	arcadiandream	幻想之梦	Arcadian Dream	hmcl	10833
		arcaea	mukaimods	Arcaea韵律源点	Arcaea	hmcl	3335
		arcane-additions	arcaneadditions	奥术增补	Arcane Additions	hmcl	8414
		arcane-archives	arcanearchives	奥术档案馆	Arcane Archives	hmcl	1988
		arcane-arteries	arcanearteries	奥法献祭学	Arcane Arteries	hmcl	738
		arcane-arteries-kedition	arcane_arteries	奥法献祭学非官方版	Arcane Arteries Kedition	hmcl	18391
		arcane-convergence	arcane_convergence	奥法归一	Arcane Convergence	hmcl	23035
		arcane-engineering	arcane_engineering	奥法工程学	Arcane Engineering	hmcl	515
		arcane-essentials	arcane_essentials	奥术精要	Arcane Essentials	hmcl	2382
		arcanecraft		奥法工艺	ArcaneCraft	hmcl	2427
		arcanecraft-ii	arcanecraft	奥法工艺2	ArcaneCraft II	hmcl	4818
		arcanum	arcanum	奥秘	Arcanum	hmcl	2134
		archaeological-research-exploration	archaeological_research_exploration	考古研究：探寻	Archaeological Research：Exploration	hmcl	18705
		archaic-raisy	archaicraisy	古代化提升	Archaic Raisy	hmcl	28674
		archeology	archeology	考古学	CapsLock Archeology	hmcl	5352
		archers-helicopter	archers_helicopter	阿辰的直升机	Archer's Helicopter	hmcl	18751
		archers-paradox	archers_paradox	弓箭手悖论	Archer's Paradox	hmcl	4407
		archimedes-ships	ArchimedesShips	阿基米德之舟	Archimedes' Ships	hmcl	140
		archimedes-ships	ArchimedesShipsPlus	阿基米德之舟	Archimedes' Ships	hmcl	140
		architect-tools-converter-1-7-10	arctools	建筑师工具 - 转换器	Architect Tools - Converter	hmcl	10613
		architects-dream	architectsdream	建筑师之梦	Architect's Dream	hmcl	5465
		architects-palette	architects_palette	建筑师的调色板	Architect's Palette	hmcl	4657
		architecturecraft	ArchitectureCraft	建筑师工艺	Architecture Craft	hmcl	807
		architecturecraft-tridev	architecturecraft	建筑师工艺重置版	ArchitectureCraft - TridentMC Version	hmcl	1403
		archprp	archprp	帕秋莉手册加载补丁跨平台版	Patchouli Resource Patch - Arch/Architectured Patchouli Resource Patch	hmcl	8906
		arda-addon	arda	阿尔达拓展	Arda Addon	hmcl	14934
		argentina-food-mod	argentina_food_mod	阿根廷的食物	Argentina Food Mod	hmcl	2650
		argentinasdelight	argentinas_delight	阿根廷乐事	Argentina's Delight	hmcl	10639
		argonmod	argon	氩	Argon	hmcl	16737
		arknights-weapon	arknights_weapon	方舟武器	Arknights Weapon	hmcl	21143
		arknightsfurniture	arknights-furniture	明日方舟家具	ArknightsFurniture	hmcl	20166
		arknightsfurniture	arknights_furniture	明日方舟家具	ArknightsFurniture	hmcl	20166
		armor-adjustment	armoradjustment	盔甲调整	Armor Adjustment	hmcl	9009
		armor-chroma	armorchroma	盔甲颜色显示	Armor Chroma	hmcl	3164
		armor-chroma-for-fabric	armorchroma	盔甲颜色显示Fabric版	Armor Chroma for Fabric	hmcl	5243
		armor-curve	armorcurve	盔甲曲线修改	Armor Curve	hmcl	3188
		armor-damage-limit	armordamagelimit	甲哇！/盔甲耐久损失限制	Armor Damage Limit	hmcl	16653
		armor-of-the-ages	armoroftheages	时代铠甲	Armor of the Ages	hmcl	15780
		armor-quick-swap	armorquickswap	盔甲快速切换	Armor Quick Swap	hmcl	22620
		armor-set-box	armor_set_box	套装盒	Armor Set Box	hmcl	27129
		armor-sound-tweak	armorsoundtweak	盔甲音效调整	Armor Sound Tweak	hmcl	5237
		armor-status-hud-renewed	armorstatushud	耐久信息显示：重生	Armor Status HUD Renewed	hmcl	11197
		armor-toughness-bar	toughnessbar	盔甲韧性显示	Armor Toughness Bar	hmcl	2964
		armor-underwear-mod	armorunder	盔甲内衬	Armor Underwear Mod	hmcl	1992
		armoreablemobs	armoreablemobs	怪物装备自定义	ArmoreableMobs	hmcl	1330
		armorplus	armorplus	装备扩充	ArmorPlus	hmcl	1121
		armors-api	armors_api	护甲组合API	Armors API	hmcl	28461
		armorstatushud	armorstatushud	耐久信息显示	ArmorStatusHUD	hmcl	569
		armorstatushud-updated	armorstatushud	耐久信息显示更新版	ArmorStatusHUD Updated	hmcl	16541
		armory-expansion	armoryexpansion	匠魂盔甲扩展	Armory Expansion	hmcl	1861
		armory-expansion	armoryexpansion-conarm	匠魂盔甲扩展	Armory Expansion	hmcl	1861
		armory-expansion	armoryexpansion-custommaterials	匠魂盔甲扩展	Armory Expansion	hmcl	1861
		armory-expansion	armoryexpansion-iceandfire	匠魂盔甲扩展	Armory Expansion	hmcl	1861
		armorycache	armorycache	军械库	Armory Cache	hmcl	22348
		armourers-workshop	armourersWorkshop	时装工坊	Armourer's Workshop	hmcl	464
		armourers-workshop	armourers_workshop	时装工坊	Armourer's Workshop	hmcl	464
		armourers-workshop	plushieWrapper	时装工坊	Armourer's Workshop	hmcl	464
		aroma1997s-dimensional-world	Aroma1997sDimension	Aroma1997的维度世界	Aroma1997's Dimensional World	hmcl	686
		aroma1997s-dimensional-world	aroma1997sdimension	Aroma1997的维度世界	Aroma1997's Dimensional World	hmcl	686
		aromabackup	AromaBackup	存档备份	AromaBackup	hmcl	1140
		aromabackup	aromabackup	存档备份	AromaBackup	hmcl	1140
		aromabackup	aromabackuprecovery	存档备份	AromaBackup	hmcl	1140
		arrow-cam	arrowcammod	箭矢视角	Arrow Cam Mod	hmcl	556
		arrowcollect	arrowcollect	箭矢回收修复	ArrowCollect	hmcl	21371
		arrowcollector	arrowcollector	你返箭吗	Arrow Collector	hmcl	10602
		arrows-break-torches	arrowsbreaktorches	箭矢破坏火把	Arrows Break Torches	hmcl	9074
		arrp	advanced_runtime_resource_pack	高级运行时资源包	Advanced Runtime Resource Packs	hmcl	3677
		ars-elemental-elemental-spell-foci	ars_elemental	元素魔艺	Ars Elemental	hmcl	6014
		ars-magica-2	arsmagica2	魔法艺术2	Ars Magica 2	hmcl	203
		ars-magica-2-rekindled	arsmagica2	魔法艺术2：复刻版	Ars Magica 2: Rekindled	hmcl	26661
		ars-meteorites	arsmeteorites	新生陨星	Ars Meteorites	hmcl	20272
		ars-nouveau	ars_nouveau	新生魔艺	Ars Nouveau	hmcl	3468
		ars-nouveaus-flavors-delight	arsdelight	新生乐事	Ars Nouveau's Flavors & Delight / Ars Delight	hmcl	16970
		ars-oscura	ars_oscura	黑暗魔艺	Ars Oscura	hmcl	11666
		ars-repairing	ars_repairing	新生魔艺：修复纤维强化	Ars Repairing	hmcl	14754
		ars-violetgold-equipment	ars_violetgold_equipment	魔艺紫金装备	Ars Violetgold Equipment	hmcl	28595
		arse-ars-extensions	ars_extensions	魔艺拓展	Ars Extensions	hmcl	24118
		art-artillery	aa2	艺术？火炮！	Art? Artillery!	hmcl	4087
		art-artillery	art_artillery	艺术？火炮！	Art? Artillery!	hmcl	4087
		art-of-alchemy	artofalchemy	炼金艺术	Art of Alchemy	hmcl	2753
		art-of-alchemy-memoriam	artofalchemy	炼金艺术：纪念版	Art of Alchemy: Memoriam	hmcl	3294
		art-of-forging-a-tetra-addon	art_of_forging	锻造之艺	Art of Forging	hmcl	6002
		artifacts	artifacts	奇异饰品	Artifacts	hmcl	2821
		artifice	Artifice	工匠的手艺	Artifice	hmcl	138
		artisan-automation	artisanautomation	工匠自动化	Artisan Automation	hmcl	5925
		artisan-tools-1-16	artisantools	工匠工具	Artisan Tools	hmcl	3948
		artisan-worktables	artisanworktables	工匠之作/工匠工作台	Artisan Worktables	hmcl	1559
		artisan-worktables-1-16	artisanworktables	工匠之作2 / 工匠工作台2	Artisan Worktables 2 / Artisan Worktables 1.16	hmcl	3553
		as-a-creeper	as_a_creeper_hileb	*的和你爆了	As a creeper	hmcl	11798
		ascension-mastery	ascension-mastery	飞升：精通	Ascension Mastery	hmcl	24183
		ash-another-simple-hud	umollu_ash	另一个简单的HUD	Another Simple HUD	hmcl	1690
		ash-of-sin-adventure-dimension	ash_of_sin_adventure_dimension	罪业余烬：冒险维度	Ash Of Sin: Adventure Dimension	hmcl	15243
		ash-of-sin-anti-high-level-enchantment	ash_of_sin_anti_high_level_enchantment	罪业余烬：反高级附魔	Ash Of Sin: Anti High Level Enchantment	hmcl	13952
		ash-of-sin-anti-same-modifier	ash_of_sin_anti_same_modifier	罪业余烬：反重复修饰符	Ash Of Sin: Anti Same Modifier	hmcl	14578
		ash-of-sin-better-ai	ash_of_sin_better_ai	罪业余烬：更好的AI	Ash Of Sin: Better AI	hmcl	14293
		ash-of-sin-custom-anti-enchantment-entity	ash_of_sin_custom_anti_enchantment_entity	罪业余烬：自定义反附魔实体	Ash Of Sin: Custom Anti Enchantment Entity	hmcl	13951
		ash-of-sin-custom-anti-high-atk-entity	ash_of_sin_custom_anti_high_atk_entity	罪业余烬：自定义反高攻击力实体	Ash Of Sin: Custom Anti High ATK Entity	hmcl	14157
		ash-of-sin-custom-anti-item-entity	ash_of_sin_custom_anti_item_entity	罪业余烬：自定义反物品实体	Ash Of Sin: Custom Anti Item Entity	hmcl	13953
		ash-of-sin-custom-anti-seat-entity	ash_of_sin_custom_anti_seat_entity	罪业余烬：自定义反坐垫实体	Ash Of Sin: Custom Anti Seat Entity	hmcl	13954
		ash-of-sin-custom-anti-trap-cage-entity	ash_of_sin_custom_anti_trap_cage_entity	罪业余烬：自定义反捕捉笼实体	Ash Of Sin: Custom Anti Trap Cage Entity	hmcl	14569
		ash-of-sin-custom-entity-anti-effect	ash_of_sin_custom_entity_anti_effect	罪业余烬：自定义实体反状态效果	Ash Of Sin: Custom Entity Anti Effect	hmcl	13955
		ash-of-sin-custom-entity-attack-effect	ash_of_sin_custom_entity_attack_effect	罪业余烬：自定义实体攻击状态效果	Ash Of Sin: Custom Entity Attack Effect	hmcl	14108
		ash-of-sin-custom-entity-effect	ash_of_sin_custom_entity_effect	罪业余烬：自定义实体状态效果	Ash Of Sin: Custom Entity Effect	hmcl	13956
		ash-of-sin-custom-entity-item	ash_of_sin_custom_entity_item	罪业余烬：自定义实体装备	Ash Of Sin: Custom Entity Item	hmcl	13957
		ash-of-sin-eternal-entity	ash_of_sin_eternal_entity	罪业余烬：永恒实体	Ash Of Sin: Eternal Entity	hmcl	13958
		ash-of-sin-no-more-invalid-statistic	ash_of_sin_no_more_invalid_statistic	罪业余烬：别再无效统计	Ash Of Sin: No More Invalid Statistic	hmcl	25664
		ash-of-sin-no-more-too-many-structures	ash_of_sin_no_more_too_many_structures	罪业余烬：不再过多结构	Ash Of Sin: No More Too Many Structures	hmcl	25899
		ash-of-sin-overlord	ash_of_sin_overlord	罪业余烬：不死者之王	Ash Of Sin: Overlord	hmcl	18084
		ash-of-sin-soul-like-boss-battle	ash_of_sin_soul_like_boss_battle	罪业余烬：类魂BOSS战	Ash Of Sin: Soul Like Boss Battle	hmcl	14109
		ash-of-sin-tempest	ash_of_sin_tempest	罪业余烬：特恩佩斯特	Ash Of Sin: Tempest	hmcl	18426
		ashen-witch-broom	ashenwitchbroom	魔女的扫帚：重制版	Ashen Witch Broom	hmcl	21739
		asphaltmod	asphaltmod	沥青	Asphalt Mod	hmcl	4916
		ass-arcane-spell-sword	arcane_spell_sword	奥术魔刃	Arcane Spell Sword - Iron's Spells Addon	hmcl	27649
		assassincraft-assassins-creed-mod	AssassinCraft	刺客信条	AssassinCraft	hmcl	97
		assassins-creed-blocklegend	acbl	刺客信条：方块传奇	Assassin's Creed Blocklegend	hmcl	3440
		assassins-creed-blocklegend	acbl	刺客信条：方块传奇2	Assassin's Creed Blocklegend II	hmcl	4312
		assassins-creed-parkour-mod	ParkourMod	刺客信条跑酷	Assassin's Creed Parkour Mod	hmcl	18810
		assembly-line	assemblyline	装配线	Assembly Line	hmcl	25076
		assembly-line-machines	assemblylinemachines	装配线	Assembly Line Machines	hmcl	3374
		assembly-lines	assemblyline	装配线	Assembly Lines	hmcl	3498
		assisted-progression	nucleus_teambr	进度小助手	Assisted Progression	hmcl	1993
		assorted-armaments	assorted_armaments	百般武艺	Assorted Armaments	hmcl	18920
		astatine	astatine	砹	Astatine	hmcl	18690
		asteorbar	asteorbar	Asteor的状态栏和血量显示	AsteorBar	hmcl	13236
		astral-additions	aam	星辉附加	Astral Additions	hmcl	8269
		astral-lucky-blocks	luckyBlockAstral	星际幸运方块	Astral Lucky Blocks	hmcl	10711
		astral-mekanism	astral_mekanism	星界机械&能源	Astral Mekanism & Energistics	hmcl	25818
		astral-patch	astralpatch	星辉补丁	Astral Patch	hmcl	15981
		astral-sorcery	astralsorcery	星辉魔法	Astral Sorcery	hmcl	639
		astrological-sorcery	astrosorc	星占魔法	Astrological Sorcery	hmcl	3253
		astromine-core	astromine	天体矿工：核心	Astromine: Core	hmcl	3761
		astromine-discoveries	astromine	天体矿工：探索	Astromine: Discoveries	hmcl	3810
		astromine-fabric	astromine	天体矿工	Astromine - Machines n' Space!	hmcl	2832
		astromine-foundations	astromine	天体矿工：基础	Astromine: Foundations	hmcl	3778
		astromine-technologies	astromine	天体矿工：科技	Astromine: Technologies	hmcl	3789
		astromine-transportations	astromine	天体矿工：运输	Astromine: Transportaions	hmcl	3790
		asynclogger	asynclogger	异步日志	Async Logger	hmcl	25979
		asyncparticles	asyncparticles	异步粒子	AsyncParticles	hmcl	18394
		athelas	athelas	阿塞拉斯	Athelas	hmcl	8157
		atlantis	atlantis	亚特兰蒂斯	Atlantis	hmcl	5226
		atm-azure-tetra-materials	azure_tetra_materials	蓝钢锻艺	Azure Tetra Materials	hmcl	24611
		atmospheric	atmospheric	悠然一派	Atmospheric	hmcl	3208
		atom-economy	atomeco	基石-经济	Atom-Economy	hmcl	5633
		atom-sweep	atomsweep	基石-清理	Atom-Sweep	hmcl	8386
		atomic-bomb-1-16	nuclear_craft	枪，炮，原子弹！	Guns, Rockets and Atomic Explosions	hmcl	4050
		atomic-science	atomicscience	原子科学	Atomic Science	hmcl	115
		atomicstrykers-battle-towers	AS_BattleTowers	战斗高塔	AtomicStryker's Battle Towers	hmcl	653
		atomicstrykers-battle-towers	battletowers	战斗高塔	AtomicStryker's Battle Towers	hmcl	653
		atomicstrykers-infernal-mobs	InfernalMobs	稀有精英怪	AtomicStryker's Infernal Mobs	hmcl	380
		atomicstrykers-infernal-mobs	infernalmobs	稀有精英怪	AtomicStryker's Infernal Mobs	hmcl	380
		atomicstrykers-magic-yarn	MagicYarn	AtomicStryker的魔法线	AtomicStryker's Magic Yarn	hmcl	398
		atop	ATOP	超多生物群系护甲	Armor for Biomes O' Plenty	hmcl	2434
		atop	atop	超多生物群系护甲	Armor for Biomes O' Plenty	hmcl	2434
		atp-miner	atp_miner	ATP高能连锁	ATP miner	hmcl	18711
		atp-safe-creeper	ATP-safe_creeper	ATP友好苦力怕	ATP Safe Creeper	hmcl	13854
		atp-safe-creeper	safe_creeper	ATP友好苦力怕	ATP Safe Creeper	hmcl	13854
		att-miss	att_miss	闪避攻击	Att Miss	hmcl	21119
		attack-missed	attack_missed	攻击闪避	Attack Missed	hmcl	3038
		attack-missed	attack_missed_port	攻击闪避	Attack Missed	hmcl	3038
		attack-on-minecraft	aom	自由之翼	Wings of Freedom	hmcl	2714
		attack-on-minecraft	wingsoffreedom	自由之翼	Wings of Freedom	hmcl	2714
		attack-speed-enchantment	attackspeedenchantment	攻击速度附魔	Attack Speed Enchantment	hmcl	4483
		attackagain	attackagain	又御刀追/追击	AttackAgain	hmcl	15740
		attained-drops	attainedDrops	可种植掉落物	Attained Drops	hmcl	6663
		attained-drops-2	attained_drops	可种植掉落物 2	Attained Drops 2	hmcl	6664
		attribute	attributefix	属性修复 - Fabric版	Attribute Fix {FABRIC}	hmcl	3225
		attribute-achievement-rewards	playerattributemanagement	成就属性提升	Attribute Achievement Rewards/Achievement attribute rewards	hmcl	23159
		attribute-sculptor	gameplay_sculptor	属性雕刻家	Attribute Sculptor	hmcl	22753
		attribute-unification	attributeunification	亿衍定真	Attribute Unification	hmcl	25429
		attributefix	attributefix	属性修复	AttributeFix	hmcl	2264
		atum	atum	阿图姆：沙漠之旅/亚图姆：金沙之旅	Atum 2: Return to the Sands	hmcl	117
		audio-death	audiodeath	死亡音效	Audio Death	hmcl	1630
		aura-cascade	Aura	气场流注	Aura Cascade	hmcl	15479
		auratip	auratip	浮冰UI	Aura Tip	hmcl	26260
		authenticate	authenticate	认证	Authenticate	hmcl	21226
		auto-attack	auto attack	自动攻击	Auto Attack	hmcl	4165
		auto-config	autoconfig1	自动配置 API	Auto Config API	hmcl	27961
		auto-feeder-helmet	feederhelmet	自动进食头盔	Auto Feeder Helmet	hmcl	1872
		auto-paths	AutoPaths	自动路径	Auto Paths	hmcl	870
		auto-pickup	autopickup	自动拾取	Auto Pickup	hmcl	958
		auto-pillar-generator	apg	一键柱子生成	Auto Pillar Generator	hmcl	18637
		auto-reload-crossbow	autoreloadcrossbow	弩自动装填	Auto Reload Crossbow	hmcl	21967
		auto-resource	autoresource	自动资源	Auto Resource	hmcl	20468
		auto-sapling	AutoSapling	自动树苗种植	Auto Sapling	hmcl	20664
		auto-sapling	autosapling	自动树苗种植	Auto Sapling	hmcl	20664
		auto-sprint	autorun	自动冲刺：一键切换	Auto Sprint : key toggle	hmcl	4744
		auto-switch-elytra	auto-switch-elytra	自动切换鞘翅	Auto Switch Elytra	hmcl	16429
		auto-switch-elytra	auto_switch_elytra	自动切换鞘翅	Auto Switch Elytra	hmcl	16429
		auto-third-person	auto_third_person	自动第三人称	Auto Third Person	hmcl	7235
		auto-torch	autotorch	自动火把	Auto Torch	hmcl	7659
		auto-trade-cap	at_td_cp	自动交易帽子	Auto Trade Cap	hmcl	22385
		auto-workstations-fabric	auto-workstations	自动化工作站	Auto Workstations	hmcl	7081
		autoafkfish	autoafkfish	自动钓鱼模式	AutoAFKFish	hmcl	28238
		autoclick-machine	clickmachine	自动连点器 (Fabric)	Click Machine (Fabric)	hmcl	12003
		autodisconnect	autodisconnect	自动断连	AutoDisconnect	hmcl	26448
		autofish	autofish	自动钓鱼	Autofish	hmcl	262
		autofish-for-forge	forgeautofish	自动钓鱼Forge版	AutoFish for (Neo)Forge	hmcl	2810
		autofish-for-tic	autoticfish	自动钓鱼Forge版-匠魂兼容	AutoFish for Tic	hmcl	24097
		autoharvest	autoharvest	自动收获	AutoHarvest	hmcl	5825
		autolandingwater	auto-landing-water	自动落地水	AutoLandingWater	hmcl	21189
		automagy	Automagy	自动化魔法	Automagy	hmcl	407
		automagy	Automagy	自动化魔法2	Automagy 2	hmcl	564
		automated-redstone	circuits	自动化红石	Automated Redstone	hmcl	1622
		automatic-doors	automaticdoors	自动门	Automatic Doors	hmcl	4325
		automatic-doors	automaticdoors-fabric	自动门	Automatic Doors	hmcl	4325
		automatic-elytra		自动鞘翅	Automatic Elytra	hmcl	4114
		automationera	automationera	自动化时代	Automation Era	hmcl	20416
		automobility	automobility	飞车奇匠	Automobility	hmcl	7241
		autoplant	autoplant	自动种植	AutoPlant	hmcl	15316
		autoreconnect-cn	autoreconnect	自动重连	AutoReconnect-CN	hmcl	25618
		autorepairhandler	unbreakablestart	坚不可摧	AutoRepairHandler	hmcl	23279
		autoroadbuild	autoroadbuild	自动筑路	AutoRoadBuild	hmcl	25762
		autoswaplowdurabilityelytra	wiamautoswaplowadurabilityelytra	自动鞘翅替换	AutoSwapLowDurabilityElytra	hmcl	19182
		autotools	autotools	自动工具	AutoTools	hmcl	11888
		autotranslation	autotranslation	自动翻译	AutoTranslation	hmcl	12385
		autotranslator-cn	autotranslator	自动翻译	Auto Translator	hmcl	26473
		autumnity	autumnity	秋原	Autumnity	hmcl	2412
		auxilium-equivalence	auxilium	等价交换辅助	Auxilium Equivalence / Auxilium	hmcl	1725
		auxilium-equivalence	auxiliumequivalence	等价交换辅助	Auxilium Equivalence / Auxilium	hmcl	1725
		avaritia	Avaritia	无尽贪婪	Avaritia	hmcl	505
		avaritia	avaritia	无尽贪婪	Avaritia	hmcl	505
		avaritia-1-1x-unofficial		无尽贪婪 1.1x 非官方延续版	Avaritia 1.1x Unofficial Extended Life	hmcl	18235
		avaritia-armor-upgrade	avaritia_armor_upgrade	无尽防御升级	Avaritia Armor Upgrade	hmcl	26032
		avaritia-endless	endless	无尽贪婪·伪	Avaritia Endless	hmcl	6422
		avaritia-expand	avaritia_expand	无尽贪婪 : 拓展	Avaritia : Expand	hmcl	21134
		avaritia-integration	avaritia_integration	无尽贪婪：集成	Avaritia:Integration	hmcl	22075
		avaritia-io	avaritiaio	无尽贪婪：接口	Avaritia IO	hmcl	1637
		avaritia-item	avaritiaitem	无尽特效物品	Avaritia Item	hmcl	14851
		avaritia-lite	avaritia	无尽贪婪精简版	Avaritia Lite	hmcl	3282
		avaritia-recipe-generator	avaritiarecipemaker	可视化无尽配方编辑器	Avaritia Recipe Generator	hmcl	1444
		avaritia-reset-version		无尽贪婪重置版	Avaritia Reset Version	hmcl	10683
		avaritia-spear	avaritia_spear	无尽贪婪：星辰贯穿之矛	Avaritia Spear	hmcl	27553
		avaritia-tweak	avaritia_tweak	无尽贪婪：魔改	Avaritia: Tweak	hmcl	22155
		avaritiaddons	avaritiaddons	无尽收容 / 更多空间箱子	Avaritiaddons	hmcl	1112
		avaritianeo	avaritia	无尽贪婪Neo	AvaritiaNeo	hmcl	15521
		avaritiareborn	avaritia	无尽贪婪：复兴	AvaritiaReborn	hmcl	14954
		avaritias-delight	avaritia_delight	无尽乐事	Avaritia's Delight	hmcl	20311
		avatar-mod-2-out-of-the-iceberg	avatarmod	降世神通：突破冰山	Avatar Mod 2: Out of the Iceberg	hmcl	3405
		awaken-gateway-entity	awaken_gateway_entity	轻轻敲响沉睡的心灵	Awaken Gateway Entity	hmcl	24463
		awesome-sheep-swell	awesomesheepswell	丰毛肥羊	Awesome Sheep Swell	hmcl	23735
		awesome-storage	awesome_storage	魔法存储	Awesome Storage	hmcl	17693
		axolotl-bucket-fix	axolotlitemfix	美西螈桶修复	Axolotl Bucket Fix	hmcl	4115
		axolotl-bucket-fix-forge	axolotlbucketfix	美西螈桶修复 Forge 版	Axolotl Bucket Fix (Forge)	hmcl	8141
		ayame-paperdoll	ayame_paperdoll	Ayame 纸娃娃	Ayame PaperDoll	hmcl	17015
		azure-rpg-items	azurerpgitems	Azure的RPG风格物品	Azure RPG Items	hmcl	5179
		azuredooms-angel-ring	doomangelring	AzureDoom的天使指环	AzureDooms Angel Ring	hmcl	3811
		b0bgarys-biome-remover-v-1-0-0-1	BiomeRemove	B0bGary的生物群系禁用器	B0bGary's Biome Remover	hmcl	6590
		baby-fat	babyfat	婴儿肥	Baby Fat	hmcl	6128
		babyanimal-follow-milk	babyanimalfollowmilk	牛奶幼诱	Milk Lure / Baby Animal Follow Milk	hmcl	28691
		back-to-eco	backtoeco	生态回归	Back to Eco	hmcl	910
		back-tools	backtools	工具后置 / 后背工具展示	Back Tools	hmcl	1784
		background-music-selector	bgmselector	背景音乐选择器	Background Music Selector	hmcl	7223
		backlytra	backlytra	鞘翅	Backlytra	hmcl	12282
		backpack-display	backpackdisplay	背包物品内容显示	Backpack Display	hmcl	17056
		backpack-plus	backpackplus	背倍加	Backpack Plus/Backpack Plus: Sophisticated Backpacks Addon	hmcl	19859
		backpack-side-gui	backpack_side_gui	精妙背包扩展GUI	Backpack Side GUI	hmcl	27802
		backpacked	backpacked	背包	Backpacked	hmcl	2228
		backpacks	backpacks16840	背包！	Backpacks!	hmcl	2605
		backslot	backslot	背用武器	BackSlot	hmcl	3428
		backslotaddon	backslotaddon	背用武器拓展	BackSlotAddon	hmcl	3389
		backstab	backstab	背刺	Backstab	hmcl	1670
		backtools	backtools	工具后置/后背工具展示：重制版	BackTools	hmcl	15592
		backup-resapwn-point		备用重生点	Backup-Resapwn-Point	hmcl	16312
		bacteriums	bacterium	细菌重置版	Bacterium	hmcl	2684
		bad-dreams	bad_sleep	噩梦	Bad Dreams	hmcl	16404
		bad-eyes	badeyes	近视眼	Bad Eyes	hmcl	16403
		baeffect	baeffect	蓝白光标特效	BAEffect	hmcl	27725
		bag-of-yurting	bagofyurting	帐篷袋	Bag of Yurting	hmcl	4296
		bagginses	bagginses	背包	Bagginses	hmcl	1392
		bakadanmaku	bakadanmaku	直播弹幕模组	BakaDanmaku	hmcl	3120
		baked-delight	bakeddelight	烘烤乐事	Baked Delight	hmcl	14469
		bakeries	bakeries	烘焙坊	Bakeries	hmcl	18100
		baking-process	baking_process	TW的烘培工艺	TW's Baking Process	hmcl	28130
		balanced-enchanting	balancedenchanting	平衡附魔	Balanced Enchanting	hmcl	4364
		balkons-weaponmod	weaponmod	更多武器	Balkon's WeaponMod	hmcl	21
		balkons-weaponmod-legacy	weaponmod	更多武器：传承	Balkon's WeaponMod: Legacy	hmcl	17582
		ballistix	ballistix	弹道学	Ballistix	hmcl	3944
		balloon-sheep	balloonsheep	气球羊	Balloon Sheep	hmcl	2056
		balmungreborn	balmung	巴鲁蒙格重生	BalmungReborn	hmcl	26455
		bamboo-everything	bambooeverything	竹子制品	Bamboo Everything	hmcl	1819
		ban-hunger-value	ban_food_data	禁用饥饿值	Ban Hunger Value	hmcl	26007
		bandwidthoptimizer	bandwidthoptimizer	宽带优化	BandwidthOptimizer	hmcl	27110
		bane-tooltips	bane-tooltips	克星信息显示	Bane Tooltips	hmcl	9579
		banit	banit	干掉它！	BanIt	hmcl	19702
		banksystem	banksystem	银行系统	BankSystem	hmcl	28051
		banner-claim	bannerclaim	旗帜圈地	Banner Claim	hmcl	21930
		bansoko	bansoukou	创可贴	Bansoukou	hmcl	5570
		barbarians	barbarians	野蛮人	Barbarians	hmcl	9410
		barbeques-delight	barbequesdelight	烧烤乐事	Barbeque's Delight	hmcl	14508
		barrels-drums-storage-more	bdsandm	桶，圆桶，存储 & 更多	Barrels, Drums, Storage & More	hmcl	1771
		barrier-block-mod	barrierblock	屏障方块	Barrier Block Mod	hmcl	11153
		bartering-station	barteringstation	易物站	Bartering Station	hmcl	8078
		bartworks	bartworks	巴特的作品	bartworks	hmcl	1553
		basalt-walker	basalt_walker	玄武岩行者	Basalt Walker	hmcl	3866
		basalt-walker-reborn	bswk	玄武岩行者：重生	Basalt Walker : Reborn	hmcl	8851
		base-metals	basemetals	基础金属	Base Metals	hmcl	2910
		basic-end-ores	beo	基础末地矿石	Basic End Ores	hmcl	18439
		basic-nether-ores	bno	基础下界矿石	Basic Nether Ores	hmcl	3247
		basicweapons	basicweapons	基础武器	Basic Weapons	hmcl	23500
		bastion-remnant-bridge-reforged	bastion_remnant_bridge_reforged	堡垒遗迹桥重铸	Bastion Remnant Bridge Reforged	hmcl	20963
		bastion-remnant-renovation-project	bastion_remnant_renovation_project	堡垒遗迹翻新工程	Bastion Remnant Renovation Project	hmcl	24206
		bastion-remnant-units-reforged	bastion_remnant_units_reforged	堡垒遗迹居住区重铸	Bastion Remnant Units Reforged	hmcl	20964
		bat-elytra	bat_elytra	蝙蝠鞘翅	Bat Elytra	hmcl	8249
		bat-happy-mod	bathappymod	🦇蝙蝠快乐MOD	🦇 Bat Happy Mod	hmcl	1807
		batch-edit-and-save-and-upload-ae2-pattern-content	batcheditandsaveanduploadAE2patterncontentwithlocalfiles	批量编辑,保存到本地,模拟玩家编写AE2样板	batch edit and save and upload AE2 pattern content with local files	hmcl	26671
		bathroom-blocks	bathroom	浴室方块	Bathroom Blocks	hmcl	8290
		battery-shield	battery_shield	电池护盾	Battery Shield	hmcl	14282
		battle-frenzy	battle-frenzy	越战越勇	Battle Frenzy	hmcl	19828
		battle-tower-continuation		战斗高塔：延续	Battle Tower Continuation	hmcl	14776
		battlecorrection	battlecorrection	战斗修正	BattleCorrection	hmcl	8002
		baublelicious	baublelicious	美妙饰品	Baublelicious	hmcl	1325
		baubles	Baubles	饰品栏	Baubles	hmcl	473
		baubles	baubles	饰品栏	Baubles	hmcl	473
		baubles-expanded-gtnh		饰品栏 GTNH 版	Baubles-Expanded-GTNH	hmcl	19273
		baubles-reborn	baubles	饰品栏重置版	Baubles Reborn	hmcl	2308
		baubles-stuff	baublesstuff	更多首饰	Baubles Stuff	hmcl	649
		baublesreforked	baublesreforked	饰品重铸	BaublesReforked	hmcl	19516
		baubley-heart-canisters	bhc	心之容器	Baubley Heart Canisters	hmcl	2285
		bayou-blues	bayou_blues	长沼蓝调	Bayou Blues	hmcl	4621
		bbyjs-pet-bunny	petrabbit	宠物兔子	bbyj's Pet Bunny	hmcl	28747
		bctools	BCTools	BC扩展：更多工具	Buildcraft Tools	hmcl	252
		be-quiet-please	bequietpls	请安静	Be Quiet Please	hmcl	6978
		beachparty	beachparty	沙滩派对	Let's Do Beachparty	hmcl	10300
		beacon-anti-phantom	beacon_anti_phantom	不时轻轻肘击幻翼的邻座信标同学	Beacon Anti-Phantom	hmcl	20775
		beacon-conduit-tweaks	beacon-conduit-tweaks	信标与潮涌核心调整	Beacon & Conduit Tweaks	hmcl	19607
		beaconoverhaul	beaconoverhaul	信标改革	Beacon Overhaul	hmcl	4342
		beak-pouchs-plight	beak_pouchs_plight	喙囊悲事	Beak&Pouch's Plight	hmcl	25283
		beaming-drops	beamingdrops	掉落物光束	Beaming drops / Loot Beams Backport	hmcl	7627
		beaming-drops	lootbeamsbackport	掉落物光束	Beaming drops / Loot Beams Backport	hmcl	7627
		beast-slayer	ancientbeasts	上古凶灵 / 远古野兽	Ancient Beasts / Beast Slayer	hmcl	6240
		beautify-decorate	beautify	美化！	Beautify!	hmcl	7263
		beautify-refabricated	beautify	美化！重织	Beautify: Refabricated	hmcl	8858
		beautify-refoxed	beautify	美化！(NeoForge)	Beautify: ReFoxed	hmcl	24496
		bed-spawn-backport	bedspawnmod	想设就设	Bed Spawn Backport	hmcl	21512
		bedisnottoofarawayrefoxed	bintfarf	就要睡觉	Bed Is Not Too Far Away Refoxed	hmcl	17756
		bedload	bedload	自定义区块加载器	BedLoad	hmcl	21290
		bedrock-age	bedrock-age	基岩时代	Bedrock Age	hmcl	20793
		bedrock-age	bedrock_age	基岩时代	Bedrock Age	hmcl	20793
		bedrock-edition-features	bedrock_edition_features	"基岩"特性	Bedrock Editon Features	hmcl	11979
		bedrock-miner	bedrockminer	基岩矿工	Bedrock Miner	hmcl	3160
		bedrock-redux	bedrock_redux	基岩再现	Bedrock Redux	hmcl	19588
		bedrockium-mod	be	基岩工艺	Bedrockium Mod	hmcl	445
		bedrockores	bedrockores	基岩矿簇	Bedrock Ores	hmcl	975
		bedsheet	bedsheet	床单	BedSheet	hmcl	18265
		bee-angry-est	beeangry-est	愤怒的蜜蜂	Bee Angry-est	hmcl	2087
		bee-fix	beefix	蜜蜂修复	Bee Fix	hmcl	8915
		beebetteratbees	beebetteratbees	育蜂指南	BeeBetterAtBees	hmcl	2429
		beehave	beehave	蜜蜂信息显示	Beehave	hmcl	10866
		beehivetooltips	beehivetooltips	蜂巢提示框	BeehiveTooltips	hmcl	4153
		beekeeper	bk	养蜂人	Beekeeper	hmcl	5800
		beenfo	beenfo	蜂巢信息	Beenfo	hmcl	3535
		benefits-of-reading	benefitsofreading	雕纹书架注魔/阅页读著	Benefits of Reading	hmcl	10831
		berrfect	berrfect	完莓无缺	Berrfect	hmcl	12652
		beta-days	beta_days	B测往昔	Beta Days	hmcl	3066
		beta-kathairis	kathairis	卡塞瑞斯	Kathairis / Kether	hmcl	1110
		bettas	bettas	搏鱼	Bettas	hmcl	6127
		better-advancements	betteradvancements	更好的进度	Better Advancements	hmcl	1530
		better-advancements-blessed-edtion		更好的进度 - 祝福版	Better Advancements - Blessed Edtion	hmcl	19840
		better-animal-models	betteranimals	更真实的动物	Better Animal Models	hmcl	3476
		better-animations-collection	betteranimationscollection	更好的动物动作	Better Animations Collection	hmcl	1748
		better-archeology	better_archeology	更好的考古学	Better Archeology	hmcl	10860
		better-archeology	betterarcheology	更好的考古学	Better Archeology	hmcl	10860
		better-badlands	better_badlands	恶地改善	Better Badlands	hmcl	4692
		better-battle-towers	battletowers	战斗高塔，启动！	Better Battle Towers	hmcl	12267
		better-beacon	betterbeacon	更好的信标与潮涌核心	Better Beacon / Conduit	hmcl	4379
		better-beacon-effect	betterbeaconeffects	更好的信标效果	Better Beacon Effect	hmcl	2921
		better-beacon-placement	betterbeaconplacement	更好的信标放置	Better Beacon Placement	hmcl	5348
		better-beds	betterbeds	更好的床	Better Beds	hmcl	4356
		better-biome-blend	betterbiomeblend	更好的生物群系过渡	Better Biome Blend	hmcl	6107
		better-boat	betterboat	更好的船	Better Boat	hmcl	14237
		better-bows	BetterArcheryReborn	更好弓箭系统	Better Archery	hmcl	179
		better-bows	QuiverMod	更好弓箭系统	Better Archery	hmcl	179
		better-builders-wands	betterbuilderswands	更好的建筑之杖	Better Builder's Wands	hmcl	877
		better-burning	betterburning	更好的燃烧机制	Better Burning	hmcl	2780
		better-campfires	bettercampfires	更好的营火	Better Campfires	hmcl	17152
		better-carryon-maid	better_carryon_maid	更好的女仆搬运	Better Carryon Maid	hmcl	19164
		better-chiseled-bookshelves	gud_betterbookshelves	更好的雕纹书架	Better Chiseled Bookshelves	hmcl	10761
		better-client	better_client	更好的客户端	Better Client	hmcl	20182
		better-climbing	better_climbing	更好的攀爬	Better Climbing	hmcl	7258
		better-combat-mod	bettercombatmod	更好的战斗	Better Combat Mod	hmcl	1909
		better-combat-particle	malfu-mods	更好的战斗粒子	Better Combat Particle	hmcl	23040
		better-combat-reach-fix	better_combat_reach_fix	更好的战斗攻击距离修复	Better Combat Reach Fix	hmcl	27076
		better-combat-rebirth	bettercombatmod	更好的战斗：重生	Better Combat Rebirth	hmcl	4297
		better-conduit-placement	betterconduitplacement	更好的潮涌核心放置	Better Conduit Placement	hmcl	5271
		better-conduit-placement	betterconduitplacement-fabric	更好的潮涌核心放置	Better Conduit Placement	hmcl	5271
		better-crash-reports	better-crash-reports	更好的崩溃日志	Better Crash Reports	hmcl	25003
		better-creative-tabs-forge-neoforge	betterceativetabs	更好的创造标签页	Better Creative Mode Tabs/Better Creative Tabs	hmcl	15875
		better-creeper-mod	bettercreeper	更好的苦力怕	Better Creeper	hmcl	9117
		better-default-biomes	betterdefaultbiomes	更好的默认生物群系	Better Default Biomes	hmcl	3604
		better-diving	better_diving	水世界/更好的潜水	Better Diving	hmcl	4743
		better-dropped-items	betterdroppeditems	更好的掉落物	Better Dropped Items	hmcl	2544
		better-drowning	betterdrowning	更好的溺水	Better Drowning	hmcl	2448
		better-dungeons	chocolateQuest	更好的地牢/寻找巧克力	Better Dungeons / Chocolate Quest	hmcl	26
		better-durability	betterdurability	更好的耐久度	Better Durability	hmcl	8054
		better-durability-reforged	betterdurability	更好的耐久度：重铸	Better Durability Reforged	hmcl	16832
		better-enchanted-books	bebooks	更好的附魔书	Better Enchanted Books	hmcl	4331
		better-end-potato-edition	betterendforge	更好的末地：土豆版	Better End Potato Edition	hmcl	9238
		better-experience	better_experience	更好的体验	Better Experience	hmcl	18858
		better-f1	betterf1	更好的F1	Better F1	hmcl	6585
		better-f1-reborn	betterf1	更好的F1重制版	Better F1 Reborn	hmcl	13237
		better-fishtanks	betterfishtanks	更好的鱼缸	Better Fishtanks	hmcl	22805
		better-fletching-table	bft	更好的制箭台	Better Fletching Table	hmcl	18996
		better-foliage	betterfoliage	更好的树叶	Better Foliage	hmcl	1128
		better-foliage-renewed	betterfoliage	更好的树叶重制版	Better Foliage Renewed	hmcl	3864
		better-forests	betterforests	更好的森林	Better Forests	hmcl	24911
		better-furnaces-reforged	betterfurnacesreforged	更好的熔炉重铸版	BetterFurnaces Reforged	hmcl	4546
		better-gui-scaling	betteruiscale	更好的界面缩放	Better GUI Scaling / Better UI Scale	hmcl	4908
		better-horse-hud	bhh	更好的骑马 HUD	Better Horse Hud	hmcl	5856
		better-horses-mod	BetterHorses	更好的马	Better Horses Mod	hmcl	11622
		better-hud	betterhud	更好的HUD	Better HUD	hmcl	922
		better-hud	hud	更好的HUD	Better HUD	hmcl	922
		better-hungteen-s-plants-vs-zombies	bhtpvz	更好的 HTPVZ	Better HungTeen's Plants vs. Zombies	hmcl	10598
		better-impaling	betterimpaling	更好的穿刺附魔	Better Impaling	hmcl	3139
		better-impaling-forge	better_impaling_forge	更好的穿刺Forge版	Better Impaling Forge	hmcl	6520
		better-indicators	betterindicators	更好的指示器	Better Indicators	hmcl	26812
		better-invisibility	betterinvisibility	更好的隐身	Better Invisibility	hmcl	6020
		better-ladder-placements	salju_ladders	Salju的梯子	Salju's Ladders	hmcl	9734
		better-leveling	betterleveling	更好的升级	Better Leveling	hmcl	10011
		better-leveling-respawn	betterleveing	更好的升级：重铸	Better Leveling: Reforge	hmcl	18674
		better-lily-pads	betterlily	更好的睡莲	Better Lily Pads	hmcl	9754
		better-line-break	better_line_break	更好的换行	Better Line Break	hmcl	27447
		better-loading-screen	customloadingscreen	自定义加载画面	Custom Loading Screen	hmcl	2867
		better-locate-structure-command	betterlocate	更好的结构定位指令	Better Locate Structure Command	hmcl	21118
		better-lock-on	betterlockon	史诗战斗 - 更好的锁定	Epic Fight - Better Lock On	hmcl	23635
		better-magnesium-video-settings-button	bmvsb	更好的镁视频设置按钮	Better Magnesium Video Settings Button	hmcl	5051
		better-melon	qa_better_melon	更好的西瓜	Better Melon	hmcl	21664
		better-melon-addons	better_melon_addons	更好的西瓜附加包	Better Melon Addons	hmcl	22154
		better-meteorite	better_meteorite	更好的陨石	Better Meteorite	hmcl	19742
		better-minoshroomtaur	better_minoshroomtaur	Better 米诺菇	Better Minoshroomtaur	hmcl	18813
		better-mob-spawner	better_spawner	更好的刷怪笼	Better Mob Spawner	hmcl	9148
		better-modlist-neoforge	better_modlist	更好的模组列表	Better ModList	hmcl	16643
		better-mods-button	bettermodsbutton	更好的模组按钮	Better Mods Button	hmcl	5792
		better-mount-hud	bettermounthud	更好的骑乘 HUD	Better Mount HUD	hmcl	4894
		better-muffling	bettermuffling	更好的消音器	Better Muffling	hmcl	6507
		better-nether-continuation	betternether	更好的下界延续	BetterNether Continuing	hmcl	11238
		better-night-vision	betternightvision	更好的夜视	Better Night Vision	hmcl	17553
		better-one-block	oneblock	更好的单方块	Better One Block	hmcl	14670
		better-op	better-op	更好的 OP	Better Op	hmcl	3722
		better-paint	betterpainting	更好的画		hmcl	28874
		better-pet-teleporting	betterpetteleporting	更好的宠物传送	Better Pet Teleporting	hmcl	23254
		better-piglin-trade	betterpiglintrade	更好的猪灵交易	Better Piglin Trade	hmcl	7653
		better-ping-display	betterpingdisplay	更好的延迟显示	Better Ping Display	hmcl	2950
		better-pipes	betterpipes	更好的管道	Better Pipes	hmcl	4070
		better-placement	betterplacement	更好的放置	Better Placement	hmcl	3063
		better-player-respawn	betterplayerrespawn	更好的玩家重生	Better Player Respawn	hmcl	19363
		better-questing	betterquesting	更好的任务	Better Questing	hmcl	944
		better-questing-gamestages-expansion	bq_gs	更好的任务-游戏阶段扩展	Better Questing - Gamestages Expansion	hmcl	8098
		better-questing-lord-of-the-rings-addon	bqlotr	更好的任务-魔戒扩展	Better Questing - Lord of the Rings addon	hmcl	13436
		better-questing-npc-integration	bq_npc_integration	更好的任务-NPC扩展	Better Questing - NPC Integration	hmcl	20651
		better-questing-quest-book	questbook	更好的任务-任务书	Better Questing - Quest Book	hmcl	2445
		better-questing-rf-expansion	bq_rf	更好的任务-RF拓展	Better Questing - RF Expansion	hmcl	2221
		better-questing-standard-expansion	bq_standard	更好的任务-基础扩展	Better Questing - Standard Expansion	hmcl	1524
		better-questing-unofficial	betterquesting	更好的任务非官方版	Better Questing Unofficial	hmcl	12151
		better-records	betterrecords	更好的播放器	Better Records	hmcl	608
		better-respawn	better_respawn	更好的重生	Better Respawn	hmcl	7688
		better-runtime-resource-pack	better_runtime_resource_pack	更好的运行时资源包	Better Runtime Resource Pack	hmcl	6297
		better-runtime-resource-pack	brrp_v1	更好的运行时资源包	Better Runtime Resource Pack	hmcl	6297
		better-shields	bettershields	更好的盾牌	Better Shields	hmcl	5030
		better-sleeping	bettersleeping	更好的睡眠	Better Sleeping	hmcl	23462
		better-slimes	betterslimes	更好的史莱姆	Better Slimes	hmcl	3353
		better-sneak	bettersneak	更好的潜行	Better Sneak	hmcl	5601
		better-snifferty	qa_better_sniffer	更好的嗅探	Better Snifferty	hmcl	21665
		better-snowball-fight	better-snowball-fight	更好的打雪仗	Better Snowball Fight	hmcl	6082
		better-snowball-fight	bsf	更好的打雪仗	Better Snowball Fight	hmcl	6082
		better-snowball-fight-2	bsf	更好的打雪仗3	Better Snowball Fight 3	hmcl	8093
		better-sodium-video-settings-button	bettersodiumvideosettingsbutton	更好的钠视频设置按钮	Better Sodium Video Settings Button	hmcl	3551
		better-spawner-control	betterspawnercontrol	更好的刷怪笼控制	Better Spawner Control	hmcl	3072
		better-spawner-control	betterspawnercontrol-fabric	更好的刷怪笼控制	Better Spawner Control	hmcl	3072
		better-sponges	bettersponges	更好的海绵	Better Sponges	hmcl	6523
		better-sprinting	bettersprinting	更好的疾跑	Better Sprinting	hmcl	7556
		better-stats	betterstats	更好的统计信息界面	Better Statistics Screen	hmcl	8030
		better-storage	betterstorage	更好的储存	Better Storage	hmcl	534
		better-storage-lectern	betterstoragelectern	更好的存储讲台	Better Storage Lectern	hmcl	27196
		better-storage-too	betterstorage	更好的储存2	Better Storage Too	hmcl	1551
		better-sugar-cane	bettersugarcane	更好的甘蔗	Better Sugar Cane	hmcl	18541
		better-survival-mod	mujmajnkraftsbettersurvival	更好的生存	Better Survival Mod	hmcl	4788
		better-survival-reforged	bettersurvival	更好的生存重铸版	Better Survival Reforged	hmcl	25779
		better-taskbar	bettertaskbar	更好的任务栏	Better Taskbar	hmcl	6332
		better-than-bunnies	betterthanbunnies	给兔子戴上礼帽	Better Than Bunnies	hmcl	2381
		better-than-llamas	betterthanllamas	更好看的羊驼	Better Than Llamas	hmcl	1082
		better-than-mending	betterthanmending	更好的经验修补	Better Than Mending	hmcl	3834
		better-than-wolves-modern-port		比狼好 [现代化移植]	Better Than Wolves [MODERN PORT]	hmcl	26103
		better-title-screen	bettertitlescreen	更好的标题页	Better Title Screen	hmcl	1116
		better-trading-menu	bettertradingmenu	更好的交易菜单	Better Trading Menu	hmcl	23685
		better-tridents	bettertridents	更好的三叉戟	Better Tridents	hmcl	9088
		better-trim-tooltips-forge	bettertrimtooltips	更好的盔甲纹饰提示	Better Trim Tooltips	hmcl	25439
		better-turtle-scute	qa_turtle_back_shell	更好的海龟壳	Better Turtle Scute	hmcl	21730
		better-village-forge	bettervillage	更好的村庄	Better Villages	hmcl	6569
		better-wake-up-position	better_wake_up_position	更好的起床位置	Better Wake-up Position	hmcl	12551
		better-wandering-traders		更好的流浪商人	Better Wandering Traders	hmcl	4338
		better-weather	betterweather	更好的天气	Better Weather	hmcl	3522
		betterachievements	BetterAchievements	更好的成就	Better Achievements	hmcl	2164
		betteranimalsplus	betteranimalsplus	更多动物	Better Animals Plus	hmcl	2973
		betterbedrockgen	BBG	更好的基岩	Better Bedrock Gen	hmcl	2172
		betterbedrockgen	betterbedrockgen	更好的基岩	Better Bedrock Gen	hmcl	2172
		betterbeginnings-mod	betterbeginnings	更好的开局	Better Beginnings	hmcl	456
		betterdispenser	betterdispenser	能喂食的发射器	BetterDispenser	hmcl	1962
		betterdrawhoveringtext	bdht	更好的工具信息显示	betterDrawHoveringText	hmcl	10004
		betterenchantment	betterenchantments	更好的附魔	BetterEnchantment	hmcl	2658
		betterend	betterend	更好的末地	BetterEnd	hmcl	3163
		betterend-forge-port	betterendforge	更好的末地Forge版	BetterEnd (Forge)	hmcl	12792
		betterend-re-forked	betterendforge	更好的末地Forge重铸版	BetterEnd Reforked	hmcl	4977
		betterenddelight	betterenddelight	更好的末地乐事	BetterEndDelight	hmcl	17904
		betterexcavate	betterexcavate	更好的挖掘机制	BetterExcavate	hmcl	21108
		betterf3	betterf3	更好的F3	BetterF3	hmcl	3525
		betterf3	betterf3forge	更好的F3	BetterF3	hmcl	3525
		betterfarming	BetterFarming	农业增强	Better Farming	hmcl	276
		betterfly	betterfly	飞起来！	BetterFly	hmcl	16375
		betterfonts	BetterFonts	更好的字体	BetterFonts	hmcl	339
		betterfps	betterfps	更好的FPS	BetterFPS	hmcl	1384
		bettergrassify	bettergrass	更好的草地	BetterGrassify	hmcl	15405
		betterloadingscreen	better_loading_screen	加载画面改良	Better Loading Screen	hmcl	5868
		betterlooting	better_looting	更好的拾取	Better Looting	hmcl	24981
		betternether	betternether	更好的下界	BetterNether	hmcl	1579
		betternether-reforged	betternether	更好的下界Forge版	BetterNether Reforged	hmcl	4746
		betteroffhand	betteroffhand	更好的副手	BetterOffhand	hmcl	1089
		betterp2p	betterp2p	更好的P2P支持	Better P2P	hmcl	5010
		betterparry	betterparry	更好的格挡	BetterParry	hmcl	8792
		betterportals		更好的传送门	Better Portals	hmcl	1761
		betterraid	better_raid	更好的劫掠	BetterRaid	hmcl	17411
		bettertab	bettertab	更好的Tab	BetterTab	hmcl	18119
		bettertime	bettertime	长期熟时/求闻时记/更好的时间	BetterTime	hmcl	16095
		bettervanilla	bettervanilla	更好的原版	Better Vanilla	hmcl	24914
		bettervannilafishes	bettervannilafishes	更好的原版鱼类	Better Vannila Fishes	hmcl	23090
		bewitchment-legacy	bewitchment	巫师之路	Bewitchment	hmcl	1127
		beyond-dimensions	beyonddimensions	超越维度	Beyond Dimensions	hmcl	19045
		beyond-earth	beyond_earth	飞越地球	Beyond Earth/Space-BossTools	hmcl	2680
		beyond-earth	boss_tools	飞越地球	Beyond Earth/Space-BossTools	hmcl	2680
		beyond-integration	beyond_integration	超越维度：集成扩展	Beyond: Integration	hmcl	25952
		beyond-planets-core	beyond_planets_core	飞越群星：核心	Planeteer - Core	hmcl	8642
		beyond-the-veil	beyondtheveil	帷幕彼端	Beyond The Veil	hmcl	2398
		bh-boss-hatred	boss_hatred	首领仇恨	Boss Hatred	hmcl	21064
		bh3	bh3	崩坏3		hmcl	16782
		bhgc	bhgc	更好的快乐恶魂控制	Better Happy Ghast Control	hmcl	19499
		bibliocraft	BiblioCraft	收藏馆	BiblioCraft	hmcl	113
		bibliocraft	bibliocraft	收藏馆	BiblioCraft	hmcl	113
		big-beacons	bigbeacons	大信标	Big Beacons	hmcl	4348
		big-birch-tree	big_birch_tree	大型白桦树	Big Birch Tree	hmcl	26378
		big-horse-stable	big_horse_stable	大型马厩	Big Horse Stable	hmcl	26424
		big-oak-tree	big_oak_tree	大橡树	Big Oak Tree	hmcl	20077
		big-reactors	BigReactors	大型反应堆	Big Reactors	hmcl	257
		bigbanana	bigbanana	🍌大香蕉🍌	BigBanana	hmcl	14331
		bigbuckets	bigbuckets	大铁桶	Big Buckets	hmcl	6509
		bigger-better-end-cities	bigendcitiesmod	更大更好的末地城	Bigger Better End Cities	hmcl	12324
		bigger-better-statue	biggerbetterstatue	更大更好更强的女仆雕像	Bigger Better Statue	hmcl	28328
		bilibili-media-kots	bilibili_media	哔哩哔哩WaterMedia兼容模组  - 耕云钓月版	Bilibili Media - KOTS	hmcl	25297
		bilingualname	bilingualname	物品名称双语显示	BilingualName	hmcl	3157
		billund-223258	Billund	乐高	Billund	hmcl	177
		bindable-mana-pool	bindable_mana_pool	可绑定魔力池	Bindable Mana Pool	hmcl	19427
		bingolobby	bingolobby	宾果游戏大厅	BingoLobby	hmcl	17035
		binnies-mods	Botany	植物学	Botany	hmcl	1109
		binnies-mods	ExtraBees	更多蜜蜂	Extra Bees	hmcl	62
		binnies-mods	ExtraTrees	更多树	Extra Trees	hmcl	146
		binnies-mods	Genetics	基因工程	Genetics	hmcl	1106
		binnies-mods	botany	植物学	Botany	hmcl	1109
		binnies-mods	extrabees	更多蜜蜂	Extra Bees	hmcl	62
		binnies-mods	extratrees	更多树	Extra Trees	hmcl	146
		binnies-mods	genetics	基因工程	Genetics	hmcl	1106
		biobomb	biobomb	生物炸弹	BioBomb	hmcl	1049
		biologist	biologist	生物学家	Biologist	hmcl	21561
		biology-dictionary	biologydictionary	生物辞典	Biology Dictionary	hmcl	24634
		biome-cards	biomecards	群系卡牌	Biome Cards	hmcl	7707
		biome-locator	biome_locator	生物群系定位器	Biome Locator	hmcl	4845
		biome-makeover-forge	biomemakeover	生物群系改造	Biome Makeover	hmcl	6753
		biome-modifier-for-fabric	biome_modifier	Fabric版群系编辑器	Biome Modifier for Fabric	hmcl	15430
		biome-music	biomemusic	生物群系音乐	Biome Music	hmcl	9811
		biome-replacer	biome_replacer	群系替换器	Biome Replacer	hmcl	17383
		biomeinfo	biomeinfo	生物群系信息	BiomeInfo	hmcl	5722
		biomes-in-jars-forge	biomesinjars	群系罐子	Biomes in Jars	hmcl	8373
		biomes-o-plenty	biomesoplenty	超多生物群系	Biomes O' Plenty	hmcl	108
		biomes-youll-go-1-12-2-fixed		你将去的生物群系修复版	Biomes You'll Go Fixed	hmcl	8896
		biomespy	biomespy	群系间谍	BiomeSpy	hmcl	23074
		biometweaker	biometweaker	生物群系修改器	BiomeTweaker	hmcl	1566
		biometweakercore	biometweakercore	生物群系修改器扩展	BiomeTweakerCore	hmcl	1572
		bionisation-4	bionisation3	细菌病毒	Bionisation	hmcl	1726
		bionisation-4	bionisation4	细菌病毒	Bionisation	hmcl	1726
		biospheres	biospheres	生物圈	Biosphere	hmcl	8207
		biospheres-fabric	biospheres	现代生物圈	Modern Biospheres	hmcl	8092
		birch-forest-upgrade	bfu	白桦林更新	Birch Forest Upgrade	hmcl	6863
		bird-watching	guaniao	观鸟	Bird Watching	hmcl	28155
		birds-nests	birdsnests	鸟巢	Birds Nests	hmcl	1685
		birds-nests-fabric	birdsnests	鸟巢 Fabric 版	Birds Nests (Fabric)	hmcl	6261
		bismuth-colors	bismuth	铋	Bismuth	hmcl	13681
		bitcoin	bitcoin	比特币	Bitcoin	hmcl	1488
		blabby-world	blabby-world	话痨的世界	Blabby World	hmcl	28656
		black-dragon-armor	monster_hunter_world	怪物猎人·世界：黑龙盔甲	Black Dragon Armor	hmcl	21681
		black-gold-alliance	blackgoldalliance	黑金同盟	Black Gold Alliance	hmcl	28617
		black-hole	blackhole	黑洞	Black Hole	hmcl	4541
		black-hole-storage	blackholestorage	黑洞存储	Black Hole Storage	hmcl	7933
		black-souls-options	black_souls_options	黑色之魂：选项	Black Souls: Options	hmcl	25261
		blackboard	blackboard	黑板	Blackboard	hmcl	28377
		blacksmith-weapon	blacksmith_weapon	铁匠武器	Blacksmith_Weapon	hmcl	19211
		blacksouls-ii	blacksouls	黑色灵魂 II	BLACKSOULS II	hmcl	27409
		blade-works	blade_works	剑制	Blade Works/nikgub_'s Blades+	hmcl	4870
		bladecraft	bladecraft	更多剑	BladeCraft	hmcl	24663
		blades-derby	slashblade	骐骥刀剑风云	Blades Derby	hmcl	19285
		blahaj	blahaj	布罗艾	Blåhaj	hmcl	8513
		blahaj-legacy	blahaj	布罗艾：旧版	Blåhaj：Legacy	hmcl	10144
		blahaj-lite	blahaj	布罗艾：简化	Blåhaj Lite	hmcl	27449
		blahaj-restitched	blahaj	布罗艾重制版	Blahaj Restitched	hmcl	15185
		blast-craft	blastcraft	防爆工艺	Blastcraft	hmcl	5649
		blast-travel-reborn	blasttravel	旅行火炮·重生	Blast Travel Reborn	hmcl	20032
		blast-travel-reborn	blasttravelreborn	旅行火炮·重生	Blast Travel Reborn	hmcl	20032
		blaze-gear	blazegear	烈焰装备	Blaze Gear	hmcl	5642
		bleach-weapons		死神装备	Bleach Weapons	hmcl	5186
		blessings	blessings	祝福	Blessings	hmcl	15858
		block-armor	blockarmor	方块盔甲	Block Armor	hmcl	1278
		block-cannon	block_cannon	方块投射炮	Block Cannon	hmcl	22285
		block-crafting	blockcrafting	方块合成	Block Crafting	hmcl	13944
		block-properties	BlockProperties	方块属性	Block Properties	hmcl	13457
		blockblocker	blockblocker	方块放置阻止/抑用挡置	BlockBlocker	hmcl	20687
		blockcraftery	blockcraftery	方块工匠	Blockcraftery	hmcl	974
		blockdispenser		发射器放置方块	BlockDispenser	hmcl	1575
		blockfront-world-war-ii	bf	方块前线	BlockFront	hmcl	4674
		blockinteraction	blockinteractionmod	禁止右键方块	BlockInteractionMod	hmcl	13467
		blocklings	blocklings	方块酱	Blocklings	hmcl	729
		blocklings-nostalgia-edition	blocklings	方块酱：怀旧版	Blocklings: Nostalgia Edition	hmcl	26450
		blockmeterfabric	blockmeter	方块计量表	Block Meter Fabric	hmcl	3044
		blockoffensive	blockoffensive	方块攻势	BlockOffensive	hmcl	21720
		blockparticlespawning	bps	方块粒子生成	Block Particle Spawning	hmcl	19552
		blockphysics	BlockPhysics	方块物理	BlockPhysics	hmcl	3295
		blockphysics_by_id_miner	BlockPhysics	方块物理学	BlockPhysics	hmcl	118
		blockprint-link	blockprintlink	蓝图连接	BlockPrint-Link	hmcl	28417
		blocksniffer	sniffer	方块探测	Block Sniffer	hmcl	542
		blocktuner	blocktuner	音符盒调音助手	BlockTuner	hmcl	4670
		blocky-file	blockyfile	方块文件	Blocky File	hmcl	23823
		blockz	blockz	方块末日	BlockZ	hmcl	24693
		blood-arsenal	BloodArsenal	血液兵工厂	Blood Arsenal	hmcl	488
		blood-arsenal	bloodarsenal	血液兵工厂	Blood Arsenal	hmcl	488
		blood-dynamo	blood_dynamo	血液发电机	Blood Dynamo	hmcl	27743
		blood-magic	AWWayofTime	血魔法	Blood Magic	hmcl	219
		blood-magic	BloodMagic	血魔法2	Blood Magic 2	hmcl	528
		blood-magic	bloodmagic	血魔法	Blood Magic	hmcl	219
		blood-magic	bloodmagic	血魔法2	Blood Magic 2	hmcl	528
		blood-magic	bloodmagic	血魔法3	Blood Magic 3	hmcl	5501
		blood-particles	blood_particles	血液粒子效果	Blood Particles	hmcl	2400
		bloodmagic-meteors-jei-support	bmj	血魔法陨星显示	BloodMagic Meteors JEI Support	hmcl	16287
		bloodmoon	bloodmoon	血月	Bloodmoon	hmcl	1216
		bloomingnature	bloomingnature	绽芳自然	Let's Do: BloomingNature	hmcl	13420
		blue-archive-halo	blue-archive-halo	仿碧蓝档案光环	Blue Archive Halo	hmcl	21385
		blue-archive-halo	blue_archive_halo	仿碧蓝档案光环	Blue Archive Halo	hmcl	21385
		blue-archive-paintings	ba_painting	Sensei的珍藏	Blue Archive Paintings	hmcl	16116
		blue-ice	bi	蓝冰	Blue Ice	hmcl	22001
		blue-ice	blueice	蓝冰	Blue Ice	hmcl	22001
		blue-oceans	blue_oceans	蔚蓝之海	BlueOceans	hmcl	24257
		blue-power	bluepower	蓝石力量	Blue Power	hmcl	962
		blue-skies	blue_skies	蔚蓝浩空	Blue Skies	hmcl	1563
		blueprintvoid	bpvoid	机械动力：蓝图空位	Create：Blueprint Void	hmcl	13920
		blur	blur	界面背景模糊	Blur	hmcl	1172
		bmp-background-music-player	background_music_player	背景音乐播放器	Background Music Player	hmcl	28596
		bmts-imagination	let_me_tweak_it	让我改改	Let Me Tweak It	hmcl	25070
		boat-container	boatcontainer	箱船	Boat Container	hmcl	5676
		boat-fly	boatfly	船飞行	Boat Fly	hmcl	21573
		boat-item-view-forge	boatiview	边划边看	Boat Item View	hmcl	4721
		boat-tweaks	boattweaks	船只调整	Boat Tweaks	hmcl	11336
		boatfly	boatfly	船只飞行	BoatFly	hmcl	23445
		boatload	boatload	额外船只	Boatload / Extra Boats	hmcl	3222
		boatload	extraboats	额外船只	Boatload / Extra Boats	hmcl	3222
		boatoverhaul-forge	boatoverhaul	行船机制修改	Boat Overhaul	hmcl	8096
		bobby	bobby	服务器区块缓存	Bobby	hmcl	5291
		bobby-reforged	bobby	服务器区块缓存-重铸	Bobby Reforged	hmcl	11667
		bobos-supermarket	bobossupermarket	Bobo的超市	Bobo's supermarket	hmcl	1828
		bocchud	bocchud	孤独HUD	BoccHUD / MiniHUD-Forge	hmcl	10601
		bodacious-berries	bodacious_berries	多汁浆果	bodacious berries	hmcl	8147
		bogged-spawn	boggedspawn	沼骸生成微调	Bogged Spawn	hmcl	17392
		bomb-disposal-expert	bde	拆弹专家	Bomb Disposal Expert	hmcl	19709
		bon-appetit-forge	bonappetit	祝您好胃口	Bon Appetit	hmcl	3402
		bonfires	bonfires	篝火	Bonfires	hmcl	917
		bongo	bongo	宾果游戏	Bongo	hmcl	5778
		bonsai-crops	bonsaicrops	盆栽作物	Bonsai Crops	hmcl	19318
		bonsai-man-mod	bonsaimanmod	盆栽人	Bonsai Man Mod	hmcl	9520
		bonsai-trees	bonsaitrees	盆栽	Bonsai Trees	hmcl	1104
		bonsai-trees-unofficial-extended-life	bonsaitrees	盆栽非官方延续版	Bonsai Trees Unofficial Extended Life	hmcl	19961
		boosted-brightness	boostedbrightness	亮度增强	Boosted Brightness	hmcl	5292
		bop-legacy-reborn-croparium	cp_bop	超多生物群系往昔重生 & 矿石种植工艺	Biomes O' Plenty Legacy Reborn & Croparium	hmcl	22899
		bopintegration-catized	bopintegration	超多生物群系集成：非官方版	BOPIntegration - Catifized	hmcl	23397
		borderless	borderlesswindow	无边框全屏	Borderless Window	hmcl	4630
		borderzero	border_zero	零号边境	BorderZero	hmcl	27563
		born-in-chaos	born_in_chaos_v1	生于混沌	Born in Chaos	hmcl	8006
		boss-dps-tracker	bossdpstracker	查其所伤/Boss伤害追踪器	Boss DPS Tracker	hmcl	21043
		boss-rush	bossrush	老板冲	Boss Rush	hmcl	23366
		boss-spawner-block	bsb	自定义生物刷怪笼	Boss Spawn Block	hmcl	24691
		bosses-delight	bosses_delight	BOMD乐事	Bosses Delight	hmcl	24080
		bosses-delight-unofficial-neoforge	bosses_delight	BOMD乐事 非官方1.21.1NeoForge分支	Bosses Delight Unofficial 1.21.1 NeoForge	hmcl	26266
		bosses-of-mass-destruction	bosses_of_mass_destruction	祸乱鬼魅	Bosses of Mass Destruction	hmcl	4660
		bosses-of-mass-destruction-forge	bosses_of_mass_destruction	祸乱鬼魅 [FORGE]	Bosses of Mass Destruction [FORGE]	hmcl	12887
		bosses-rise-intro-skipper	bosses_rise_intro_skipper	跳过剧情等于跳过人生	Bosses Rise Intro Skipper	hmcl	28061
		bossesrise	block_factorys_bosses	首领崛起	Bosses'Rise	hmcl	21050
		botania	Botania	植物魔法	Botania	hmcl	332
		botania	botania	植物魔法	Botania	hmcl	332
		botania-additions	botaniaadditions	植物魔法附加	Botania Additions	hmcl	9604
		botania-applie	botania_applie	植物应用	Botania Applie	hmcl	27030
		botania-flower-adjust	botania_flower_adjust	植物魔法花生成调整	Botania Flower Adjust	hmcl	26714
		botania-garden-of-glass	GardenOfGlass	水晶花园	Garden of Glass	hmcl	645
		botania-garden-of-glass	gardenofglass	水晶花园	Garden of Glass	hmcl	645
		botania-needs-these-things	botanianeedsit	植物魔法需要它！	Botania Needs These Things!	hmcl	1474
		botania-tweaks	botania_tweaks	植物魔法调整	Botania Tweaks	hmcl	1545
		botania-tweaks	botania_tweaks_core	植物魔法调整	Botania Tweaks	hmcl	1545
		botania-unbound	botania_unbound	植物魔法：无缚	Botania Unbound	hmcl	27995
		botania-unofficial		植物魔法非官方版	Botania Unoffical	hmcl	498
		botanic-additions	botanicadds	植物学拓展	Botanic Additions	hmcl	1458
		botanic-bonsai	botanicbonsai	植物魔法盆栽	Botanic Bonsai	hmcl	2035
		botanical-machinery	botanicalmachinery	植物机械	Botanical Machinery	hmcl	3141
		botaniverse	botaniverse	寰宇植物学	Botaniverse	hmcl	12988
		botany-pots	botanypots	植物盆栽	Botany Pots	hmcl	3499
		botany-pots-ore-planting	botany_pots_ore_planting	植物盆栽矿石种植	Botany Pots Ore Planting	hmcl	5603
		botany-pots-tiers	botanypotstiers	更好的植物盆栽	Botany Pots Tiers	hmcl	4708
		botany-trees	botanytrees	植树盆栽	Botany Trees	hmcl	3491
		bottle-your-xp	bottleyourxp	装瓶你的经验	Bottle Your Xp	hmcl	4329
		bottle-your-xp	bottleyourxp-fabric	装瓶你的经验	Bottle Your Xp	hmcl	4329
		bottled-air	bottledair	瓶装空气	Bottled Air	hmcl	5111
		bottled-air	bottledair-fabric	瓶装空气	Bottled Air	hmcl	5111
		bouncier-beds	bouncierbeds	弹力床	Bouncier Beds	hmcl	4640
		bouncing-balls	bouncingballs	弹跳球	Bouncing Balls	hmcl	7978
		bouncing-balls-api	bouncingballs_api	弹跳球 API	Bouncing Balls API	hmcl	7977
		bounding-box-outline-reloaded	bbor	自然生成建筑结构显示	Bounding Box Outline Reloaded	hmcl	1869
		bountiful	bountiful	赏金	Bountiful	hmcl	2657
		bountiful-fares	bountifulfares	丰饶食记	Bountiful Fares	hmcl	14230
		bountifulbaubles	bountifulbaubles	丰富的饰品	Bountiful Baubles	hmcl	2267
		bountifulbaubles-reforked	bountifulbaubles	丰富的饰品：重铸	BountifulBaubles:Reforked	hmcl	18603
		bow-infinity-fix	bowinfinityfix	无限附魔修复	Bow Infinity Fix	hmcl	5519
		bow-overhaul	BowOverhaul	弓箭改革	Bow Overhaul	hmcl	13463
		box-mover	mr_box_mover	搬箱器	Box Mover	hmcl	10362
		bq-forestry	bqforestry	更好的任务 - 林业扩展	Better Questing - Forestry	hmcl	7527
		bq-multiblock-structure-integration	bq_msi	更好的任务 - 多方块与结构扩展	Better Questing - Multiblock and Structure Integration	hmcl	5446
		brain-delight	brain_delight	脑子乐事	Brain Delight	hmcl	19455
		brain-stealer-dragon-addon	brain_stealer_dragon	龙之生存：夺脑龙	Brain Stealer Dragon - Addon	hmcl	22587
		brassamberbattletowers	ba_bt	BrassAmber 战斗高塔	BrassAmber BattleTowers	hmcl	5549
		brazier	brazier	生灵火盆	Brazier	hmcl	8340
		brazilian-fields	brazilian_fields	巴西风情	Brazilian Fields	hmcl	3600
		braziliandelight	braziliandelight	巴西乐事	Brazilian Delight	hmcl	16460
		brb	betterrecipebook	更好的配方书	Better Recipe Book	hmcl	8095
		brb	brb	更好的配方书	Better Recipe Book	hmcl	8095
		bread-craft	mrgw_bread_craft_mod	面包工艺	Bread Craft	hmcl	1927
		break-progress	breakprogress	破坏进度	Break Progress	hmcl	3844
		breakfree	breakfree	自由破坏	Break Free	hmcl	4627
		breedable-killer-rabbit	breedablekillerrabbit	可繁殖的杀手兔	Breedable Killer Rabbit	hmcl	8438
		breedable-killer-rabbit	breedablekillerrabbit-fabric	可繁殖的杀手兔	Breedable Killer Rabbit	hmcl	8438
		breeding-potion	breedingpotion	繁殖药水	Breeding Potion	hmcl	14666
		brewable-dragons-breath	brewable_dragons_breath	龙息可酿造	Brewable Dragon's Breath	hmcl	17321
		brewevolution	brewevolution	酿造进化 🍺	Brewevolution 🍺	hmcl	6034
		brewin-and-chewin	brewinandchewin	饮酒作乐	Brewin' And Chewin'	hmcl	6829
		brewin-and-chewin-fabric		饮酒作乐 Fabric 版	Brewin' And Chewin' [Fabric]	hmcl	8841
		brewin-compat-delight	brewincompatdelight	鸡尾酒乐事	Cocktails Delight	hmcl	21541
		brews-and-bevs	bab	酿造与饮料	Brews and Bevs	hmcl	21925
		brick-furnace	brickfurnace	砖熔炉	Brick Furnace	hmcl	6526
		brick-hopper	brickhopper	砖漏斗	Brick Hopper	hmcl	6527
		bridge-maker	bridge_maker	桥梁制造者	Bridge Maker	hmcl	2689
		bright-ore	bright-ore	矿石高亮	Bright Ore	hmcl	4240
		brighter-block-light	brighter	亮光	Brighter	hmcl	5215
		bro-know-my-emi-folder	broknowmyemifolder	兄弟懂我的EMI折叠者	Bro Know My EMI Folder	hmcl	27635
		broadcast-radio	broadcast_radio	电波通讯	Broadcast Radio	hmcl	26133
		bronze-mod	bronze	青铜	Bronze	hmcl	23250
		brooms-unofficial	broomsmod	扫帚：非官方版	Brooms Unofficial	hmcl	17972
		brush-mining-machine	brush_mining_machine	刷矿机	Ore Generator	hmcl	19541
		brutal-mobs	brutalmobs	狂暴生物	Brutal Mobs	hmcl	23112
		brute-force-rendering-culling	brute_force_rendering_culling	野蛮渲染剔除	Brute force Rendering Culling	hmcl	10540
		brvsb	bsvsb	更好的铷视频设置按钮	Better Rubidium Video Settings Button	hmcl	7402
		bspkrscore	bspkrsCore	bspkrs核心	bspkrsCore	hmcl	536
		bubble-column-elevator-backport	113_water_mechanics	1.13水域机制	1.13 Bubble Columns for 1.12	hmcl	3246
		buckshotroulette	buckshotroulette	恶魔轮盘赌	BuckshotRoulette	hmcl	15372
		buddycards	buddycards	巴迪卡牌	Buddycards	hmcl	4154
		buddycards-expansions	buddycardsexp	巴迪卡牌扩展	Buddycards Expansions	hmcl	5821
		buffed-tools	buffedtools	属性工具	Buffed Tools	hmcl	4124
		buildcraft	BuildCraft|Builders	建筑	BuildCraft	hmcl	4
		buildcraft	BuildCraft|Core	建筑	BuildCraft	hmcl	4
		buildcraft	BuildCraft|Energy	建筑	BuildCraft	hmcl	4
		buildcraft	BuildCraft|Factory	建筑	BuildCraft	hmcl	4
		buildcraft	BuildCraft|Robotics	建筑	BuildCraft	hmcl	4
		buildcraft	BuildCraft|Silicon	建筑	BuildCraft	hmcl	4
		buildcraft	BuildCraft|Transport	建筑	BuildCraft	hmcl	4
		buildcraft	BuildMod	建筑	BuildCraft	hmcl	4
		buildcraft	buildcraftbuilders	建筑	BuildCraft	hmcl	4
		buildcraft	buildcraftcore	建筑	BuildCraft	hmcl	4
		buildcraft	buildcraftenergy	建筑	BuildCraft	hmcl	4
		buildcraft	buildcraftfactory	建筑	BuildCraft	hmcl	4
		buildcraft	buildcraftlib	建筑	BuildCraft	hmcl	4
		buildcraft	buildcraftrobotics	建筑	BuildCraft	hmcl	4
		buildcraft	buildcraftsilicon	建筑	BuildCraft	hmcl	4
		buildcraft	buildcrafttransport	建筑	BuildCraft	hmcl	4
		buildcraft	kamenridercraft4th	建筑	BuildCraft	hmcl	4
		buildcraft-additions	bcadditions	建筑扩充	Buildcraft Additions	hmcl	444
		buildcraft-compat	BuildCraft|Compat	建筑兼容	Buildcraft Compat	hmcl	496
		buildcraft-compat	buildcraftcompat	建筑兼容	Buildcraft Compat	hmcl	496
		buildcraft-unofficial	buildcraftunofficial	建筑非官方版	BuildCraft UNOFFICIAL	hmcl	25955
		building-blueprint	building-blueprint	建筑蓝图	Building Blueprint	hmcl	28590
		building-gadgets	buildinggadgets	建筑小帮手	Building Gadgets	hmcl	1379
		building-gadgets	buildinggadgets2	建筑小帮手	Building Gadgets	hmcl	1379
		building-saver	building_saver	初始小屋	Building Saver	hmcl	28548
		buildnotes	buildnotes	建筑笔记	BuildNotes	hmcl	23400
		buildtech	buildtech	建筑科技	BuildTech	hmcl	24293
		bullet-chat	bchat	弹幕聊天	Bullet Chat	hmcl	10965
		bullseye	bullseye	靶心	Bullseye	hmcl	17797
		bunch-of-biomes	bunchofbiomes	生物群系扩充	Bunch Of Biomes!	hmcl	3351
		burlap-sack	burlapsack	粗麻布袋	Burlap Sack	hmcl	9244
		burst-door-open	bdo	破门而入	Burst Door Open	hmcl	15383
		butchercraft	butchercraft	屠宰工艺	Butchercraft	hmcl	9501
		butchers-delight	butchersdelight	屠夫乐事	Butcher's Delight	hmcl	7040
		by-the-gods	btg	神迹	By The Gods	hmcl	2086
		byg-plus	bygvanillabiomes	你将去的生物群系+	Oh The Biomes You'll Go Plus	hmcl	8689
		bygone-nether	bygonenether	逝去的下界	Bygone Nether	hmcl	7349
		bygone-nether-fixes	bygone_nether_fixes	逝去的下界修复	Bygone Nether Fixes	hmcl	21049
		c2me-fabric	c2me	C^2M 引擎	C^2M-Engine/Concurrent Chunk Management Engine	hmcl	3511
		c3h6n6o6	c3h6n6o6	环三亚甲基三硝胺	Cyclotrimethylenetrinitramine	hmcl	6841
		caerula-arbor	caerula_arbor	方块与深蓝之树	Caerula Arbor	hmcl	19586
		caged-mobs	cagedmobs	笼中生物	Caged Mobs	hmcl	4671
		caged-mobs-kots	cagedmobs	笼中生物 - 耕云钓月版	Caged Mobs - KOTS	hmcl	25052
		cake-delight	cakedelight	蛋糕乐事	Cake Delight	hmcl	11864
		cakeisalie-mod	CakeIsALie	蛋糕是个谎言	CakeIsALie	hmcl	936
		calamity-curios	calamity_curios	灾厄饰品	Calamity Curios	hmcl	25451
		calcium	calcium	钙	Calcium	hmcl	5212
		calculator	calculator	运算工艺	Calculator	hmcl	509
		calemis-utilities	calemiutils	Calemi的实用设备	Calemi's Utilities	hmcl	4469
		call-from-the-depths	callfromthedepth_	深渊召唤	Call From The Depths	hmcl	15860
		call-of-drowner	call_of_drowner	溺亡者之嚎	Call of Drowner	hmcl	16470
		call-of-the-wild	cotw	荒野之声	Call of the Wild	hmcl	8314
		call-of-yucutan	call-of-yucutan	尤卡坦的呼唤	Call of Yucatán	hmcl	15020
		call-to-battle-2-authentic-world-war-2-experience	ctb	战争召唤2	Call To Battle 2	hmcl	1979
		call-you-by-your-name	callyou	呼朋引伴/你的名字	Call You By Your Name	hmcl	24129
		callable-horse-compatible		长骑速驰 · 召之马来兼容版	Callable Horse compatible	hmcl	24041
		callable-horse-unofficial-fabric-port	callablehorsefabric	召之马来 Fabric版	CallableHorse Unofficial Fabric port	hmcl	14125
		callable-horses	callablehorses	召之马来	Callable Horses	hmcl	3500
		calypsos-candy-workshop	ccw	卡里普索的糖果工坊	Calypso's Candy Workshop	hmcl	19800
		calypsos-mobs	calypsos_mobs	卡里普索的生物	Calypso's Mobs	hmcl	21400
		calypsos-night-vision-goggles	calypsos_nightvision_goggles	卡里普索的夜视仪	Calypso's Night Vision Goggles	hmcl	22988
		camel-extend	camelextend	骆驼拓展	Camel Extend	hmcl	21335
		cameliaarmory	cameliaarmory	花朵武器库	FlowerArmory	hmcl	16824
		camellialib	camellialib	山茶花核心	CamelliaLib	hmcl	16823
		camels	camels	骆驼	Camels	hmcl	5071
		camera-anim	camera_anim	相机大师	Camera Anim	hmcl	17705
		camera-mod	camera	照相机	Camera Mod	hmcl	2848
		camera-obscura	cameraobscura	朝花夕拾	Camera Obscura	hmcl	1990
		camo-suits	camosuits	迷彩套装	Camo Suits	hmcl	14884
		camowarfare	camowarfare	迷彩战车	CamoWarfare	hmcl	27069
		campanion-forge	campanion	野营物品	Campanion	hmcl	2852
		can-i-mine-this-block	can-i-mine-this-block	我­­ 能 挖 它 吗？	cAn i MiNe thIS bLOCk?	hmcl	3084
		canals	canals	水渠	Canals	hmcl	4888
		cancel-attack-cooldown	cancel_attack_cooldown	取消冷却间隔	Cancel Attack Cooldown	hmcl	21337
		cancel-block-update	cancelblockupdate	取消方块更新	Cancel Block Update	hmcl	5695
		candy-world	candymod	糖果世界	Candy World	hmcl	1281
		candy-world-recaramelized	candyworld	糖果世界：重制版	Candy World - ReCaramelized	hmcl	5066
		candycraft	candycraftmod	糖果世界	CandyCraft	hmcl	545
		cannibalism	cannibalism	割肉小刀/同类相食	Cannibalism	hmcl	1043
		cant-sleep-clowns-will-eat-me	cant-sleep-clowns-will-eat-me	夜不能寐	Can't Sleep Clowns Will Eat Me	hmcl	5823
		canvas-renderer	canvas	Canvas 渲染器	Canvas Renderer	hmcl	2862
		capability-adapter	rf-capability-adapter	ME功能适配器	ME Capability Adapter	hmcl	1950
		capabilityproxy	capabilityproxy	功能代理	CapabilityProxy	hmcl	1519
		carbon-strip-craft-augmented-edition	carbonstrip	碳条工艺：加强版	Carbon Strip Craft:Augmented Edition	hmcl	18085
		cardinal-energy	cardinalenergy	能量基本	Cardinal Energy	hmcl	3127
		career-bees	careerbees	职业蜜蜂	Career Bees	hmcl	1248
		carianstyle	carianstyle	卡利亚式附魔	CarianStyle	hmcl	6247
		carpenters-blocks	CarpentersBlocks	木匠方块	Carpenter's Blocks	hmcl	149
		carpenters-blocks-ce		木匠方块-社区版	Carpenter's Blocks-CE	hmcl	23651
		carpet	carpet	地毯	Carpet	hmcl	2361
		carpet-as-addition	carpet-as-addition	AS的附加包	Carpet-AS-Addition	hmcl	27404
		carpet-extra	carpet-extra	Carpet 拓展	Carpet Extra	hmcl	3325
		carpet-lir-addition	carpetlir	地毯-LIR拓展	Carpet LIR Addition	hmcl	25956
		carpet-takeneko-addition	carpet-takeneko-addition	竹猫的地毯扩展	Carpet Takeneko Addition	hmcl	18023
		carpets-core	carpetscore	地毯核心	Carpets Core	hmcl	19091
		carrier	carrier	搬运	Carrier	hmcl	5067
		carrier-bees	carrierbees	物流蜜蜂	Carrier Bees	hmcl	2520
		carrot-apple	carrotapple	胡萝卜苹果	Carrot Apple	hmcl	14468
		carrots-lib	carrots	胡萝卜库	Carrots Library	hmcl	2090
		carry-on	carryon	搬运	Carry On	hmcl	1081
		carry-on-extend	carryonextend	搬运：拓展	Carry On Extend	hmcl	19417
		cartridge	cartridge	来自深渊：弹药包	Cartridge	hmcl	27052
		caster-curios-bonus	caster_curios_bonus	灿奇术饰	Caster Curios Bonus	hmcl	23106
		castle-in-the-sky-the-fairytale-of-laputa	castle_in_the_sky	天空之城	Castle in the Sky	hmcl	4920
		casualness-delight	casualness_delight	随意乐事	Casualness Delight	hmcl	11548
		casualness-delight-bedrock-unofficial		随意乐事基岩版	Casualness Delight Bedrock (Unofficial)	hmcl	21314
		cat-burger	catburger	猫猫汉堡	Cat Burger	hmcl	19219
		cataclysm-boss-bar	cataclysmbossbar	灾变Boss血条显示	Cataclysm Boss Bar	hmcl	10276
		cataclysm-dimensions	cataclysm_dimension	灾变：维度	Cataclysm Dimensions	hmcl	20917
		cataclysm-heaven-burner	incinerator	灾变：焚天神兵	Cataclysm: Heaven Burner	hmcl	10262
		cataclysm-incinerators-try-hard	incineratorstryhard	灾变：武器技参数配置/冒火的剑	Cataclysm: Weapon Skill Config/ Incinerator's Try Hard	hmcl	17872
		catalogue	catalogue	模组目录	Catalogue	hmcl	3743
		caupona	caupona	分茶	Caupona	hmcl	7154
		cave-delight	cavedelight	洞穴乐事	Cave Delight	hmcl	19055
		cave-dust	cavedust	洞穴尘埃	Cave Dust	hmcl	10542
		cave-generator	cavegenerator	洞穴生成器	Cave Generator	hmcl	7745
		cavecontrol	CaveControl	洞穴控制	Cave Control	hmcl	2208
		cavern	cavern	洞穴	Cavern	hmcl	996
		cavern-miner	cavern	洞穴：矿工	Cavern: Miner	hmcl	2715
		cavern2	cavern	洞穴 II	Cavern II	hmcl	1442
		cavetweaks	cavetweaks	洞穴调整	CaveTweaks	hmcl	5527
		caveworld-2	caveworld	洞穴世界	Caveworld 2	hmcl	3842
		cazfps-the-dead-sea	cazfps_the_dead_sea	死亡之海	CAZfps The Dead Sea	hmcl	3173
		cbc-chemical-warfare	cbc_cw	机械动力火炮：化学与生物战争	CBC: Chemical Warfare	hmcl	20486
		cbc-enchanced-shells-create-big-cannons	cbc_enhanced_shells	机械动力火炮：增强型弹药	CBC Enchanced Shells	hmcl	26080
		cbc-firepower-components	cbc_firepower_components	机械动力火炮：火力组件	CBC: Firepower Components	hmcl	27486
		cbc-modern-warfare	cbcmodernwarfare	机械动力火炮：现代战争	CBC: Modern Warfare	hmcl	18773
		cbc-optics	cbcoptics	机械动力火炮：光学瞄具	CBC Optics	hmcl	28113
		cbc-warium-projectiles	shupapium	机械动力火炮：Warium炮弹	CBC: Warium Projectiles	hmcl	20487
		cbcms	cbcmoreshells	机械动力火炮：武器拓展	CBC Military Supplement	hmcl	18942
		cbcmw-recipe-fix	cbcmw_recipe_fix	机械动力火炮现代战争：配方修复	CBCMW recipe fix	hmcl	28473
		cbr-addon	cbraddon	自定义大逃杀扩展	CBR Addon	hmcl	22618
		cc-mb	cc_mb	纸带八音盒	Music Box	hmcl	12052
		ceiling-torch	ceilingtorch	倒置火把	Ceiling Torch	hmcl	1907
		celestial-artifacts	celestial_artifacts	星月遗物	Celestial Artifacts	hmcl	12838
		celestial-core	celestial_core	星月核心	Celestial Core	hmcl	13072
		celestial-craft	celestialcraft	天体	Celestial Craft	hmcl	710
		celestial-enchantments	celestial_enchantments	星月附魔	Celestial Enchantments	hmcl	12803
		celestial-forge	celestial_forge	星月再锻	Celestial Forge	hmcl	17178
		celestial-overhaul	celestial_overhaul	星月改革	Celestial Overhaul	hmcl	17665
		celestisynth	celestisynth	天神剑技	Celestisynth	hmcl	10688
		cell-terminal	cellterminal	元件终端	Cell Terminal	hmcl	24490
		cell4	blackcard	元元元元件件件件	Cell⁴	hmcl	24056
		cell4	cell4	元元元元件件件件	Cell⁴	hmcl	24056
		centered-item-frames	centered-item-frames	物品展示框居中	Centered Item Frames	hmcl	18957
		centered-plants	centeredplants	植物居中	Centered Plants	hmcl	11927
		centralized-materials	centralizedmaterials	集中材料	Centralized Materials	hmcl	3330
		ceramic-bucket	ceramicbucket	陶瓷桶	Ceramic Bucket	hmcl	5252
		ceramic-shears	ceramicshears	陶瓷剪刀	Ceramic Shears	hmcl	5254
		ceramics	ceramics	陶瓷器	Ceramics	hmcl	1427
		cerberu	restarks	狱牙抵战	Cerberus	hmcl	15734
		cha-s	craftablehorsearmour	可合成的马铠和鞍	Craftable Horse Armour & Saddle	hmcl	2968
		chain-mining-reforged	cmr	连锁采集重铸	Chain Mining Reforged	hmcl	19261
		chainmining	chainmining	链式挖掘	ChainMining	hmcl	28732
		chainsaw-man-csm	chainsawman	电锯人	Chainsaw Man	hmcl	9673
		chalk	chalk	粉笔	Chalk	hmcl	4996
		chambers	chambers	处理仓	Chambers	hmcl	3699
		chameleon	Chameleon	变色龙	Chameleon	hmcl	808
		chameleon	chameleon	变色龙	Chameleon	hmcl	808
		champions	champions	冠军/强敌	Champions	hmcl	2130
		champions-alter		冠军-重塑	champions-alter	hmcl	21986
		champions-ashes	championsashes	王者遗灰	Champion's Ashes	hmcl	12749
		champions-optimization	championsfix	冠军 优化	Champions Optimization	hmcl	28603
		champions-unofficial	champions	冠军/强敌再续	Champions Unofficial	hmcl	15862
		chance-cubes	chancecubes	机会方块	Chance Cubes	hmcl	596
		change-your-luck	lucky	等价交换幸运方块	Equivalent Lucky Block	hmcl	4402
		changshengjue	chang_sheng_jue	长生诀	ChangShengJue	hmcl	20002
		channel	channel	沉浸语音	Channel	hmcl	25892
		chaos-awakens	chaosawakens	混沌觉醒	Chaos Awakens	hmcl	3816
		chaoscraft-2	Chaos_Technology	混沌工艺	ChaosCraft	hmcl	247
		chaotic-energy-crystal	chaotic_energy_crystal	混沌能量水晶	Chaotic Energy Crystal	hmcl	28310
		charged-creeper-render-fix	chargefix	闪电苦力怕渲染修复	Charged Creeper Render Fix	hmcl	26874
		chargepads	ChargePads	充电座	ChargePads	hmcl	9469
		charging-gadgets	charginggadgets	充电设备	Charging Gadgets	hmcl	3297
		chat-boost	chatboost	聊天增强	Chat Boost	hmcl	17235
		chat-bubbles	chatbubbles	聊天泡泡	Chat Bubbles	hmcl	976
		chat-calculator-boost	chat_calculator_boost	聊天计算器增强	Chat Calculator Boost	hmcl	24603
		chat-heads	chat_heads	聊天头像	Chat Heads	hmcl	4523
		chat-impressive-animation	chatimpressiveanimation	聊动魅影	Chat Impressive Animation	hmcl	15367
		chat-sounds	chatsounds	聊天音效	Chat Sounds	hmcl	6328
		chat-tools	chattools	聊天工具箱	Chat Tools	hmcl	10777
		chatanimation	chatanimation	聊天动画	ChatAnimation	hmcl	11695
		chatbox-for-mc	chatbox	对话框	ChatBox	hmcl	20059
		chatimage	chatimage	聊天栏图片显示	ChatImage	hmcl	9111
		chatimages	chatimage	聊天图片	ChatImages	hmcl	12604
		chatimg	chatImg	图片聊天	chatImg	hmcl	9843
		chatpatches	chatpatches	聊天补丁	Chat Patches	hmcl	11219
		chatwithmobs	cwm	与生物聊天	ChatWithMobs	hmcl	18416
		cheapaway	cheapaway	不值钱的东西请远离我	CheapAway	hmcl	27197
		cheatdetector	cheatdetector	作弊检测器	CheatDetector	hmcl	14277
		cheating-free-locate-teleporting	cflt	无作弊Locate传送	Cheating Free Locate Teleporting	hmcl	25409
		chem-craft	minecraft_expansions	化学工艺	Chem Craft	hmcl	3970
		chemcraft-liquid-fuels	RedGear|LiquidFuels	液体燃料	Liquid Fuels	hmcl	27908
		chemcraft-more-backpacks	redgear_morebackpacks	更多林业背包	More Backpacks	hmcl	23605
		chemcraft-snowfall	redgear_snowfall	落雪	Snowfall	hmcl	9513
		chenziqius-originality	czq	CHENZIQIU的创意	CHENZIQIU's Originality	hmcl	4957
		cherished-worlds	cherishedworlds	存档置顶	Cherished Worlds	hmcl	4228
		cherry-on-1-12-2	suikecherry	1.12.2的樱花	Cherry_on_1.12.2	hmcl	16834
		chess	chess	象棋	Chess	hmcl	6109
		chessboard	chessboard	棋盘	Chess Board	hmcl	28523
		chest-cavity	chestcavity	胸腔	Chest Cavity	hmcl	3753
		chest-cavity-forge-port	chestcavity	胸腔Forge版	Chest Cavity - Forge Port	hmcl	9362
		chest-curio-items	chest_item	箱子里的小饰品	Chest Curio Items	hmcl	21390
		chest-hoppers	chesthopper	箱子漏斗	Chest Hoppers	hmcl	11274
		chest-tracker	chesttracker	箱子追踪	Chest Tracker	hmcl	5313
		chest-tracker-port	chesttracker	箱子追踪非官方移植版	Chest Tracker (Unofficial port)	hmcl	25002
		chest-transporter	ChestTransporter	搬箱器	Chest Transporter	hmcl	1187
		chest-transporter	chesttransporter	搬箱器	Chest Transporter	hmcl	1187
		chestlie	chestlie	箱子是个谎言	ChestLie	hmcl	23848
		chestsearch	chestsearch	容器检索	ChestSearch	hmcl	20156
		chickenchunks	chickenchunks	区块载入器	ChickenChunks	hmcl	167
		chickens	chickens	更多鸡	Chickens	hmcl	879
		chickensshed	chickensshed	鸡棚重置版	ChickensShed	hmcl	3581
		chiikawa	chiikawa	吉伊卡哇	Chiikawa	hmcl	18177
		chileancraft	chileancraft	智利工艺	Chilean Craft	hmcl	4887
		china-railway-facilities	crf	中国铁路设施		hmcl	10887
		chinacraft	chinacraft	华夏文明	ChinaCraft	hmcl	453
		chinacraft2	chinacraft	华夏文明2	ChinaCraft2	hmcl	5337
		chinese-festivals	chinese_festivals	中国节	Chinese Festivals	hmcl	12310
		chinese-festivals	chinesefestivals	中国节	Chinese Festivals	hmcl	12310
		chinese-style-sword	chinese_sword	中式剑	Arsenal Core	hmcl	4241
		chineseworkshop	chineseworkshop	中式工坊	Chinese Workshop	hmcl	891
		chinjufumod	chinjufumod	镇守府	ChinjufuMod +JapaneseBlock	hmcl	1026
		chisatos-more-redstone	cmrs	Chisato的更多红石	Chisato's More Redstone	hmcl	16190
		chisel	chisel	凿子	Chisel	hmcl	387
		chisel-3-the-cricket-strikes-back		凿子3	Chisel 3	hmcl	24751
		chisel-facades	ChiselFacades	錾面	Chisel Facades	hmcl	24947
		chiseled-me	chiseled_me	超级变变变	Chiseled Me	hmcl	1196
		chisels-bits	chiselsandbits	雕凿工艺	Chisels & Bits	hmcl	806
		chitin-equipment	chitin	甲壳装备	Chitin Equipment	hmcl	17304
		chlorine	chlorine	氯	Chlorine	hmcl	3158
		chococraft	chococraft	陆行鸟	ChocoCraft	hmcl	217
		choicetheorems-overhauled-village-farmer-delight	mr_ctov_farmersdelightcompat	CTOV：农夫乐事兼容数据包	CTOV - Farmer Delight Compat	hmcl	9142
		choicetheorems-overhauled-village-more-villagers	mr_ctov_morevillagerscompat	CTOV：更多村民兼容数据包	CTOV - More villagers compat	hmcl	9312
		choicetheorems-overhauled-village-waystone	ctov_waystonecompat_mr	CTOV：传送石碑/指路石兼容数据包	CTOV - Waystone Compat	hmcl	9311
		chomper	chomper	食人花	Chomper	hmcl	9049
		chorus-fruit-drops-nearby	chorusfruitdropsnearby	紫颂果集中掉落	Chorus Fruit Drops Nearby	hmcl	18487
		christmas-music-discs	christmasmusicdiscs	圣诞音乐唱片	Christmas Music Discs	hmcl	23839
		christmascolonies	christmascolonies	圣诞殖民地	ChristmasColonies	hmcl	24674
		chromaticraft	ChromatiCraft	缤纷纪元	ChromatiCraft	hmcl	462
		chronicle-engine-rpg-framework	chronicle_engine	编年史引擎：RPG框架	Chronicle Engine: RPG Framework	hmcl	28276
		chronicler-the-key-of-stellaris	chronicler_lh	历史记录者·星之匙	Chronicler: The Key of Stellaris	hmcl	4456
		chunk-animator	chunkanimator	区块加载动画	Chunk Animator	hmcl	1539
		chunk-animator-fabric-neoforge		区块加载动画：扩展版	Chunk Animator (Expanded)	hmcl	26261
		chunk-cap-guard	chunkcapguard	区块实体清理	Chunk Cap Guard	hmcl	28313
		chunk-in-a-globe	globedimension	球内区块	Chunk In A Globe	hmcl	2414
		chunk-loaders	chunkloaders	区块加载器	Chunk Loaders	hmcl	6098
		chunk-pregenerator-fabric	chunkpregen	区块预生成器 (Fabric)	Fabric Chunk Pregenerator	hmcl	3473
		chunk-save-fix	chunksavefix	区块保存修复	Chunk Save Fix	hmcl	23788
		chunk-saving-fix	chunksavingfix	区块保存修复	Chunk Saving Fix	hmcl	7247
		chunkborders	ChunkBorders	区块边界	ChunkBorders	hmcl	16649
		chunkborders	chunkborders	区块边界	ChunkBorders	hmcl	16649
		chunkgenlimited	chunkgenlimit	区块生成限制	ChunkGenLimiter	hmcl	4516
		chunkmap	chunkmap	区块加载小地图	ChunkMap	hmcl	4327
		chunkpregenerator	chunkpregen	区块预生成器	Chunk-Pregenerator	hmcl	3425
		chunkpregenerator	chunkpregenerator	区块预生成器	Chunk-Pregenerator	hmcl	3425
		chunkpurge	ChunkPurge	区块清除	ChunkPurge	hmcl	17365
		chunks-fade-in	chunksfadein	区块淡入动画	Chunks fade in	hmcl	8346
		chunky-pregenerator	chunky	预生成区块	Chunky	hmcl	6239
		cia	customitemattributes	自定义物品属性	Custom Item Attributes	hmcl	15884
		cialloblade	cialloblade	重锋:cia出如llo	CialloBlade	hmcl	20333
		cinderscapes	cinderscapes	余烬奇景	Cinderscapes	hmcl	3147
		cinderscapes-reforged	cinderscapes	余烬奇景Forge版	Cinderscapes Reforged	hmcl	4742
		circulation-flow-networks	circulation_networks	环流网络	Circulation Flow Networks	hmcl	26519
		citadel-fix	citadel_fix	Citadel优化修复	Citadel Fix	hmcl	19762
		citizen-pot	citizenpot	市民锅	Citizen Pot	hmcl	22407
		city-blocks	cityblocks	城市方块	City Blocks	hmcl	6535
		citymod-traffic-and-life	citymod	我的城市：交通与生活	CityMod:Traffic and life	hmcl	14045
		civillis	civil	文礼	Civillis	hmcl	24786
		clangor	clangor	器鸣	Clangor	hmcl	27800
		classbioarsenal	classbioarsenal	职业自定义：词条与生物	ClassBioarSenal	hmcl	23209
		classic-and-simple-status-bars	classicandsimplestatusbars	经典且简易的状态栏	Classic and simple status bars	hmcl	12121
		classic-and-simple-status-bars-rebuild	classicandsimplestatusbars	经典且简易的状态栏：重制版	Classic and simple status bars rebuild	hmcl	22526
		classic-bar-legacy	classicbar	经典状态条 延续版	Classic Bar Legacy	hmcl	17343
		classic-bars	classicbar	经典状态条	Classic Bars	hmcl	1793
		classic-battle-towers	battletowers	经典战斗高塔	Classic Battle Towers	hmcl	17954
		classic-combat	classiccombat	经典战斗	Classic Combat	hmcl	1762
		classic-sword-blocking	sword_block	剑之格挡	Classic Sword Blocking	hmcl	13187
		classical-art	classicalart	经典艺术	Classical Art	hmcl	4078
		classy-hats	classyhats	时髦帽子	Classy Hats	hmcl	5444
		clay-bucket	claybucket	粘土桶	Clay Bucket	hmcl	1767
		clay-no-more-balanced	clay_no_more_balanced	黏土不再制衡	Clay No More Balanced	hmcl	8361
		clay-soldiers-mod	claysoldiers	粘土士兵	Clay Soldiers Mod	hmcl	47
		clayium	clayium	粘土工业	Clayium	hmcl	533
		clayium-unofficial	clayium	粘土工业非官方版	Clayium Unofficial	hmcl	19783
		cleancut	cleancut	干净利落	CleanCut	hmcl	3455
		cleanroom-relauncher-unofficial	relauncher	Cleanroom 模组式启动器非官方版	Cleanroom Relauncher Unofficial	hmcl	19621
		clear-gpu-cache	cleargpucache	清除GPU缓存	Clear Gpu Cache	hmcl	13906
		clear-void	clearvoid	清澈虚空	Clear Void	hmcl	11993
		clear-water	clearwater	清澈的水	Clear Water	hmcl	4108
		clearsky	clearsky	洁净天空	ClearSky	hmcl	12804
		cles-battleitems	battleitems	战斗物品	Cle's BattleItems	hmcl	10308
		click-machine	clickmachine	自动连点器	Click Machine	hmcl	1897
		clickable-advancements	clickadv	可点击的进度	Clickable Advancements	hmcl	5723
		clickthrough	clickthrough	穿牌开箱	ClickThrough	hmcl	3540
		clickthrough-plus	clickthrough	穿牌开箱+	ClickThrough Plus	hmcl	19186
		clicktor	clicktor_autoclicker	Clicktor连点器	Clicktor - Auto Clicker	hmcl	20157
		client-automatic-doors	client_auto_door	客户端自动门	Client Automatic Doors	hmcl	16168
		client-crafting	clientcrafting	客户端合成	Client Crafting	hmcl	11268
		client-dynamic-light	clientdynamiclight	客户端动态光源	Client Dynamic Light	hmcl	20620
		client-flight-mod	client-flight-mod	客户端飞行	Client Flight Mod	hmcl	19023
		client-tweaks	clienttweaks	客户端微调	Client Tweaks	hmcl	2012
		clientchatclean	clientchatclean	客户端消息清理	ClientChatClean	hmcl	21101
		climate-control-geographicraft	geographicraft	气候控制 / 地理世界	Climate Control / Geographicraft	hmcl	2495
		clipboard	clipboard	备忘录	Clipboard	hmcl	4142
		clock-hud	clockhud	时间显示器	Clock HUD	hmcl	2122
		clockwork-phase		时之沙	Clockwork Phase	hmcl	696
		clone-items	cloneitems	克隆物品	CloneItems	hmcl	24334
		clone-items	cloneitemsfabric	克隆物品	CloneItems	hmcl	24334
		clone-items	cloneitemsforge	克隆物品	CloneItems	hmcl	24334
		closed-captions	ClosedCaption	隐藏式字幕	Closed Captions	hmcl	9514
		clothesline	clothesline	晾衣绳	ClothesLine	hmcl	2508
		cloud-boots		云靴	Cloud Boots	hmcl	25212
		cloud-boots-mod	cloudboots	云靴	Cloud Boots	hmcl	5541
		cloud-revive	cloud_revive	云生	Cloud Revive	hmcl	19190
		cloudertinker	cloudertinker	浮云工坊	Clouder Tinker	hmcl	18017
		cloudgolem-edited	cloudgolem_edited	湫渃云魔修改	CloudGolem Edited	hmcl	19824
		clumps	clumps	经验机制改革	Clumps	hmcl	1499
		cmdcam	cmdcam	CMD 指令摄影机	CMDCam	hmcl	2494
		cnpc-armorers-workshop-addon	npcaw	自定义NPC+ ：时装工坊附属	CNPC+ Armorer's Workshop Addon	hmcl	14249
		cnpc-custom-model-addon	npcgecko	自定义NPC+： Gecko 附属	CNPC+ Gecko Addon	hmcl	14248
		cnr-jinghu-legendary-railway		京沪十三猪	DF11G	hmcl	13492
		coaxium-mod-1-12-2-ic2-addon	fm	科亚烯	Coaxium Mod	hmcl	2590
		cobalt-custom-chunk-renderer	cobaltmod	钴	Cobalt	hmcl	16670
		cobblegen-galore	cobblegengalore	方块制造器	Cobblegen Galore	hmcl	16626
		cobblemon	cobblemon	方块宝可梦	Cobblemon	hmcl	9300
		cobblemon-farmers	cobblemon_farmers	方可梦农场	Cobblemon Farmers	hmcl	27538
		cobblemon-ranked	cobblemon_ranked	方块宝可梦-排位赛	Cobblemon Ranked	hmcl	20081
		cobblemon-ride-on	cobbleride	Cobblemon：骑乘！	Cobblemon: Ride On!	hmcl	21157
		cobblemon-spawn-alerts	obblemon_spawn_alerts	方块宝可梦生成提醒	Cobblemon Spawn Alerts	hmcl	23069
		cobbler	cobbler	可靠的潜影贝工厂	Shulker's Faithful Factories/Cobbler	hmcl	4597
		cocoa-magic	cbcraft	可可工艺	Cocoa Magic	hmcl	1760
		codechicken-core-1-8	CodeChickenCore	鸡块核心	CodeChickenCore	hmcl	563
		codechickencore-unofficial	CodeChickenCore	鸡块核心非官方版	CodeChickenCore Unofficial	hmcl	8549
		coffee-craft-unofficial-port		咖啡工艺移植版	Coffee Craft Unofficial Port	hmcl	28427
		coffee-delight	coffee_delight	咖啡乐事	Coffee Delight	hmcl	9588
		coffee-workshop	coffeework	咖啡工坊	Coffee Workshop	hmcl	1211
		coffeechat	coffeechat	无忧聊Minecraft	CoffeeChatMC	hmcl	25001
		cofh-core	CoFHCore	CoFH核心	CoFH Core	hmcl	600
		cofh-core	cofh_core	CoFH核心	CoFH Core	hmcl	600
		cofh-core	cofhcore	CoFH核心	CoFH Core	hmcl	600
		cola-craft	colacraft	可乐工艺	Cola Craft	hmcl	1668
		cold-light	cold_light	冷晖之枪	Cold Light	hmcl	20121
		cold-sweat	cold_sweat	冷汗	Cold Sweat	hmcl	4383
		collisiondamage	collisiondamage	碰撞伤害	CollisionDamage	hmcl	17158
		colonial-arcana-minecolonies-addon	colonial_arcana	殖民地魔法	Colonial Arcana	hmcl	20938
		colonies-maid-citizen	colonies_maidcitizen	殖民地女仆市民	Colonies Maid Citizen	hmcl	17856
		colony-cards	colonycards	殖民地卡牌	Colony Cards	hmcl	5824
		colonylink	colonylink	殖民地链接	ColonyLink	hmcl	27468
		color-me-outlines	colormeoutlines	为轮廓上色	Color Me Outlines	hmcl	6653
		colorablefox	colorablefox	可染色狐狸/色绘你狐革	Colorable Fox	hmcl	13074
		colorcush	colorcush	千坐爱印	Colorcush	hmcl	28579
		colored-allays	coloredallays	染色悦灵	Colored Allays	hmcl	6319
		colored-lux	lux	彩色照明	Colored Lux	hmcl	2902
		coloredlanterns	coloredlanterns	多彩灯笼	ColoredLanterns	hmcl	3125
		colorful-enchantment	custom_colorful_enchantment	自定义附魔光效	Custom Colorful Enchantment	hmcl	12273
		colorful-hearts	colorfulhearts	更美观的血条	Health Overlay / Colorful Hearts	hmcl	1871
		colorful-hearts	healthoverlay	更美观的血条	Health Overlay / Colorful Hearts	hmcl	1871
		colorful-rods	colorful_rods	缤纷彩烛	Colorful Rods	hmcl	8868
		colorfulazaleas	colorfulazaleas	杜鹃缤纷	Colorful Azaleas	hmcl	8125
		colortooltips	colortooltips	灵动提示框	ColorTooltips	hmcl	25915
		colorutility	ColorUtility	颜色代码	ColorUtility	hmcl	999
		colorutility	colorutility	颜色代码	ColorUtility	hmcl	999
		colorwand	colorwand	调色棒	Colorwand	hmcl	24742
		colossal-battery	colossal_battery	巨型电池	ColossalBattery	hmcl	4244
		colossal-chests	colossalchests	巨型箱子	Colossal Chests	hmcl	957
		coloured-tooltips	colouredtooltips	彩色提示框	Coloured Tooltips	hmcl	3933
		colytra	colytra	鞘翅胸甲	Colytra	hmcl	2646
		combat-enchantments	cenchants	战斗附魔	Combat Enchantments	hmcl	9413
		combat-roll	combatroll	战斗翻滚	Combat Roll	hmcl	7671
		combat-skill	combat_skill	战斗技巧	Combat Skill	hmcl	14874
		combatflex	cbtflex	战斗韧性	CombatFlex	hmcl	26338
		combined-potions	compot	组合药水	Combined Potions	hmcl	2621
		combo-armors	IC2CA	组合装甲	IC2ComboArmors	hmcl	1735
		comes-alive-reworked		凡家物语：重制	Comes Alive Reworked	hmcl	23538
		comfortable-nether	comfortable_nether	舒适下界	Comfortable Nether	hmcl	4817
		comforts	comforts	舒适用品	Comforts	hmcl	2107
		comfy-sky	comfysky	舒适空岛	Comfy Sky	hmcl	9066
		command-block-ui-overhaul	commandblockuioverhaul	命令方块界面重构	CommandBlockUIOverhaul	hmcl	24267
		command-macro-key		命令宏键	Command Macro Key	hmcl	15099
		command-macros	cmdkeybind	命令宏	Command Macros	hmcl	11553
		command-toast	command_toast	指令面包机	Command Toast	hmcl	13157
		commandhelper	comhelper	命令助手	CommandHelper	hmcl	5490
		commandhistory	commandhistory	聊天记录/指令历史	Command History	hmcl	27941
		communism-life-and-art	cla	共产主义：生活与艺术	Communism:Life and Art	hmcl	3830
		communism-life-and-art	communism_life_and_art_backtrack	共产主义：生活与艺术	Communism:Life and Art	hmcl	3830
		communism-life-and-art	communism_lifeandart	共产主义：生活与艺术	Communism:Life and Art	hmcl	3830
		communism-mod	communism	苏维埃工坊	Communism Mod	hmcl	1738
		compact-lava-generator	CLG	高级地热发电机	Compact Lava Generator	hmcl	450
		compact-machines	CompactMachines	更多空间/压缩空间	Compact Machines	hmcl	712
		compact-machines	cm2	更多空间/压缩空间	Compact Machines	hmcl	712
		compact-machines	compactmachines	更多空间/压缩空间	Compact Machines	hmcl	712
		compact-machines	compactmachines3	更多空间/压缩空间	Compact Machines	hmcl	712
		compact-machines-fabric		压缩空间 Fabric	Compact Machines - Fabric	hmcl	7058
		compact-ores	compactores	致密矿石	Compact Ores	hmcl	3075
		compact-solars	CompactSolars	压缩太阳能阵列	CompactSolars / Compact Solar Arrays	hmcl	112
		compact-solars	compactsolars	压缩太阳能阵列	CompactSolars / Compact Solar Arrays	hmcl	112
		compact-status-effects	compactstatuseffects	迷你状态效果配置	Compact Status Effects	hmcl	8456
		compact-void-miners	compactvoidminers	紧凑型虚空采矿机	Compact Void Miners	hmcl	2781
		compacter	compacter	压缩者	Compacter	hmcl	3093
		compactmachinespor	compactmachinespor	压缩空间：产量推演 重制版	CompactMachinesPOR	hmcl	26964
		compactstorage	compactstorage	紧凑存储	compactstorage	hmcl	2977
		companions-mod	companions	同伴！	Companions!	hmcl	21500
		comparties	comparties	组队兼容	Comparties	hmcl	10899
		comparties-reborn	comparties	组队兼容：重生	Comparties Reborn	hmcl	18615
		compass	compass	指南针	compass	hmcl	2738
		compasshud	compasshud	指南针HUD	CompassHUD	hmcl	15568
		compatchedstorage	compatched	紧凑存储修复	ComPatchedStorage	hmcl	4709
		compatibilitylayerforcustomskinloader	CompatibilityLayerForCustomSkinLoader	万用皮肤补丁兼容层	CompatibilityLayerForCustomSkinLoader	hmcl	4160
		compatlayer	compatlayer	版本兼容	CompatLayer	hmcl	888
		compendium	compendium	工匠防御	Compendium / Tinkers' Defense	hmcl	1012
		compendium	tinkerscompendium	工匠防御	Compendium / Tinkers' Defense	hmcl	1012
		compendium	tinkersdefense	工匠防御	Compendium / Tinkers' Defense	hmcl	1012
		complete-fletching-table	fletching_table	完全的制箭台	Complete Fletching Table	hmcl	27852
		complex-crops	complexcrops	复杂作物	Complex Crops	hmcl	2732
		composite-material	composite_material	复合材料	Composite Material	hmcl	13977
		compositegear	compositegear	复合齿轮/复合装甲	Composite Gear	hmcl	1289
		compostbin	compostbin	堆肥箱	Compostbin	hmcl	24210
		compound-v	compound_v	五号化合物	Compound V	hmcl	27314
		compressed-barrels	compressed_barrels	压缩木桶	Compressed Barrels	hmcl	6436
		compressed-grass	gm	压缩草	Compressed Grass	hmcl	3973
		compressedblock	compressedblock	压缩方块	Compressed Block	hmcl	2800
		compressedcreativity	compressedcreativity	压缩动力	Compressed Creativity	hmcl	6054
		compression-bag	compression_bag	压缩袋	CompressionBag	hmcl	11383
		computercraft	ComputerCraft	电脑	Computer Craft	hmcl	71
		concerto	concerto	协奏曲/一起听	Concerto	hmcl	14625
		concoction	concoction	田园调酿！	Concoction！	hmcl	19988
		config-checker	concheckrmd	整合包配置检测	Modpack Configuration Checker	hmcl	3186
		confighelper	confighelper	配置助手	config helper	hmcl	14236
		configurable-extra-mob-drops	configurableextramobdrops	可配置的额外怪物掉落	Configurable Extra Mob Drops	hmcl	3857
		configurable-health	confighealth	可配置的生命值	Configurable Health	hmcl	18863
		configurable-mob-potion-effects	configurablemobpotioneffects	怪物药水效果自定义	Configurable Mob Potion Effects	hmcl	3567
		configurable-raids	configurable-raids	可配置的袭击	Configurable Raids	hmcl	27812
		configured	configured	配置界面	Configured	hmcl	3651
		configured-burn-time	configured_burn	可配置的燃烧时间	Configurable Burn Time	hmcl	23195
		confluence	confluence	汇流来世	Confluence: Otherworld	hmcl	18650
		confluence	terra_furniture	汇流来世	Confluence: Otherworld	hmcl	18650
		confluence	terra_guns	汇流来世	Confluence: Otherworld	hmcl	18650
		confluence-crafting	confluence_cft	汇流工坊	Confluence Crafting	hmcl	18651
		confluence-dimension-patch	confluence_dimension_patch	汇流来世维度补丁	Confluence Dimension Patch	hmcl	20829
		confluence-music	confluence_music	汇流音乐	Confluence Music	hmcl	21336
		confluence-weapon-modification	cowm	汇流来世：武器修改	Confluence: Weapon Modification	hmcl	23708
		conquest-reforged	blockpalette	征服者	Conquest Reforged	hmcl	2979
		conquest-reforged	connect	征服者	Conquest Reforged	hmcl	2979
		conquest-reforged	conquest	征服者	Conquest Reforged	hmcl	2979
		consecration	consecration	圣化	Consecration	hmcl	1213
		consistent-aim	consistentaim	持久瞄准/移眼盯住	Consistent Aim	hmcl	13044
		console-experience	consolehud	原主机版界面特性	Console Experience	hmcl	3285
		construction-sticks	constructionstick	建筑棒	Construction Sticks	hmcl	17681
		construction-wand	constructionwand	建筑手杖	Construction Wand	hmcl	3545
		construction-wand-kots		建筑手杖-耕云钓月版	Construction Wand - KOTS	hmcl	23052
		constructionwandlegacy	constructionwandlegacy	建筑手杖怀古	Construction Wand Legacy	hmcl	25326
		constructs-armory	conarm	匠魂盔甲	Construct's Armory	hmcl	1318
		contact	contact	往来	Contact	hmcl	4343
		contact-love-rekindled	contact	往来：旧情复燃	Contact: LoveRekindled	hmcl	21443
		contactquests	contactquests	往来任务	ContactQuests	hmcl	24020
		contingameime	ingameime	游戏内输入法续更版 / 游戏内输入法 Forge 重置版	ContingameIME / IngameIME-Forge / IngameIME-Forged	hmcl	9542
		continue-button	continuebutton	继续按钮	Continue Button	hmcl	3969
		controllable	controllable	手柄控制	Controllable	hmcl	1971
		controller-mod	controllermod	控制器支持	Controller Support Mod	hmcl	22843
		controlling	controlling	键位冲突显示	Controlling	hmcl	1191
		convenient-crafting	convenientcrafting	便捷合成	Convenient Crafting	hmcl	27762
		convenient-decor	convenientdecor	精简锦饰	Convenient Decor	hmcl	9143
		convenient-interface	convenient_interface	便捷接口	Convenient Interface	hmcl	22939
		convenient-storage	convenient_storage	便捷存储	Convenient Storage	hmcl	20830
		converting-industrial-wires	industrialwires	工业线缆：转化版	Converting Industrial Wires	hmcl	5048
		conveyor-belts-fabric	conveyor-belts	传送带	Conveyor Belts	hmcl	7761
		convivium	convivium	会饮	Convivium	hmcl	11947
		cookielicious	cookielicious	曲奇佳味	Cookielicious	hmcl	5946
		cooking-for-blockheads	cookingbook	傻瓜烹饪/懒人厨房	Cooking for Blockheads	hmcl	468
		cooking-for-blockheads	cookingforblockheads	傻瓜烹饪/懒人厨房	Cooking for Blockheads	hmcl	468
		coolfood	kur	冷饮	CoolFood	hmcl	2864
		cooparticlesapi	cooparticlesapi	空栈粒子框架	CooParticlesAPI	hmcl	19933
		cooperative-advancements	cooperativeadvancements	合作进度	Cooperative Advancements	hmcl	4066
		coordinates-display	coordinatesdisplay	坐标显示	Coordinates Display	hmcl	15167
		copper-craft	coppercraft	铜制工艺	Copper Craft	hmcl	7170
		copper-friend-backport	copper_friend_backport	铜器时代的小家伙	Copper Friend Backport	hmcl	23638
		copper-hopper	copperhopper	铜漏斗	Copper Hopper	hmcl	9030
		copper-pot	copperpot	铜锅！	Copper Pot!	hmcl	5758
		copper-tools-and-shears	simplecoppertoolsmod	铜质工具和剪刀	Copper Tools and Shears	hmcl	20523
		copperative	copperative	铜心协力	Copperative	hmcl	11322
		copycats	copycats	机械动力：伪装方块+	Create: Copycats+	hmcl	13844
		copyid	copy_id	复制ID	CopyID	hmcl	20943
		corail-recycler	corail_recycler	Corail的回收站	Corail Recycler	hmcl	4316
		corail-tombstone	tombstone	Corail 的墓碑	Corail's Tombstone	hmcl	1985
		coralreef	coralreef	珊瑚礁	CoralReef	hmcl	4180
		coreextensions	coreextensions	核心拓展	CoreExtensions	hmcl	12135
		corn-delight	corn_delight	玉米乐事	Corn Delight	hmcl	5646
		corn-delight	corndelight	玉米乐事	Corn Delight	hmcl	5646
		cornucopia-bypizza573	cornucopia	丰饶之角	Cornucopia	hmcl	17506
		corpse	corpse	遗体	Corpse	hmcl	3007
		corpse-kibou-no-hana	kibounohana	希望の花	Corpse: Kibou no Hana	hmcl	20715
		corpse-x-dragon-survival	corpsedragonsurvival	遗体 x 龙之生存	Corpse x Dragon Survival	hmcl	27322
		corpsetweaker	corpse_tweaker	遗体调整	CorpseTweaker	hmcl	22938
		cosmetic-armor-fabric	cosmetic-armor	时装盔甲	Cosmetic Armor	hmcl	5528
		cosmetic-armor-reworked	cosmeticarmorreworked	时装盔甲重置版	Cosmetic Armor Reworked	hmcl	2497
		cosmic-will	cosmicwill	宇宙意志	Cosmic Will	hmcl	28662
		cosmopolitan	cosmopolitan	四海一家	Cosmopolitan	hmcl	19830
		costumes	costumes	服装	Costumes	hmcl	2914
		counter-strike-grenades	csgrenades	反恐精英：投掷物	Counter Strike Grenades	hmcl	23955
		countouryside-and-magic	cam	乡野与魔法	Countryside And Magic	hmcl	4368
		covers-everywhere	covers_everywhere	万用覆盖板	Covers Everywhere	hmcl	3272
		cplpibalds-tweaks	pitweaks	CplPibald的微调	CplPibald's Tweaks	hmcl	1660
		cpmoscc	cpmoscc	自定义玩家模型OSC兼容	Customizable Player Models OSC Compat	hmcl	10288
		cpmpvc	cpmpvc	自定义玩家模型Plasmo语音兼容	Customizable Player Models Plasmo Voice compat	hmcl	14706
		cpmsvcc	cpmsvcc	自定义玩家模型的简单的语音聊天兼容	Customizable Player Models Simple Voice Chat compat	hmcl	7890
		cqrepoured	cqrepoured	寻找巧克力重铸版	Chocolate Quest Repoured	hmcl	1698
		crab-city-facilities	crab_city_facilities	螃蟹的城建	Crab city facilities	hmcl	21707
		crab-street-light	crab_street_light	螃蟹的路灯	Crab Street Light	hmcl	19793
		crabbers-delight	crabbers_delight	蟹农乐事	Crabber's Delight	hmcl	11415
		crabbers-delight	crabbersdelight	蟹农乐事	Crabber's Delight	hmcl	11415
		crabbers-delight-expand	crabbers_delight_expand	蟹农乐事：渔冶锭整	Crabber's Delight Expand	hmcl	21436
		crackers-wither-storm-mod	witherstormmod	Cracker的凋灵风暴	Cracker's Wither Storm Mod	hmcl	6410
		craft-and-hunt	craftandhunt	狩猎工艺	Craft and Hunt	hmcl	4572
		craft-time	timecraft	耗时合成	Craft Takes Time	hmcl	3524
		craft-to-exile-custom-uniques	ctecu	放逐之路定制物品	Craft to Exile Custom Uniques	hmcl	5182
		craftable-animals	craftableanimals	可合成动物	Craftable Animals	hmcl	18367
		craftable-capes-reforge	craftablecapes	可合成的披风 - (Neo)Forge版	Craftable Capes - (Neo)Forge	hmcl	27966
		craftable-chain-armors	craftablechainarmor	锁链盔甲配方	Chain Armor Recipe	hmcl	20513
		craftable-chainmail-reborn	craftablechainmail	可制作的锁链甲：重生	Craftable Chainmail Reborn	hmcl	15914
		craftable-creative-ability	craftable_creative_ability	可合成的创造能力强化	Craftable Creative Ability	hmcl	4422
		craftable-nametag	craftable_nametag	可合成的命名牌	Craftable Nametag	hmcl	2671
		craftable-turrets	thaiturret	可合成炮塔	Craftable Turrets	hmcl	27749
		craftablecapes	craftablecapes	可合成的披风	Craftable Capes	hmcl	15625
		craftablecreativemodifier	ccm	可合成的创造模式强化头颅	CraftableCreativeModifier	hmcl	1859
		craftgr	craftgr	幻想乡电台	CraftGR	hmcl	5455
		craftguide	craftguide	G键合成表	CraftGuide	hmcl	106
		crafting-dead-immerse	craftingdeadimmerse	行尸走肉：沉浸	Crafting Dead: Immerse	hmcl	6450
		crafting-dead-official	craftingdead	行尸走肉	Crafting Dead	hmcl	2613
		crafting-dead-survival	craftingdeadsurvival	行尸走肉：生存	Crafting Dead: Survival	hmcl	4397
		crafting-pillar-mod	craftingpillars	合成柱	Crafting Pillar Mod	hmcl	377
		crafting-station	craftingstation	合成站	Crafting Station	hmcl	6219
		crafting-station-jei-edition	craftingstation	合成站：JEI版	Crafting Station: JEI Edition	hmcl	18183
		crafting-table-on-a-stick	ctoasmod	手持工作台	Crafting Table on a Stick	hmcl	18574
		crafting-tweaks	craftingtweaks	合成辅助	Crafting Tweaks	hmcl	1501
		craftingtable-iv	craftingtableiv	智能工作台4	CraftingTable IV	hmcl	24298
		crafttweaker-editor	cteditor	CraftTweaker 编辑器	CraftTweaker Editor	hmcl	1921
		crafttweaker-integration	ctintegration	CrT集成	CraftTweaker Integration	hmcl	3346
		crapping-copper	crappingcopper	压缩升级铜	Crapping Copper	hmcl	5602
		crash-assistant	crash_assistant	崩溃助手	Crash Assistant	hmcl	18005
		crash-to-main-menu	crash-to-main-menu	崩溃返回主菜单	Crash To Main Menu	hmcl	2442
		crasher	crasher	崩溃机	Crasher	hmcl	9263
		crashexploitfixer	crashexploitfixer	崩溃漏洞修复	CrashExploitFixer	hmcl	22889
		crate-delight-croptopia	cratedelightcroptopia	装箱乐事：作物盛景	Crate Delight: Croptopia	hmcl	17907
		crate-delight-forge	cratedelight	装箱乐事	Crate Delight	hmcl	13206
		crawl	crawl	爬行	Crawl	hmcl	6957
		crazyae	crazyae	疯狂的AE	CrazyAE	hmcl	16805
		crazyvillagers-forge	crazyvilagers	疯狂的村民	Crazy Villagers	hmcl	25586
		create	create	机械动力	Create	hmcl	2021
		create-abyss-catalysis	sculkcatalyticchamber	机械动力：深渊催化	Create: AbyssCatalysis	hmcl	18830
		create-additional-logistics	createadditionallogistics	机械动力：物流附加	Create: Additional Logistics	hmcl	22580
		create-aeronautics	aeronautics	机械动力：航空学	Create: Aeronautics	hmcl	26350
		create-aeronautics	aeronautics_bundled	机械动力：航空学	Create: Aeronautics	hmcl	26350
		create-aeronautics-ftb-chunks	create_aeronautics_ftb_chunks	机械动力航空学：FTB 区块	Create Aeronautics: FTB Chunks	hmcl	27330
		create-aeronautics-transmission-linkage	aeronautics_utility_objects	航空学：传动与连结	Create Aeronautics: Transmission & Linkage	hmcl	27493
		create-aeronauticstoolgun	create_aeronautics_toolgun	机械动力航空学：工具枪	Create Aeronautics: Toolgun	hmcl	26469
		create-aether-industry	createaether	机械动力：天境工业	Create Aether Industry	hmcl	19838
		create-alloyed	alloyed	合金 / 机械动力：合金	Alloyed / Create: Alloyed	hmcl	6965
		create-applied-kinetics	createappliedkinetics	机械动力：应用机械	Create: Applied Kinetics	hmcl	10546
		create-aquatic-ambitions	create_aquatic_ambitions	机械动力：瀚海雄心	Create: Aquatic Ambitions	hmcl	14070
		create-arm-made-barbeque	create_arm_made_bbq	机械动力：臂力臂力烧烤	Create : Arm-made Barbeque	hmcl	20995
		create-arm-made-cuisine	create_cuisine	机械动力：臂力臂力炒菜	Create: Arm-made Cuisine	hmcl	20848
		create-armor-blocks	createarmorblocks	机械动力：装甲方块	Create: Armor Blocks	hmcl	21937
		create-armored-constructs	arcon	机械动力：装甲构件	Create: Armored Constructs	hmcl	27986
		create-auto-track	create_auto_track	机械动力：径工地点	Create: Auto Track	hmcl	24989
		create-backpack-pixel	backpack_pixel	机素背包	Create: Backpack Pixel	hmcl	18888
		create-bbq-belt	bbqbelt	机械动力：传送带烧烤	Create: BBQ Belt	hmcl	26036
		create-big-cannons	createbigcannons	机械动力：火炮	Create Big Cannons	hmcl	7178
		create-big-cannons-advanced-technologies	cbc_at	机械动力火炮：先进技术	Create Big Cannons: Advanced Technologies	hmcl	18707
		create-biotech	create_biotech	机械动力：生物科技	Create: Biotech	hmcl	27483
		create-brass-coated	create_brass_coated	机械动力：黄铜覆壳	Create: Brass Coated	hmcl	9146
		create-break	create_break	机动突破	Create Break	hmcl	27494
		create-bugfix-clipboard-patch	clipboard_patch	机械动力：剪贴板修复	Create Bugfix: Clipboard Patch	hmcl	20908
		create-bugfix-schematic-patch	schematicsfix	机械动力：蓝图补丁	Create Bugfix: Schematic Patch	hmcl	20948
		create-butter-cat	createbuttercat	机械动力：黄油猫	Create: Butter Cat	hmcl	25765
		create-cafe	createcafe	机械动力：咖啡馆	Create Cafe	hmcl	6016
		create-cannon-gun-sight	create-renxin	机械动力炮镜	Create Cannon Gun Sight	hmcl	27809
		create-central-kitchen	create_central_kitchen	机械动力：中央厨房	Create: Central Kitchen	hmcl	9151
		create-chocolate-fountain	create_chocolate_fountain	机械动力：巧克力喷泉	Create: Chocolate Fountain	hmcl	19978
		create-chromatic-return	createchromaticreturn	机械动力：异彩化合物	Create: Chromatic Return	hmcl	6708
		create-classic-blaze-enchanter	create_classic_blaze_enchanter	机械动力：经典烈焰人附魔室	Create: Classic Blaze Enchanter	hmcl	19356
		create-clothes	createclothes	机械动力：服装	Create: Clothes	hmcl	19898
		create-cobblemon-potion	create_cobblemon_potion	宝可梦动力药水	Create Cobblemon Potion	hmcl	19276
		create-cog-hud	create_cog_hud	机械动力：齿轮 HUD	Create: Cog HUD	hmcl	20639
		create-cold-sweat	create_cold_sweat	机械动力：冷汗	Create: Cold Sweat	hmcl	18580
		create-compact-exp	nocubescreateexp	机械动力：压缩经验	Create Compact Exp	hmcl	9184
		create-compact-transmission	create_compact_transmission	机械动力：紧凑型传动	Create: Compact Transmission	hmcl	27655
		create-confectionery	create_confectionery	机械动力：甜食	Create Confectionery	hmcl	4871
		create-connected	create_connected	机械动力：创意传动	Create: Connected	hmcl	13105
		create-contraption-terminals	createcontraptionterminals	机械动力：动态终端	Create Contraption Terminals	hmcl	15585
		create-cooling-fan	createcoolingfan	机械动力：冷却鼓风机	Create Cooling Fan	hmcl	28809
		create-crystal-clear	create_crystal_clear	机械动力：晶莹剔透	Create: Crystal Clear	hmcl	7614
		create-crystal-clear	crystal_clear	机械动力：晶莹剔透	Create: Crystal Clear	hmcl	7614
		create-cultivation-craft	create_cultivation	机械动力：栽培工艺	Create: Cultivation Craft	hmcl	20849
		create-currency-shops	create_currency_shops	机械动力：货币商店	Create: Currency Shops	hmcl	19979
		create-cyber-goggles	create_cyber_goggles	机械动力：赛博护目镜	Create: Cyber Goggles	hmcl	18629
		create-deepfried	create_deepfried	机械动力：油炸	Create: Deepfried	hmcl	14598
		create-destroy	destroy	坍毁化合	Destroy	hmcl	13210
		create-diamond-factory	create_diamond_factory	机械动力：钻石工厂	Create: Diamond & Factory	hmcl	18338
		create-diesel-generators	createdieselgenerators	机械动力：柴油动力	Create: Diesel Generators	hmcl	10727
		create-direct-chute	direct_chute	机械动力：直通溜槽	Create: Direct Chute	hmcl	19731
		create-dragons-plus	create_dragons_plus	机械动力：龙+	Create: Dragons Plus	hmcl	19299
		create-dreams-desires	create_dd	机械动力：梦想与欲望	Create: Dreams & Desires	hmcl	10871
		create-dreams-desires	dndesires	机械动力：梦想与欲望	Create: Dreams & Desires	hmcl	10871
		create-dreams-desires	flavored	机械动力：梦想与欲望	Create: Dreams & Desires	hmcl	10871
		create-egg-production	createeggproduction	机械动力：鸡蛋产线	Create: Egg Production	hmcl	19448
		create-electro-energetics	electroenergetics	机械动力：电力学	Create: Electro Energetics	hmcl	24063
		create-encased	createcasing	机械动力：封装工艺	Create Encased	hmcl	9800
		create-encased	createsasing-extendedgears	机械动力：封装工艺	Create Encased	hmcl	9800
		create-enchantment-industry	create_enchantment_industry	机械动力：附魔工业	Create: Enchantment Industry	hmcl	7892
		create-ender-transmission	createendertransmission	机械动力：末影传输	Create: Ender Transmission	hmcl	8482
		create-energy-cannons	createenergycannons	机械动力：能量加农炮	Create: Energy Cannons	hmcl	25545
		create-entitycontroller	createentitycontrol	机械动力：实体控制	Create: Entity Control	hmcl	19839
		create-entitycontroller	createentitycontroller	机械动力：实体控制	Create: Entity Control	hmcl	19839
		create-escalated	escalated	机械动力：自动扶梯	Create: Escalated	hmcl	19651
		create-extended-cogs	extendedgears	机械动力：更多齿轮	Create: Extended Cogwheels	hmcl	8484
		create-extended-flywheels	extendedflywheels	机械动力：更多飞轮	Create: Extended Flywheels	hmcl	7367
		create-extra-gauges	extra_gauges	机械动力：更多仪表	Create: Extra Gauges	hmcl	19734
		create-factory-controller	createfactorycontroller	机械动力：工厂控制台	Create: Factory Controller	hmcl	28160
		create-factory-logistics	create_factory_logistics	机械动力：流体物流	Create Factory Logistics	hmcl	18944
		create-fantasizing-again	create_fantasizing	机械动力：又在幻想了	Create: Fantasizing Again	hmcl	20562
		create-fast-schematiccannon	createfastschematiccannon	机械动力：更快的蓝图加农炮	Create: Fast Schematic Cannon	hmcl	22205
		create-firearms-patch	kinetic_pixel	机械动力火器补丁	Create Firearms Patch(kinetic pixel)	hmcl	16246
		create-fluid-stuffs	createfluidstuffs	机械动力：流体附加	Create:Fluid Stuffs	hmcl	18509
		create-fluidlogistic	fluidlogistics	机械动力：流体包裹	Create: Fluid Logistic	hmcl	25236
		create-fly		机械动力飞越版	Create Fly	hmcl	22110
		create-food-filling	create_food_filling	机械动力：食物注药	Create: Food Filling	hmcl	25856
		create-framed	createframed	机械动力：多彩边框	Create: Framed	hmcl	15498
		create-frequency-filter	frequencyfilterid	机械动力：频率过滤器	Create: Frequency Filter	hmcl	24839
		create-gears	creategears	机械动力：齿轮附加	Create Gears	hmcl	4223
		create-gears-and-tavern	creategearsandtavern	齿轮与酒馆	Create: Gears and Tavern	hmcl	27495
		create-gravity-gun	create_gravity_gun	机械动力：重力枪	Create: Gravity Gun	hmcl	27337
		create-harmonics	createharmonics	机械动力：和声学	Create: Harmonics	hmcl	24450
		create-heat	createheat	机械热力	Create: Heat	hmcl	22515
		create-improve	createimp	机械动力：改进	Create:Improve	hmcl	28040
		create-industrial-chemistry	createindustrialchemistry	机械动力：工业化学	Create: Industrial Chemistry	hmcl	8852
		create-industry	createindustry	机械动力：工业长路	Create: Industry/Create: The Factory Must Grow	hmcl	8204
		create-industry	tfmg	机械动力：工业长路	Create: Industry/Create: The Factory Must Grow	hmcl	8204
		create-infinite-water	infinitewater	机械动力：无限水	Create: Infinite Water	hmcl	24619
		create-integrated-farming	create_integrated_farming	机械动力：集成农业	Create: Integrated Farming	hmcl	19475
		create-interactive	create_interactive	机械动力：交互学	Create: Interactive	hmcl	13218
		create-item-drawers	create_item_drawers	机械动力：物品抽屉	Create: Item Drawers	hmcl	24400
		create-jetpack	create_jetpack	机械动力：喷气背包	Create Jetpack	hmcl	7338
		create-just-enough-time	createjustenoughtime	机械动力：预见时间	Create: Just Enough Time	hmcl	26286
		create-law-and-order	createlawandorder	机械动力：法律与秩序	Create: Law and Order	hmcl	20489
		create-lazytick	createlazytick	机械动力：懒惰刻	Create: LazyTick	hmcl	23850
		create-limited-draining	createlimiteddraining	机械动力：流体抽取限制	Create: Limited Draining	hmcl	19836
		create-liquid-fuel	createliquidfuel	机械动力：液体燃料	Create: Liquid Fuel	hmcl	12606
		create-llm-era	llmera	机械动力：智械时代	Create: LLM Era	hmcl	27485
		create-mechanical-confection	createmechanicalconfection	机械动力：蛋糕工坊	Create: Mechanical Confection	hmcl	19652
		create-mechanical-spawner	create_mechanical_spawner	机械动力：动力刷怪笼	Create Mechanical Spawner	hmcl	9209
		create-metallurgy	createmetallurgy	机械动力：冶金学	Create: Metallurgy	hmcl	15052
		create-misc-and-things	create_things_and_misc	机械动力：实用物件	Create : Misc & Things	hmcl	7464
		create-mobile-packages	create_mobile_packages	机械动力：无人机物流	Create: Mobile Packages	hmcl	19209
		create-more-catalysts	create_more_catalysts	机械动力：更多触媒	Create：More Catalysts	hmcl	26700
		create-more-drill-heads	createmoredrillheads	机械动力：更多钻头	Create: More Drill Heads	hmcl	12605
		create-more-machines	createmoremachines	机械动力：更多机械	Create More Machines	hmcl	25315
		create-more-potatoes	createmorepotatoes	机械动力：更多土豆	Create: More potatoes	hmcl	8462
		create-mounted-storages	moremountedstorages	机械动力：更多存储挂载	Create: Mounted Storages	hmcl	8491
		create-mt-integration	create-mt-integration	资源统合-机械动力配方附加	Create Mt Integration	hmcl	20501
		create-nether-industry	createnetherindustry	机械动力：下界工业	Create: Nether Industry	hmcl	19980
		create-new-age	create_new_age	机械动力：电气时代	Create: New Age	hmcl	11918
		create-no-touching	create_no_touching	机械动力：防御	Create: No Touching	hmcl	19837
		create-northstar	northstar	机械动力：北极星	Create: Northstar	hmcl	15865
		create-northstar-redux-unhardcoded		机械动力：北极星 - 重制版 去硬编码重制版	Create: Northstar - Redux Unhardcoded	hmcl	27586
		create-oppenheimered	create-oppenheimered	机械动力：原子计划	Create: Oppenheimered	hmcl	14005
		create-optical	create_optical	机械动力：光学	Create Optical	hmcl	14619
		create-ore-excavation	createoreexcavation	机械动力：矿石开掘	Create Ore Excavation	hmcl	7300
		create-paper	cpaper	机械动力：纸张	Create Paper	hmcl	25718
		create-pattern-schematics	create_pattern_schematics	机械动力：模式蓝图	Create: Pattern Schematics	hmcl	15866
		create-phantom	createphantom	机械动力：幻翼物流	Create Phantom	hmcl	28470
		create-ponder	createponder	机械动力：思索	Create Ponder	hmcl	14089
		create-power-loader	create_power_loader	机械动力：动力加载器	Create: Power Loader	hmcl	13010
		create-prismatic-shine	createprism	机械动力：流光溢彩	Create: Prismatic Shine	hmcl	22365
		create-propulsion	createpropulsion	机械动力：推进工程	Create: Propulsion	hmcl	19600
		create-propulsion-simulated	createpropulsionsimulated	机械动力：推进工程 - 模拟物理	Create Propulsion: Simulated	hmcl	26692
		create-radars	create_radar	机械动力：雷达	Create: Radars	hmcl	17880
		create-radars-unofficial-port		机械动力：雷达重制版	Create: Radars Unofficial Port	hmcl	26691
		create-railways-navigator	createrailwaysnavigator	机械动力：铁路导航	Create Railways Navigator	hmcl	14600
		create-rainbow-compound	rainbowcompound	机械动力：彩虹化合物	Create: Rainbow Compound	hmcl	8445
		create-ratatouille	ratatouille	机械动力：齿轮与麦穗	Create: Ratatouille	hmcl	13995
		create-ratatouille-fried-delights	ratatouille_fried_delights	机械动力：齿轮与麦穗的炸物拓展	Create：Ratatouille Fried Delights	hmcl	23096
		create-redstone-link-gui	createredstonelinkgui	机械动力：红石信号终端GUI		hmcl	28043
		create-remote-terminal	createterminal	机械动力：远程终端	Create: Remote Terminal	hmcl	20070
		create-right-hand	crh	机械动力：装壳开窗	Create: Right Hand	hmcl	26959
		create-rustic-structures	create_rustic_structures	机械动力：乡村结构	Create: Rustic Structures	hmcl	19450
		create-schematicchecker	createschematicchecker	机械动力：蓝图校验	Create: Schematic Checker	hmcl	22420
		create-sentry-mechanical-arm	sentrymechanicalarm	机械动力：哨戒动力臂	Create: Sentry Mechanical Arm	hmcl	23851
		create-shape-craft	create_shape_craft	机械动力：图形工艺	Create: Shape Craft	hmcl	26070
		create-sifting	createsifter	机械动力：筛子	Create Sifting	hmcl	7762
		create-simple-generator	create_simple_generator	机械动力：简单发电机	Create: Simple Generator	hmcl	19287
		create-skies-on-fire	create_skies_on_fire	机械动力：燃烧的天空	Create: Skies on Fire	hmcl	26958
		create-small-generator	create_small_generator	机械动力：小型发电机		hmcl	27333
		create-sonar	create_sonar	机械动力：声呐	Create: Sonar	hmcl	27987
		create-soul	create_soul	机械之魂	Create Soul	hmcl	22383
		create-spawnerboxer	create-spawnerboxer	机械动力：拳击刷怪笼	Create: SpawnerBoxer	hmcl	14946
		create-steam-n-rails	railways	机械动力：汽鸣铁道	Create: Steam 'n' Rails	hmcl	8230
		create-stressbound	create_stressbound	机械动力：应力链界	Create: Stressbound	hmcl	26695
		create-stuff-additions	create_sa	机械动力：物品附加	Create Stuff 'N Additions	hmcl	3779
		create-stuff-additions	create_stuff_additions	机械动力：物品附加	Create Stuff 'N Additions	hmcl	3779
		create-tacz-automation	createtaczauto	机械动力：TaCZ自动化	Create: TaCZ Automation	hmcl	16203
		create-tank-defenses	create_tank_defenses	机械动力：坦克防御	Create Tank Defenses	hmcl	16140
		create-teleporters	createteleporters	机械动力：传送器	Create : Teleporters	hmcl	9968
		create-the-air-war	create_the_air_wars	机械动力：空战	Create: The Air War	hmcl	17718
		create-the-machine-spirit-is-pleased	tmsip	机魂大悦	The Machine Spirit is Pleased	hmcl	28233
		create-trading-floor	trading_floor	机械动力：交易站点	Create: Trading Floor	hmcl	16548
		create-tweaked-controllers	create_tweaked_controllers	机械动力：高级遥控器	Create: Tweaked Controllers	hmcl	11940
		create-utilities-j	createutilities	机械动力：实用物品 J版	Create Utilities J	hmcl	24399
		create-voidway	createvoidway	机械动力：虚空通道	Create: Voidway	hmcl	28296
		create-vvvf-simulator	create_vvvf_simulator	机械动力：VVVF模拟器	Create: VVVF-Simulator	hmcl	28044
		create-wheels-upon-chairs	createwheelsuponchairs	机械动力：轮椅轮椅	Create: Wheels Upon Chairs	hmcl	28569
		create-who-touched-my-train	who_touched_my_train	机械动力：谁动了我的列车！	Create: Who Touched My Train!	hmcl	22956
		create-wizardry	create_wizardry	机械动力：巫术	Create: Wizardry	hmcl	13488
		create-xptool	xptool	机械动力：经验工具	Create: XPTool	hmcl	21746
		createaddition	createaddition	机械动力：创想附加	Create Crafts & Additions	hmcl	3437
		createfabricreibugfix	createreibugfix	机械动力 Fabric 版 REI 配方显示修复	Create&REIBugFix / CreateFabric&REIBugFix	hmcl	9938
		createmek-steam	createmeksteam	通用机动：蒸汽机	CreateMek Steam	hmcl	26221
		createnuclear	createnuclear	机械动力：原子核动	Create Nuclear	hmcl	18230
		creates-delight	createsdelight	机械动力乐事	Create's Delight	hmcl	9106
		createtraincontrol	create_train_control	机械动力：列车控制	CreateTrainControl	hmcl	20557
		createutilities	create_utilities	机械动力：实用物品	Create Utilities	hmcl	10950
		createutilities	createutilities	机械动力：实用物品	Create Utilities	hmcl	10950
		createworldui	createworldui	新版创建世界界面	CreateWorldUI	hmcl	22528
		creative-apiary	creativeapiary	创造蜂场	Creative Apiary	hmcl	6182
		creative-crafter	creativecrafter	创造合成仓	Creative Crafter	hmcl	6183
		creative-eating-reforged	creative_eating	创造也能吃	Creative Eating Reforged	hmcl	18191
		creative-plus	creativeplus	创造+	Creative Plus	hmcl	1129
		creative-sandbox	creative_sandbox	创造沙盒	Creative Sandbox	hmcl	18585
		creativepagejump	creativepagejump	创造物品栏页码跳转	CreativePageJump	hmcl	14009
		creativetabsearch	creativetabsearch	创造物品栏检索	CreativeTabSearch	hmcl	13913
		creator-hotbar	creatorhotbar	创造者快捷栏	Creator Hotbar	hmcl	27235
		creator-sword	createsword	机械动力：机械师之剑	Create: Creator Sword	hmcl	19835
		creatures-and-beasts	cnb	动物和野兽	Creatures and Beasts	hmcl	5566
		creatures-of-the-snow	creatures_of_the_snow	雪地里的生物！	Creatures From The Snow!	hmcl	5774
		creeper-awareness	creeperawareness	爬行者意识	Creeper Awareness	hmcl	1561
		creeper-confetti	creeperconfetti	烟花苦力怕	Creeper Confetti	hmcl	1267
		creeper-confetti-fabric	creeperconfetti	烟花苦力怕Fabric版	Creeper Confetti Fabric	hmcl	5864
		creeper-firework	creeper_firework	烟花苦力怕	Creeper Firework	hmcl	5298
		creeper-fireworks	creeperfireworks	烟花苦力怕	Creeper Fireworks Mod	hmcl	15845
		creeper-overhaul	creeperoverhaul	苦力怕改革 / 苦力怕革新	Creeper Overhaul	hmcl	5373
		creeper-overhaul-firework	creeper_overhual_fireowork	烟花苦力怕改革	Creeper Overhaul Firework	hmcl	7674
		creeper-spores	creeperspores	苦力怕孢子	Creeper Spores	hmcl	3792
		creeper-super	super_creeper	智能爆破专家	Creeper Super	hmcl	19893
		creeperfire	creeperfire	自定义烧货 / 苦力怕阳光下燃烧	CreeperFire	hmcl	20863
		creepypasta-1-0-0	creepypasta	蠕动意面	CreepyPasta	hmcl	905
		creepypastacraft-reborn	creepypastacraft	蠕动意面重置版	CreepyPastaCraft Reborn	hmcl	3047
		creosote-oil-fuel-power	addmod	更有用的杂酚油	Creosote Oil Fuel & Power	hmcl	25467
		crimson-compass	crimsoncompass	绯红指南针	Crimson Compass	hmcl	3724
		crimson-moon		绯红之月	Crimson Moon	hmcl	2749
		crimson-revelations	crimsonrevelations	血腥启示	Crimson Revelation	hmcl	3269
		crimson-xp-charm	crimsonxp	经验护符	Crimson XP Charm	hmcl	3736
		crock-pot	crockpot	烹饪锅	Crock Pot	hmcl	3017
		crop-dusting	cropdusting	排气施肥	Crop Dusting	hmcl	2710
		crop-eating-animals	ceanimals	动物自动喂食	Crop-Eating Animals	hmcl	1263
		croparia	Croparia	矿石作物/魔种之咏	Croparia	hmcl	1006
		croparia	croparia	矿石作物/魔种之咏	Croparia	hmcl	1006
		croparia-if	croparia	矿石魔种 (矿石作物/魔种之咏 IF版)	Croparia-IF	hmcl	13639
		croparium	cp_lib	矿石种植工艺	Croparium	hmcl	22202
		croparium-the-twilight-forest	cp_tf	矿石种植工艺：暮色森林	Croparium: the Twilight Forest	hmcl	22482
		cropchance	cropchance	IC2作物信息	CropChance	hmcl	12130
		croptopia	croptopia	作物盛景	Croptopia	hmcl	4225
		croptopias-chocolaterie-forge	cacao	作物盛景：巧克力工坊	Croptopia's Chocolaterie	hmcl	6956
		croptopias-chocolaterie-unofficial	cacao	巧克力工坊：非官方版	Croptopia's Chocolaterie Unofficial	hmcl	16744
		cross-dim-commands	crossdimcommands	跨维度指令	Cross-Dim Commands	hmcl	9037
		crossbow-mod	crossbow	弩	Crossbow	hmcl	11757
		crosshair-tweaks	crosshairtweaks	十字准星调整	Crosshair Tweaks	hmcl	17075
		crosshairtarget-filter	crosshairtargetfilter	十字准星目标过滤器	CrosshairTarget Filter	hmcl	27780
		crossroads-mc	crossroads	交错道途	Crossroads	hmcl	3185
		crow-flight	crowflight	乌鸦坐飞机	Crow Flight	hmcl	2155
		crumbs-deepslate-button	deepslate_button	Crumbs 的深板岩按钮	Crumbs' Deepslate Button	hmcl	16061
		crying-ghasts	cryingghasts	哭泣的恶魂	Crying Ghasts	hmcl	3073
		cryofloric-arts	cryofloric_arts	严寒插花术	Cryofloric Arts	hmcl	21736
		crystalline-ender-eye	c_ender_eye	晶化末影之眼	Crystalline Ender Eye	hmcl	14054
		crystallineflowersearch	cfs	晶化花搜索		hmcl	28244
		crystalwing	CrystalWing	水晶之翼	CrystalWing	hmcl	22902
		crystcursed-dragon	crystcursed_dragon	晶咒龙	Crystcursed Dragon	hmcl	23111
		cs2-box	csgobox	CS2箱子	CS2 Box	hmcl	18797
		csgo-box	csgobox	Csgo 箱子	CsgoBox	hmcl	14004
		ct-tinycoal	cttinycoal	CT 小型煤炭	CT TinyCoal	hmcl	1919
		cta	cta	机械动力：坦克扩展	Create: Tank Additions	hmcl	26349
		ctm	ctm	连接纹理	ConnectedTexturesMod	hmcl	837
		ctm-fabric	ctm	连接纹理Fabric版	ConnectedTexturesMod for Fabric	hmcl	3850
		ctnh-changelog	ctnhchangelog	CTNH更新日志	CTNH-Changelog	hmcl	24952
		ctov-advanced-peripheral-compat	mr_ctov_advancedperipheralcompat	CTOV - 高级外设兼容	CTOV - Advanced Peripheral Compat	hmcl	11002
		ctov-beautify-compat	mr_ctov_beautifycompat	CTOV - 美化！兼容	CTOV - Beautify Compat	hmcl	11012
		ctov-immersive-engineering-compat	mr_ctov_immersiveengineeringcompat	CTOV - 沉浸工程兼容	CTOV - Immersive Engineering Compat	hmcl	11011
		ctov-paragliders-compat	mr_ctov_paragliderscompat	CTOV - 滑翔伞兼容	CTOV - Paragliders compat	hmcl	10976
		cubebots	cubebots	立方体机器人	CubeBots	hmcl	141
		cubic-villager	cubicvillager	村民立方	Cubic Villager	hmcl	15116
		cuffed	cuffed	监禁	Cuffed	hmcl	11617
		cuisine	cuisine	料理工艺 🍳	Cuisine 🍳	hmcl	1291
		cuisine-delight	cuisinedelight	料理乐事	Cuisine Delight	hmcl	11405
		cuisine-tfc	cuisinetfc	料理群峦	Cuisine TFC	hmcl	20811
		culinaire	ce_foodstuffs	烹饪	Culinaire	hmcl	2943
		culinary-construct	culinaryconstruct	自定义三明治	Culinary Construct	hmcl	1329
		cull-leaves	cullleaves	树叶渲染优化	Cull Leaves	hmcl	4414
		cull-less-leaves	cull-less-leaves	更好的树叶渲染优化	Cull Less Leaves	hmcl	6460
		cull-particles	cullparticles	粒子渲染机制优化	Cull Particles	hmcl	3910
		culllessleaves-reforged	culllessleaves	更好的树叶渲染优化重铸版	CullLessLeaves Reforged	hmcl	9810
		cultivationcraft	cultivationcraft	异道修仙	CultivationCraft	hmcl	11635
		cultural-delights	cultural_delights	多元乐事	Cultural Delights	hmcl	5609
		cultural-delights	culturaldelights	多元乐事	Cultural Delights	hmcl	5609
		cultural-delights-fabric	culturaldelights	多元乐事 (Fabric 版)	Cultural Delights [Fabric]	hmcl	8807
		cultural-treasures-paintings	cultural_treasures_paintings	文化瑰宝 - 画作与乐曲	Cultural Treasures - Paintings and Music	hmcl	6540
		curio-of-undying	charmofundying	不死图腾插槽/不死图腾槽位	Curio of Undying / Trinket of Undying / Charm of Undying	hmcl	2236
		curio-of-undying	curioofundying	不死图腾插槽/不死图腾槽位	Curio of Undying / Trinket of Undying / Charm of Undying	hmcl	2236
		curioenchantment	curio_enchantment	饰品附魔	CurioEnchantment	hmcl	18875
		curios-quark-oddities-backpack	curiosquarkobp	夸克背包饰品	Curios Quark Oddities Backpack	hmcl	3913
		curiosities	curiosities	趣味物品	Curiosities	hmcl	19706
		curious-shulker-boxes	curiousshulkerboxes	潜影盒插槽/潜影盒槽位	Shulker Box Slot	hmcl	3958
		curse-forge	curseforge	诅咒锻造	Curse Forge	hmcl	20411
		curse-of-pandora	curseofpandora	潘多拉之咒	Curse of Pandora	hmcl	13560
		cursedinfuserbycage	cursedinfuserbycage	诅咒之笼注入	CursedInfuserCage	hmcl	22984
		cursor-mod	customcursormod	自定义光标	Cursor Mod	hmcl	5204
		cursor-mod-reload	customcursormod	自定义光标：重生	Custom Cursor: Reload	hmcl	17663
		curtain	curtain	窗帘	Curtain	hmcl	9907
		cushy-pillows	cushy-pillows	舒适枕头	Cushy Pillows	hmcl	16630
		custom-100-day-boss	custom_100day_boss	自定义100天Boss	Custom 100-Day BOSS	hmcl	20320
		custom-background-color	cbc	自定义背景颜色	Custom Background Color	hmcl	7347
		custom-backgrounds	custombackgrounds	自定义背景	Custom Backgrounds	hmcl	7067
		custom-battleroyale	battleroyale	自定义大逃杀	Custom BattleRoyale	hmcl	20095
		custom-block-highlight	blockhighlight	自定义方块高亮	Custom Block Highlight	hmcl	18125
		custom-cards	customcards	自定义卡牌	Custom Cards	hmcl	7706
		custom-chest-loot	CustomChestLoot	自定义战利品箱	Custom Chest Loot	hmcl	13458
		custom-chest-name	custom_chest_name	自定义箱子名称	Custom Chest Name	hmcl	25384
		custom-crosshair-mod	custom-crosshair-mod	自定义准星	Custom Crosshair Mod	hmcl	1047
		custom-damage-particles	torohealthmod	自定义伤害粒子	Custom Damage Particles	hmcl	6835
		custom-de-upgrade-recipes	defusioncraftingrecipechanges	自定义 DE 升级配方	Custom DE Upgrade Recipes	hmcl	11262
		custom-discs	discs	自定义唱片	Custom Discs	hmcl	3980
		custom-entity-leveling	custom_entity_leveling	自定义实体等级	Custom Entity Leveling	hmcl	20980
		custom-entity-models-cem	cem	自定义实体模型	Custom Entity Models	hmcl	4138
		custom-entity-models-kaimyentity-reborn		自定义玩家和实体模型 / KAI我的实体：重生	Custom Player & Entity Models/KAIMyEntity-Reborn	hmcl	4272
		custom-explosions	custom-explosion	自定义爆炸	Custom Explosions	hmcl	9012
		custom-item-despawn-duration	custom-item-despawn-duration	自定义掉落物消失时间	Custom Item Despawn Duration	hmcl	15548
		custom-light	custom_light	自定义亮度	Custom Light	hmcl	25421
		custom-main-menu	custommainmenu	自定义主菜单	Custom Main Menu	hmcl	1030
		custom-message	custommessage	自定义消息	Custom Message	hmcl	22992
		custom-mob-spawner	CustomSpawner	自定义生物生成器	Custom Mob Spawner	hmcl	5710
		custom-murder-mystery	murdermystery	自定义谁是杀手	Custom Murder Mystery	hmcl	26472
		custom-npcs	AdvNPCs	自定义NPC	Custom NPCs	hmcl	45
		custom-npcs	customnpcs	自定义NPC	Custom NPCs	hmcl	45
		custom-player-model-cpm	custommodel	自定义玩家模型	Custom Player Model	hmcl	2538
		custom-player-models	cpm	自定义玩家模型	Customizable Player Models	hmcl	6090
		custom-portal-api-forge	customportalapi	自定义传送门 API Forge 版	Custom Portal API [Forge]	hmcl	10354
		custom-portals	customportals	自定义传送门	Custom Portals	hmcl	13806
		custom-ports	lan	自定义局域网端口	Custom LAN Ports	hmcl	2899
		custom-potion-color	custompotioncolor	自定义药水颜色	Custom Potion Color	hmcl	24022
		custom-professions	spacecatcustomprofessions	自定义村民职业	Custom Villager Professions	hmcl	6282
		custom-recipes	customrecipes	自定义合成表	Custom Recipes	hmcl	99
		custom-sapling	custom_sapling	自定义树苗	Custom Sapling	hmcl	23847
		custom-selection-box-port	csb	自定义选择框	Custom Selection Box	hmcl	1691
		custom-shop	custom_shop	自定义商店	CustomShop	hmcl	8074
		custom-splash-screen	customsplashscreen	自定义加载界面	Custom Splash Screen	hmcl	4202
		custom-stars	customstars	自定义星星	Custom Stars	hmcl	7111
		custom-starter-gear	customstartinggear	自定义初始装备	Custom Starter Gear	hmcl	1918
		custom-stuff-3	CustomStuff3	自定义物品3	Custom Stuff 3	hmcl	503
		custom-stuff-4	customstuff4	自定义物品4	Custom Stuff 4	hmcl	923
		custom-suspicious-stew	customsuspiciousstew	自定义谜之炖菜	Custom Suspicious Stew	hmcl	17384
		custom-totem-particles	custom-totem-particles	自定义图腾粒子	Custom Totem Particles	hmcl	24792
		custom-village	custom_village_hileb	村民调教	Custom Village	hmcl	11783
		custom-villager-trades-forge	customvillagertrades	自定义村民交易	Custom Villager Trades	hmcl	9491
		custom-villager-trades-new	customvillagertrades	自定义村民交易	Custom Villager Trades	hmcl	8176
		custom-villagers	customvillagers	自定义村民	Custom Villagers	hmcl	11291
		custom-void	customvoid	自定义虚空	Custom Void	hmcl	7337
		custom-window-title	customwindowtitle	自定义窗口标题	Custom Window Title	hmcl	7427
		custom-world-generation	custom_worldgen	自定义世界生成	Custom World Generation	hmcl	12158
		custom-world-icons	customworldicons	自定义世界图标	Custom World Icons	hmcl	10805
		customdrones	drones	自定义无人机	CustomDrones	hmcl	1978
		customemoji	customemoji	自定义表情	CustomEmoji	hmcl	14674
		customfishing	customfishing	随液钓趣	CustomFishing	hmcl	15755
		customhud	custom_hud	自定义HUD	CustomHud	hmcl	4490
		customizable-elytra	customizableelytra	可自定义鞘翅	Customizable Elytra	hmcl	4579
		customizable-player-health	customizable_player_health	可自定义的玩家生命值	Customizable Player Health	hmcl	23156
		customized	customized	食尚臻制	Customized	hmcl	19232
		customnpc-plus	customnpcs	自定义NPC+	CustomNPC+	hmcl	5415
		customnpcs-unofficial	customnpcs	自定义NPC 非官方版	CustomNPCs Unofficial	hmcl	15373
		customnpcs-unofficial-from-betazavr		自定义 NPC BetaZavr 非官方版	CustomNPCs Unofficial from BetaZavr	hmcl	20316
		customnpcsreborn	customnpcs	自定义NPC：重生	Custom NPCs Reborn	hmcl	5547
		customoregen	CustomOreGen	自定义矿物生成	Custom Ore Generation	hmcl	330
		customskinloader	customskinloader	万用皮肤补丁	CustomSkinLoader	hmcl	883
		customthings	customthings	自定义物品	CustomThings	hmcl	1021
		customui	customui	自定义UI	CustomUI	hmcl	13305
		cute-ships	cute_ships	萌系船只	Cute Ships	hmcl	26910
		cute-ships	cuteships	萌系船只	Cute Ships	hmcl	26910
		cute-words-chat-replacer	cutewords	雅言订正/聊天内容替换	Cute Words	hmcl	16492
		cutepenguins		可爱的企鹅	Cute Penguins	hmcl	10779
		cutt-promix	cutt_promix	砧板乐事	Pro Assistant Cutting Board	hmcl	22936
		cyanide	cyanide	氰化物	Cyanide	hmcl	11907
		cyber-cultivator-bio-synthesis	cybercultivator	赛博农夫	Cyber-Cultivator-Bio-Synthesis	hmcl	28824
		cybernetic-system	cybernetic_system	赛博系统	Cybernetic System	hmcl	18140
		cyberware	cyberware	机械改造	Cyberware	hmcl	875
		cyclic	cyclic	循环	Cyclic	hmcl	834
		cyclic	cyclicmagic	循环	Cyclic	hmcl	834
		cyclopstek	cyclopstek	独眼巨人	CyclopsTek	hmcl	2128
		d-maneuver-gear	3DManeuverGear	3D立体机动装置	3D Maneuver Gear	hmcl	1826
		dagercraft	dagermod	旧超神之路	DagerCraft	hmcl	18381
		daily-bounty	daily_bounty	每日悬赏	Daily Bounty	hmcl	28558
		daily-dad	dailydad	每日冷笑话	Daily Dad	hmcl	9079
		daily-dad	dailydad_server	每日冷笑话	Daily Dad	hmcl	9079
		daker-acg	daker_acg	Daker ACG工艺	DakerACG	hmcl	14685
		dakimakura-mod	dakimakuramod	抱枕	Dakimakura Mod	hmcl	1260
		damage-control	dmgcontrol	伤害控制	Damage Control	hmcl	1929
		damage-correction	damage_correction	伤害补正	Damage Correction	hmcl	24092
		damage-indicators-fabric-neoforge	retrodamageindicators	伤害显示：扩展版	Damage Indicators (Expanded)	hmcl	25152
		damage-indicators-mod	DamageIndicatorsMod	伤害显示	Damage Indicators	hmcl	1014
		damage-indicators-mod	damageindicatorsmod	伤害显示	Damage Indicators	hmcl	1014
		damage-lock	damage_lock	磁场天锁	Damage Lock	hmcl	13802
		damage-number	damage_number	伤害数字显示	Damage Number	hmcl	14319
		damage-tint	damagetint	伤害色调	Damage Tint	hmcl	4867
		damp	damp	受潮	Damp	hmcl	6434
		dancing-hoppers	dancing_hoppers	舞动的漏斗	Dancing Hoppers	hmcl	12875
		danger-lies-ahead	dangerliesahead	前路危机	Danger Lies Ahead	hmcl	2131
		dangerrpg	dangerrpg	危险RPG	Danger RPG	hmcl	658
		dangerrpg-continuation	dangerrpg	危险RPG：延续	DangerRPG Continuation	hmcl	14762
		dank-storage	dankstorage	黑盒存储	Dank Storage	hmcl	6290
		danmakucore	danmakucore	弹幕核心	DanmakuCore	hmcl	952
		dans-crafting-tweaks		合成辅助非官方版	Crafting Tweaks Unofficial	hmcl	6789
		dark-caverns	dark_caverns	暗黑深穴	Dark Caverns	hmcl	4847
		dark-enchanting	dark-enchanting	暗黑附魔	Dark Enchanting	hmcl	4336
		dark-loading-screen	dark-loading-screen	深色加载界面	Dark Loading Screen	hmcl	4550
		dark-mode-everywhere	darkmodeeverywhere	夜间模式无处不在	Dark Mode Everywhere	hmcl	8073
		dark-mode-everywhere-fabric	darkmodeeverywhere	夜间模式无处不在Fabric版	Dark Mode Everywhere - Fabric	hmcl	8076
		dark-shadow-monster	dark_shadow_monster	暗影怪物	Dark Shadow Monster	hmcl	16176
		darkaltarui	darkaltarui	黑暗祭坛UI	DarkAltarUI	hmcl	28286
		darkcore	darkcore	暗黑核心	Darkcore	hmcl	893
		darker-depths	darkerdepths	深岩之下	Darker Depths	hmcl	3960
		darkness-curse	darkness_curse	暗影诅咒·重生	Darkness Curse • Reborn	hmcl	21655
		dartcraft-reloaded	dartcraftreloaded	达特工艺重置版	Dartcraft Reloaded	hmcl	1786
		darwin-sprinting-system	dss	达尔文疾跑系统	Darwin Sprinting System	hmcl	14857
		dashloader	dashloader	疾速加载	DashLoader	hmcl	3841
		data-energistics	data_energistics	数据能源学	Data Energistics	hmcl	28632
		data-packs-helper	datapacks	数据包助手	Data Packs Helper	hmcl	18654
		data-recipe-generator	data_recipe_generator	数据包配方生成器	Data Recipe Generator	hmcl	28213
		datapack-breakpoint	datapack-breakpoint	断点调试	Datapack Debugger	hmcl	15685
		datapack-portals	datapackportals	数据包传送门	Datapack Portals	hmcl	7281
		datapackloaderrorfix	datapackloaderrorfix	数据包错误修复：重生	Datapack Load Error Fix Reborn	hmcl	20024
		datapackrecipemaker	dprm	数据包配方助手	Datapack Recipe Maker	hmcl	2813
		datapacks-screen	datapacksscreen	数据包屏幕	Datapack Screen	hmcl	9013
		davids-furniture	davids_furniture	大卫的家具	David's Furniture	hmcl	14657
		davincis-vessels	davincisvessels	达芬奇之舟/达芬奇的船	Davincis Vessels	hmcl	535
		dawn-of-time	dawnoftimebuilder	时之黎明	Dawn of Time	hmcl	9698
		days-to-mine	sevendaystomine	七日杀	7 Days to Mine	hmcl	7016
		dayz-remastered	future_of_the_dead	DayZ 重制版	DayZ Remastered	hmcl	8154
		dbc-expansion	dbcexpansion	DBC扩展	DBC-Expansion	hmcl	22935
		dbcachievement	dbcachievement	DBC成就	DBCAchievement	hmcl	25417
		dc-render-api	dcrapi	龙咒异闻录渲染API	DC Render API	hmcl	26062
		dcsp	diamondscompressorsp	钻石压缩	Diamonds Compressor SP	hmcl	3920
		deadly-book	deadlybook	致命书本	Deadly Book	hmcl	3411
		deadly-monsters	dmonsters	致命怪物	Deadly Monsters	hmcl	1504
		deadly-world	deadlyworld	致命世界	Deadly World	hmcl	4491
		deadout-medical-supplies	deadout	死亡突围医疗用品	Deadout Medical	hmcl	20649
		deatbutthreereload	deatbutthreereload	逝不过三：重开	Death But Three Reload	hmcl	16916
		death-angels	death_angels	死亡天使	Death Angels	hmcl	16292
		death-backup	deathbackup	死亡备份	Death Backup	hmcl	10725
		death-compass-forge	deathcompass	死亡指南针	Death Compass	hmcl	5785
		death-coords	deathcoords	死亡坐标显示	Death Coords	hmcl	4633
		death-counter	deathcounter	死亡计数器	Death Counter	hmcl	5272
		death-finder	deathfinder	死亡溯源	Death Finder	hmcl	5731
		death-muffler-fix	death_muffler_fix	死亡音效消除器修复	Death Muffler Fix	hmcl	28181
		death-note	deathnote	死亡笔记	Death Note	hmcl	12567
		death-punishment	death_punishment	死亡惩罚	Death Punishment	hmcl	8772
		death-reduces-life	deathpenalty	死亡减少生命值	Death Reduces Life Mod	hmcl	22017
		deathbutthree	deathbutthree	逝不过三	Death But Three	hmcl	10897
		deathlog	deathlog	死亡日志	Deathlog	hmcl	4113
		deathly-hallows	dh	死亡圣器	Deathly Hallows	hmcl	19470
		debris-chunk-raw-netherite-scrap	raw_netherite	残骸碎块	Debris Chunk	hmcl	9808
		decimation-zombie-apocalypse	deci	僵尸启示录	Decimation	hmcl	1432
		decocraft	decocraft	装饰工艺	Decocraft	hmcl	690
		decocraft	props	装饰工艺	Decocraft	hmcl	690
		deconstruction-table	deconstruction	解构工作台	Deconstruction Table	hmcl	238
		decorated-pot-minecart	decorated_pot_minecart	饰纹陶罐矿车	Decorated Pot Minecart	hmcl	13020
		decoration-delight	decoration_delight	装饰乐事	Decoration Delight: Refurbished	hmcl	8317
		decorative-blocks	decorative_blocks	装饰方块	Decorative Blocks	hmcl	2900
		decorative-blocks-fork	decorative_blocks	装饰方块 (分叉版)	Decorative Blocks (Fork)	hmcl	12099
		decorative-blocks-modded-compat	decorative_blocks_abnormals	装饰方块模组兼容	Decorative Blocks modded compat	hmcl	4993
		decorative-computers	decorative_computers	装饰性电脑	DECORATIVE COMPUTERS	hmcl	21794
		decorative-computers	decorativecomputers	装饰性电脑	DECORATIVE COMPUTERS	hmcl	21794
		decorative-food	dfoof	装饰性食物	Decorative Food	hmcl	21166
		deep-aether	deep_aether	深入天境	Deep Aether	hmcl	10145
		deep-mob-learning	deepmoblearning	深度怪物学习	Deep Mob Learning	hmcl	1631
		deep-mob-learning-blood-magic-addon	deepmoblearningbm	深度怪物知识-血魔法插件	Deep Mob Learning - Blood Magic Addon	hmcl	1694
		deep-mob-learning-refabricated	dml-refabricated	深度怪物学习：重制版	Deep Mob Learning: Refabricated	hmcl	3003
		deep-mob-learning-reforged	dmlreforged	深度怪物学习：重铸	Deep Mob Learning: Reforged	hmcl	6377
		deep-resonance	deepresonance	深度共振	Deep Resonance	hmcl	692
		deeper-oceans	deeper_oceans	更深的海洋	Deeper Oceans	hmcl	9124
		deeperdarker	deeperdarker	幽邃黑暗	Deeper And Darker	hmcl	7369
		deepspace	deepspace	深空	DeepSpace	hmcl	10724
		default-key-setup	default_key_setup	默认按键配置	Default Key Setup	hmcl	17262
		default-server-properties	dsp	默认服务器属性	Default Server Properties	hmcl	21896
		defaultsettings	defaultsettings	默认设置	DefaultSettings	hmcl	4783
		defaultworldtype	defaultworldtype	默认世界类型	Default World Type	hmcl	7392
		defenseturrets	defenseturrets	防御炮台	Defense Turrets	hmcl	27193
		defiled-lands	defiledlands	污秽之地	Defiled Lands	hmcl	2133
		defiled-lands-reborn	defiled_lands_reborn	污秽之地重置版	Defiled Lands Reborn	hmcl	19862
		defiled-lands-reforged	defiledlands	污秽之地重铸版	Defiled Lands Reforged	hmcl	25681
		dehydration	dehydration	脱水	Dehydration	hmcl	3883
		delete-my-origins	DeleteMyOrigins	内置种族禁用	Delete My Origins!	hmcl	16657
		delightful-creators-forge	delightfulcreators	动力乐事	Delightful Creators	hmcl	10896
		delightful-cuisine-for-woodheads-reforged		懒人厨房·重制	Delightful Cuisine for Woodheads Reforged	hmcl	21392
		delighto-flight	delighto_flight	云端之乐	Delight o' Flight	hmcl	22150
		delta-delight	delta_delight	三角洲乐事	Delta's Delight	hmcl	26008
		delta-hard-mode	deltahardmode	Delta 困难模式	Delta Hard Mode	hmcl	1653
		delta-technology	delta	八宝粥行动	Delta Technology	hmcl	21139
		deltaforceskills	delta_force_skills	三角洲技艺	Delta Force Skills	hmcl	28063
		demagnetize	demagnetize	消磁	Demagnetize	hmcl	3142
		demon-slayer-mod-kimetu-no-yaiba	kimetsu_no_yaiba	鬼灭之刃	DEMON SLAYER MOD	hmcl	4857
		demonslayer	kimetsunoyaiba	鬼灭之刃	Kimetsu no Yaiba	hmcl	4163
		dense-neutron-collectors	denseneutroncollectors	致密中子态素收集器	Dense Neutron Collectors	hmcl	1638
		dense-ores	denseores	致密矿石	Dense Ores	hmcl	2206
		dense-ores-reborn	dense	致密矿石：重生	Dense Ores Reborn	hmcl	6388
		dental-handbook	dental_handbook	牙科手册	Dental Handbook	hmcl	14815
		depression	depression	抑郁症	Depression	hmcl	15427
		depth-meter	depthmeter	深度计	Depth Meter	hmcl	6250
		desert-village-temple	desert_village_temple	沙漠村庄神殿	Desert Village Temple	hmcl	26399
		desert-watchtower	desert_watchtower	沙漠瞭望塔	Desert Watchtower	hmcl	26403
		designer-modeling	designermodeling	设计师建模	Designer Modeling	hmcl	5422
		desolation-forge	desolation	荒芜	Desolation	hmcl	4723
		desolation-reburn-forge		荒芜：重燃	Desolation: Reburn (Forge)	hmcl	27181
		despawn-notifier	despawnnotifier	余影待终/掉落物消失提醒	Despawn Notifier	hmcl	20315
		destruction-difficulty	destructiond	破坏困难	Destruction Difficulty	hmcl	12922
		detail-armor-bar-forge	detailab	细节盔甲	Detail Armor Bar	hmcl	4590
		detail-armor-bar-re-equipment	detailab	细节盔甲条：重装	Detail Armor Bar Re-equepment	hmcl	21571
		detailab-compat	detailab_compat	细节盔甲兼容	Detail Armor Bar Compat	hmcl	21399
		detailed-technology	dt	细节科技	Detailed Technology	hmcl	3289
		devil-fruits	devilfruits	恶魔果实	Devil Fruits	hmcl	6035
		devil-may-cry-weapons	dmcweapons	鬼泣武器	Devil May Cry Weapons	hmcl	5181
		devtech	devtech	GTCEu-CrT开发套件	Devtech	hmcl	3259
		dgmodules	dgmodules	DG 模块	DG Modules	hmcl	24543
		diabloloot	diabloloot	暗黑破坏神战利品	DiabloLoot - Bosses Update	hmcl	4928
		diagonal-panes	fabric-diagonal-panes	对角线玻璃板	Diagonal Panes	hmcl	1935
		dialog	dialog	对话框	Dialog	hmcl	8986
		diamethysts	diamethysts	紫晶钻！	Diamethysts!	hmcl	7087
		diamond-buildcraft	diamond	钻石装饰	Diamond Buildcraft	hmcl	4496
		diamond-economy	diamondeconomy	钻石经济	Diamond Economy	hmcl	10044
		diamond-ingots	diamondingots	钻石锭	Diamond Ingots	hmcl	8431
		did-that-hurt	damage_hud	疼吗?	Did That Hurt?	hmcl	27920
		diet	diet	均衡饮食	Diet	hmcl	3599
		diet-appleseed-edition	appleseed	饮食均衡-苹果籽版	Diet - AppleSeed Edition	hmcl	26927
		diet-hoppers	diethopper	漏斗碰撞箱修复	Diet Hoppers	hmcl	1514
		diggus-maximus	diggusmaximus	连锁挖掘	Diggus Maximus	hmcl	3080
		diggus-maximus-reborn	diggusmaximus	连锁挖掘重制版	Diggus Maximus Reborn	hmcl	16037
		digi-applimobs	digi_applimobs	数码宝贝宇宙应用怪兽	Digi Applimobs	hmcl	12345
		digimobs	digimobs	数码宝贝	Digimobs	hmcl	1000
		digital-miner-filter	minerfilter	数字型采矿机过滤卡	Digital Miner Filter	hmcl	27778
		diligentstalker	diligentstalker	勤劳跟踪狂	Diligent Stalker	hmcl	19577
		dimban	dimban	维度禁用	DimBan	hmcl	21288
		dimension-corrosion-crystal	dcc	次元：侵蚀结晶	Dimension Corrosion Crystal	hmcl	28652
		dimension-data-fix	dimension_data_fix	维度数据修复	Dimension Data Fix	hmcl	5891
		dimension-inventorys	DimensionInventorys	维度物品栏	Dimension Inventorys	hmcl	13624
		dimension-of-caves	dimension_of_caves	Alex的洞穴维度	Dimension of Caves	hmcl	19436
		dimension-parasite	dimension_parasite	维度寄生者	Dimension Parasite	hmcl	21765
		dimension-rules	dimensionrules	维度规则	Dimension Rules	hmcl	13625
		dimension-stages	dimstages	维度阶段	Dimension Stages	hmcl	5273
		dimensional-dungeons	dimdungeons	维度地牢	Dimensional Dungeons	hmcl	4659
		dimensional-edibles	dimensionaledibles	维度食物	Dimensional Edibles	hmcl	1463
		dimensional-paintings	dimpaintings	维度绘画	Dimensional Paintings	hmcl	6888
		dimensional-pockets	dimensionalPockets	四次元口袋	DimensionalPockets	hmcl	441
		dimensional-pockets-ii	dimensionalpocketsii	四次元口袋2	Dimensional Pockets II	hmcl	7930
		dimensional-sync-fixes	dimensionalsyncfixes	维度同步修复	Dimensional Sync Fixes	hmcl	9400
		dimensional-teleporter	iwalinersmod	维度传送器	Dimensional Teleporter	hmcl	22074
		dimensionaldoors	dimdoors	次元门	Dimensional Doors	hmcl	166
		dimensionalores	dimores	维度矿石	DimensionalOres	hmcl	4921
		dimensions-of-alexs-caves	alex_caves_dimensions	Alex的洞穴：维度	Dimensions-of-Alex's-Caves	hmcl	23039
		dimstorage	dimstorage	维度存储	DimStorage	hmcl	6510
		dimtpcmd	dimtpcmd	维度传送指令	DimtpCmd	hmcl	11894
		ding	ding	界面进入提醒	Ding	hmcl	428
		dirt-tools-and-armor	dirtequipment	泥土工具与盔甲	Dirt Tools and Armor	hmcl	19065
		dirtcraft	dirtcraft	泥土工艺	DirtCraft	hmcl	2310
		dirtcraft-unoffical	dirtcraft	泥土工艺 - 非官方版	DirtCraft - Unofficial	hmcl	21401
		dirtnt	dirtnt	泥土TNT	DirTNT	hmcl	11676
		dirty-bowls-delight	dirtybowlsdelight	脏碗乐事	Dirty Bowls Delight	hmcl	22937
		disable-enderman-picking-up-blocks	disable_enderman_picking_up_blocks	禁用末影人搬运	Disable Enderman Picking Up Blocks	hmcl	8519
		disable-structures	disablestructures	禁用结构	Disable Structures	hmcl	22648
		disable-villages-generation	mr_disable_villagesgeneration	禁用村庄生成	Disable Villages Generation	hmcl	26568
		disabletools	disable_vanilla_tool	禁用工具	Disable Tools	hmcl	13006
		disc-recipes	craftable_discs	唱片合成	Disc Recipe	hmcl	20161
		discerning-the-eldritch	discerning_the_eldritch	窥玄探秘	Discerning The Eldritch	hmcl	17297
		diseasecraft	DiseaseCraft	疾病	Disease Craft	hmcl	637
		diseasecraft	diseasecraft	疾病	Disease Craft	hmcl	637
		disenchantment-edit-table	editenchanting	祛魔编辑台	Disenchantment Edit Table	hmcl	4833
		display-delight	displaydelight	展示乐事	Display Delight	hmcl	17200
		display-tool	display_tool	生物显血·极轻量版	Display Tool	hmcl	25116
		displaycase	display_case	陈列柜	Display Case	hmcl	6884
		displayed	display	展示	Display	hmcl	18828
		disturb-not-my-dream	dnmd	勿扰吾梦 / 起床气	Disturb Not My Dream	hmcl	19177
		divine-favor	divinefavor	神的恩惠	Divine Favor	hmcl	2354
		divine-missions	divine_missions	神圣任务	Divine Missions	hmcl	5045
		divineweapon	dweapon	神兵	DivineWeapon	hmcl	1989
		diy_title	diytitle	自定义名称前后缀	diy_title	hmcl	2432
		dlc-manager	dlc_manager	DLC管理器	DLC Manager	hmcl	24146
		dlt2	dynamictanks	动态蓄水槽	Dynamic Liquid Tanks	hmcl	168
		dm2		龙骑士2	Dragon Mounts 2	hmcl	1790
		dmr	dmr	龙骑士重制版	Dragon Mounts Remastered	hmcl	21132
		dodgebullettime	dodgebullettime	闪避子弹时间	DodgeBulletTime	hmcl	28291
		doespotatotick	does_potato_tick	远物停载：土豆版	Does Potato Tick?	hmcl	9249
		doespotatotick	doespotatotick	远物停载：土豆版	Does Potato Tick?	hmcl	9249
		doggy-talent-continuation		小狗天才：延续	Doggy Talents Continuation	hmcl	14784
		doggy-talents	doggytalents	小狗天才	Doggy Talents	hmcl	206
		dojutsu-addon	dojutsu_addon	瞳术拓展	Dojutsu Addon	hmcl	26442
		dojutsu-slot	dojutsu_slot	瞳术槽位	Dojutsu Slot	hmcl	25919
		dokimobs	dokimobs	萌化生物	DokiMobs	hmcl	19255
		domestication-innovation	domesticationinnovation	驯养革新	Domestication Innovation	hmcl	5827
		domestication-innovation-fixed		驯养革新修复版	Domestication Innovation Fixed	hmcl	22968
		dong-dongs-random-creation	dongdongmod	冬冬的随意创作	Dong Dong's random creation	hmcl	4372
		dont-get-hurt	dgh	无伤大雅	Dont Get Hurt	hmcl	23275
		dont-make-me-see-red	dontmakemeseered	别让我红温	Dont Make Me See Red	hmcl	21464
		dont-touch-my-datapack	dtmd	别碰我的数据包	Don't Touch My Datapack	hmcl	25686
		dontstarve	dontstarve	不要饿死2	DontStarve2	hmcl	5064
		dontstarve-moss-edition	dontstarve	不要饿死：Moss版	Don't Starve: Moss Edition	hmcl	22123
		dontstarve4	ds4	不要饿死4	Don't Starve 4	hmcl	19582
		dontusecommand	dontusecommand	请别用指令	DontUseCommand	hmcl	13119
		dooglamoo-jr-archaeology	dooglamoojuniorarchaeology	Dooglamoo 的考古学	Dooglamoo Jr. Archaeology	hmcl	18817
		dooglamoo-painter-mod	dooglamoopainter	Dooglamoo 的绘画	Dooglamoo Painter Mod	hmcl	19344
		dooglamoo-painter-mod	dooglamoopaintermod	Dooglamoo 的绘画	Dooglamoo Painter Mod	hmcl	19344
		dooglamoo-worlds	dooglamooworlds	Dooglamoo的世界	Dooglamoo Worlds	hmcl	1380
		doomsday-decoration	doomsday_decoration	末日装饰	Doomsday Decoration	hmcl	17818
		doph	doph	远程命中提示	Ding On Projectile Hit	hmcl	6677
		double-doors	doubledoors	双开门	Double Doors	hmcl	5359
		double-doors	slopes	双开门	Double Doors	hmcl	5359
		double-hotbar	double_hotbar	双重快捷栏	Double Hotbar	hmcl	6392
		double-slabs	doubleslabs	双重台阶	Double Slabs	hmcl	3328
		draconic-evolution	draconicevolution	龙之进化/龙之研究	Draconic Evolution	hmcl	423
		draconic-legacy-models	olddraconicmodels	龙之进化旧版模型	Draconic Legacy Models	hmcl	21195
		draconicadditions	draconicadditions	龙之进化拓展	Draconic Additions	hmcl	1596
		draggable-lists	draggable-resource-packs	可拖动列表 / 可拖动资源包	Draggable Lists / Draggable Resource Packs	hmcl	4654
		dragit	dragit	图片拖拽	DragIt	hmcl	25020
		dragon-barrel-roll	dragon_barrel_roll	龙之生存：滚筒飞行	Dragon Barrel Roll	hmcl	27323
		dragon-curse-chronicles	dcc	龙咒异闻录	Dragon Curse Chronicles	hmcl	26063
		dragon-drops-elytra	dragondropselytra	末影龙掉落鞘翅	Dragon Drops Elytra	hmcl	10094
		dragon-egg-replicator	dd	龙蛋复制器	Dragon Egg Replicator	hmcl	3439
		dragon-magic-and-relics	dragonmagicandrelics	神龙魔法与遗物	Dragon Magic And Relics	hmcl	8703
		dragon-mounts	DragonMounts	龙坐骑/龙骑士	Dragon Mounts	hmcl	228
		dragon-mounts-2	dragonmounts	龙骑士2：延续	DragonMounts2: Expanded	hmcl	17107
		dragon-mounts-3	dragonmounts	龙骑士3	Dragon Mounts 3	hmcl	5727
		dragon-mounts-even-more-dragons	evenmoredragons	龙骑士附属：附加龙	Dragon Mounts: Even More Dragons	hmcl	15353
		dragon-mounts-legacy	dragonmounts	龙骑士：传承	Dragon Mounts: Legacy	hmcl	2415
		dragon-mounts-legacy-continued	dragonmounts	龙骑士重制版延续	Dragon Mounts Legacy Continued	hmcl	12821
		dragon-mounts-more-dragons	moredragons	龙骑士附属：更多龙	Dragon Mounts: More Dragons	hmcl	14345
		dragon-movement-fix	dragon-movement-fix	末影龙移动修复	Dragon Movement Fix	hmcl	25208
		dragon-movement-fix	mr_dragon_movementfix	末影龙移动修复	Dragon Movement Fix	hmcl	25208
		dragon-rings	dragon_rings	龙之赛环	Dragon Rings	hmcl	23994
		dragon-survival-compatibility	dragonsurvival_compatibility	龙之生存：兼容	Dragon Survival Compatibility	hmcl	11852
		dragon-survival-iaf-integration	dragon_survival_iaf_integration	龙之生存：冰火兼容	Dragon Survival: IAF Integration	hmcl	25884
		dragon-wings	dragon_wings	龙翅膀	Dragon Wings	hmcl	22794
		dragonloot	dragonloot	龙战利品	DragonLoot	hmcl	5534
		dragonoptifix	dragonoptifix	DragonBlockC 与 OptiFine 的兼容修复	DragonOptiFix	hmcl	15929
		dragons-survival	dragonsurvival	龙之生存	Dragon Survival	hmcl	3838
		dragontech	DragonScalesEX	龙之科技/龙鳞实验版	DragonTech / Dragon Scales EX / DragonScales	hmcl	1235
		dragontech	dragontech	龙之科技/龙鳞实验版	DragonTech / Dragon Scales EX / DragonScales	hmcl	1235
		drawerfps	drawerfps	储物抽屉渲染配置	DrawerFPS	hmcl	3893
		drawerfps-legacy	drawerfps	储物抽屉渲染配置：遗产	DrawerFPS Legacy	hmcl	7966
		drawers-tooltip	drawerstooltip	抽屉提示	Drawers Tooltip	hmcl	3669
		drawerstorage-keychain	drawer_keychain	抽屉钥匙扣	DrawerStorage Keychain	hmcl	5037
		draylars-battle-towers	battletowers	Draylar的战斗高塔	Draylar's Battle Towers	hmcl	4784
		drcyanos-lootable-bodies	lootable	可拾取尸体	DrCyano's Lootable Bodies	hmcl	2907
		dreadsteel	dreadsteel	悚怖钢	Dreadsteel	hmcl	7923
		dream-champions	dream_champions	旧梦词条	Dream Champions	hmcl	28803
		dream-cocoon	dream_cocoon	睡梦包裹	Dream Cocoon	hmcl	26770
		dream-relics	dream_relics	旧梦遗物	Dream Relics	hmcl	26340
		dream-sakura-blue-archive	dream_sakura_blue_archive	碧蓝档案光环 (梦樱版)	Dream Sakura Blue Archive	hmcl	28444
		dream-waifu-mod	waifucraft	梦中情人	Dream Waifu mod	hmcl	4281
		dreamtinker	dreamtinker	工匠幻梦	DreamTinker	hmcl	19172
		dregora	dregora	德雷戈拉	Dregora	hmcl	3462
		drg-laser-pointer	drglaserpointer	深岩银河激光指示器	DRG Laser Pointer	hmcl	16579
		drill	drill	钻头	Drill	hmcl	4105
		drink-beer-fabric	drinkbeer	喝啤酒啦	Drink Beer	hmcl	4585
		drink-beer-refill	drinkbeer	喝啤酒啦：再来一杯	Drink Beer Refill	hmcl	8400
		drink-it-forge	drinkit	喝！	Drink It!	hmcl	5841
		drink-it-refoxed	drinkit	喝！重生	Drink It! Refoxed	hmcl	19123
		drink-mod	drinksmod	饮料模组	Drink Mod	hmcl	2697
		drippy-loading-screen	drippyloadingscreen	自定义游戏加载界面	Drippy Loading Screen	hmcl	5532
		drippy-loading-screen	fancymenu	自定义游戏加载界面	Drippy Loading Screen	hmcl	5532
		drive-by-wire	drivebywire	线缆控制	Drive-By-Wire	hmcl	18675
		drive-by-wire-with-sable	Drive-By-Wire	线缆控制：Sable兼容	Drive-By-Wire With Sable	hmcl	26749
		drone-fpv		FPV无人机	Drone FPV	hmcl	26090
		drop-container-contents	dropper	一键搬空	Drop Container Contents	hmcl	26128
		drop-down-keybindings	dropdown_keybindings	下拉式按键绑定	Drop-Down Keybindings	hmcl	26439
		drop-force	drop_force	掉落力	Drop Force	hmcl	23503
		drop-multiplier	dropmultiplier	多倍掉落	Drop Multiplier	hmcl	26494
		drop-the-meat	dropthemeat	肉多多	Drop the Meat	hmcl	6019
		dropped-item-tweaks	droppeditemtweaks	掉落物调整	Dropped Item Tweaks	hmcl	16907
		dropsweeper	dropsweeper	掉落物扫地姬		hmcl	27912
		drp-global-datapack	drpglobaldatapack	全局数据包	Global Packs/Global Data & Resourcepacks	hmcl	2826
		drp-global-datapack	globaldataandresourcepacks	全局数据包	Global Packs/Global Data & Resourcepacks	hmcl	2826
		drp-global-datapack	globalpacks	全局数据包	Global Packs/Global Data & Resourcepacks	hmcl	2826
		druidcraft	druidcraft	德鲁伊工艺	Druidcraft	hmcl	3479
		ds-difficulty-steam	difficulty_steam	难度系统/难度蒸汽	Difficulty Steam	hmcl	27677
		dt3	dontstarve3	不要饿死3	DontStarve3	hmcl	6742
		dtbop	dtbop	动态的树：超多生物群系附属	Dynamic Trees - Biomes O' Plenty Compat	hmcl	1948
		dtbop	dynamictreesbop	动态的树：超多生物群系附属	Dynamic Trees - Biomes O' Plenty Compat	hmcl	1948
		dtphc	dynamictreesphc	动态的树：潘马斯附属	Dynamic Trees - Pam's Harvestcraft Compat	hmcl	1878
		dttc	dynamictreestc	动态的树：神秘时代附属	Dynamic Trees - Thaumcraft Compat	hmcl	1947
		duacan-delight	duacandelight	岩城乐事	Duacan Delight	hmcl	21395
		dual-hotbar	dualhotbar	双重快捷栏	Dual Hotbars	hmcl	2969
		dual-hotbar-1-12-2	dualhotbar	双重快捷栏1.12.2	Dual Hotbars 1.12.2	hmcl	2967
		dualwielding	dualwielding	双持	DualWielding	hmcl	6591
		duarm	du_arm	羽化盔甲	DuArm	hmcl	17716
		ductwork	ductwork	管道	Ductwork	hmcl	18150
		dummycritfix	dummycritfix	试验假人暴击修复	DummyCritFix	hmcl	28239
		dumplings-delight	dumplings_delight	饺子乐事	Dumplings Delight	hmcl	6822
		dumplings-delight-bedrock-unofficial		饺子乐事基岩版	Dumplings Delight Bedrock (Unofficial)	hmcl	21313
		dumplings-delight-reload	dumplings_delight	饺子乐事：重启	Dumplings Delight Reload	hmcl	16428
		dungeon-and-taverns	mr_dungeons_andtaverns	地下城与酒馆	Dungeons and Taverns	hmcl	10835
		dungeon-now-loading	dungeonnowloading	地牢进行时	Dungeon Now Loading	hmcl	4381
		dungeon-tactics	dungeontactics	地牢战术	Dungeon Tactics	hmcl	2473
		dungeon-tools-2	DungeonTools	地牢工具 2	Dungeon Tools 2	hmcl	21604
		dungeons-gear	dungeons_gear	地下城装备	Dungeons Gear	hmcl	3634
		dungeons-mobs	dungeons_mobs	地下城生物	Dungeons Mobs	hmcl	4436
		dungeons2	dungeons2	自定义地牢 2	Dungeons 2	hmcl	2475
		dungeonsdelight	dungeonsdelight	地牢乐事	Dungeons Delight	hmcl	19620
		duplicationless	duplicationless	复演结/コピーの終結	Duplicationless	hmcl	23393
		durability-show	DurabilityShow	耐久度显示	Durability Show	hmcl	28173
		durability-show	durabilityshow	耐久度显示	Durability Show	hmcl	28173
		durability-viewer	Durability Viewer	耐久显示器	Durability Viewer	hmcl	2957
		durability-viewer	DurabilityViewer	耐久显示器	Durability Viewer	hmcl	2957
		dust-and-ash	dustandash	尘与烬	Dust and Ash	hmcl	16749
		dvs	dvs	自定义魔戒小建筑	DVS	hmcl	14827
		dwarf-miner-totem	dwarf_miner	矮人矿工	Dwarf Miner Totem	hmcl	3612
		dwarven-realm	drealm	矮人诸国	Dwarven Realm	hmcl	14841
		dye-it-yourself	diy	自动染色	Dye It Yourself	hmcl	1094
		dyeable-compasses	dyeablecompasses	染色指南针	Dyeable Compasses	hmcl	10596
		dyeable-compasses	dyeblecompasses	染色指南针	Dyeable Compasses	hmcl	10596
		dyeable-flower-pots	dyeable_flower_pots	染色花盆	More Flower Pots / Dyeable Flower Pots	hmcl	2672
		dyeable-flower-pots	more_flower_pots	染色花盆	More Flower Pots / Dyeable Flower Pots	hmcl	2672
		dyeable-redstone-signal	dyeable_redstone_signal	染色红石信号	Dyeable Redstone Signal	hmcl	6703
		dynamic-crosshair	dynamiccrosshair	动态准星	Dynamic Crosshair	hmcl	6559
		dynamic-crosshair-compat	dynamiccrosshaircompat	动态准星兼容	Dynamic Crosshair Compat	hmcl	8322
		dynamic-dynamos	dyndyn	能源炉动画	Dynamic Dynamos	hmcl	2728
		dynamic-fps	dynamic_fps	动态 FPS	Dynamic FPS	hmcl	3074
		dynamic-fps	dynamicfps	动态 FPS	Dynamic FPS	hmcl	3074
		dynamic-lights	DynamicLights	动态光源	Dynamic Lights	hmcl	295
		dynamic-lights	DynamicLights_creepers	动态光源	Dynamic Lights	hmcl	295
		dynamic-lights	DynamicLights_dropItems	动态光源	Dynamic Lights	hmcl	295
		dynamic-lights	DynamicLights_entityClasses	动态光源	Dynamic Lights	hmcl	295
		dynamic-lights	DynamicLights_flameArrows	动态光源	Dynamic Lights	hmcl	295
		dynamic-lights	DynamicLights_mobEquipment	动态光源	Dynamic Lights	hmcl	295
		dynamic-lights	DynamicLights_onFire	动态光源	Dynamic Lights	hmcl	295
		dynamic-lights	DynamicLights_otherPlayers	动态光源	Dynamic Lights	hmcl	295
		dynamic-lights	DynamicLights_thePlayer	动态光源	Dynamic Lights	hmcl	295
		dynamic-lights	dynamiclights	动态光源	Dynamic Lights	hmcl	295
		dynamic-registrar	dynamicregistrar	动态注册	Dynamic Registrar	hmcl	24256
		dynamic-sound-filters	dynamicsoundfilters	动态声音滤波器	Dynamic Sound Filters	hmcl	3541
		dynamic-stealth	dynamicstealth	动态潜行	Dynamic Stealth	hmcl	1671
		dynamic-surroundings	dsurround	动态环境/动态环绕	Dynamic Surroundings	hmcl	1083
		dynamic-surroundings	dsurroundcore	动态环境/动态环绕	Dynamic Surroundings	hmcl	1083
		dynamic-surroundings-environs	environs	动态环境：周边环境	Dynamic Surroundings: Environs	hmcl	2712
		dynamic-surroundings-huds	dshuds	动态环境：信息显示	Dynamic Surroundings: HUDs	hmcl	1500
		dynamic-surroundings-mobeffects	mobeffects	动态环境：生物效果	Dynamic Surroundings: MobEffects	hmcl	2711
		dynamic-surroundings-soundcontrol	sndctrl	动态环境：音效控制	Dynamic Surroundings: SoundControl	hmcl	2701
		dynamic-sword-skills	dynamicswordskills	动态剑技	Dynamic Sword Skills	hmcl	1885
		dynamic-tooltips	dynamictooltips	动态提示框	Dynamic Tooltips	hmcl	19444
		dynamic-transport	dynamictransport	动态运输	Dynamic Transport	hmcl	2265
		dynamic-trees-ars-nouveau	dtarsnouveau	动态的树：新生魔艺附属	Dynamic Trees - Ars Nouveau	hmcl	11352
		dynamic-trees-atum-2	dtatum	动态的树：阿图姆2附属	Dynamic Trees - Atum 2	hmcl	4415
		dynamic-trees-autumnity	dtautumnity	动态的树：秋原附属	Dynamic Trees - Autumnity	hmcl	15334
		dynamic-trees-byg	dtbyg	动态的树：你将去的生物群系附属	Dynamic Trees - Oh The Biomes You'll Go	hmcl	6292
		dynamic-trees-caverns-and-chasms	dtcavernsandchasms	动态的树：Caverns & Chasms 附属	Dynamic Trees - Caverns & Chasms	hmcl	19432
		dynamic-trees-compatibility-for-climatic-biomes	climaticbiomesdt	动态的树：气候生态群系附属	Dynamic Trees Compatibility for Climatic Biomes	hmcl	1949
		dynamic-trees-corvus	dynamictreescorvus	动态的树：Corvus 附属	Dynamic Trees - Corvus	hmcl	6428
		dynamic-trees-cuisine	dynamictreescuisine	动态的树：料理工艺附属	Dynamic Trees - Cuisine	hmcl	6403
		dynamic-trees-defiled-lands	dynamictreesdefiledlands	动态的树：污秽之地附属	Dynamic Trees - Defiled Lands	hmcl	5451
		dynamic-trees-ecologics	dtecologics	动态的树：丰富的生态附属	Dynamic Trees - Ecologics	hmcl	15624
		dynamic-trees-extra-utilities-2	dynamictreesextrautils2	动态的树：更多实用设备2附属	Dynamic Trees - Extra Utilities 2	hmcl	6407
		dynamic-trees-for-beachparty	dtbeachparty	动态的树：沙滩派对附属	Dynamic Trees for Beachparty	hmcl	15338
		dynamic-trees-for-better-end	dtbetterend	动态的树：更好的末地附属	Dynamic Trees for BetterEnd	hmcl	15333
		dynamic-trees-for-bloomingnature	dtbloomingnature	动态的树：绽芳自然附属	Dynamic Trees for BloomingNature	hmcl	15335
		dynamic-trees-for-fruit-trees	dtfruitfulfun	动态的树：妙趣果园 🍊附属	Dynamic Trees for Fruitful Fun 🍊	hmcl	15332
		dynamic-trees-for-hungteens-plants-vs-zombies-mod	dtpvz	动态的树：HungTeen的植物大战僵尸附属	Dynamic Trees for PVZ	hmcl	6475
		dynamic-trees-for-meadow	dtmeadow	动态的树：青青草甸附属	Dynamic Trees for Meadow	hmcl	15337
		dynamic-trees-for-natures-spirit	dtnatures_spirit	动态的树：自然之灵附属	Dynamic Trees for Nature's Spirit	hmcl	15202
		dynamic-trees-for-sakura	dtsakuracompact	动态的树：樱附属	Dynamic Trees for Sakura	hmcl	5440
		dynamic-trees-for-vinery	dtvinery	动态的树：葡园酒香附属	Dynamic Trees for Vinery	hmcl	15339
		dynamic-trees-forbidden-arcanus	dtforbiddenarcanus	动态的树：禁忌与奥秘附属	Dynamic Trees - Forbidden And Arcanus	hmcl	6426
		dynamic-trees-gregtech-ceu-rubber-tree	gtcedyntree	动态的树：格雷科技社区版：非官方版附属	Dynamic Trees - GregTech CEu	hmcl	7855
		dynamic-trees-hexerei	dthexerei	动态的树：魔法巫师附属	Dynamic Trees - Hexerei	hmcl	11347
		dynamic-trees-industrial-craft-2	dynamictreesic2	动态的树：工业2附属	Dynamic Trees - Industrial Craft 2	hmcl	2879
		dynamic-trees-integrated-dynamics	dynamictreesintegrateddynamics	动态的树：动态联合/集成动力附属	Dynamic Trees - Integrated Dynamics	hmcl	3763
		dynamic-trees-jurassicraft	dynamictreesjurassicraft	动态的树：侏罗纪时代附属	Dynamic Trees - JurassiCraft	hmcl	6423
		dynamic-trees-mystical-biomes	dtmysticalbiomes	动态的树：Mystical Biomes 附属	Dynamic Trees - Mystical Biomes	hmcl	6429
		dynamic-trees-natures-aura	dtnaturesaura	动态的树：自然灵气附属	Dynamic Trees - Nature's Aura	hmcl	6424
		dynamic-trees-neapolitan	dtneapolitan	动态的树：那不勒斯风味附属	Dynamic Trees - Neapolitan	hmcl	4408
		dynamic-trees-pams-harvestcraft-2	dtphc2	动态的树：潘马斯农场2 - 果树附属	Dynamic Trees Pam's Harvestcraft 2: Trees	hmcl	11346
		dynamic-trees-quark	dtquark	动态的树：夸克附属	Dynamic Trees - Quark	hmcl	5579
		dynamic-trees-quark	dynamictreesquark	动态的树：夸克附属	Dynamic Trees - Quark	hmcl	5579
		dynamic-trees-roots	dynamictreesroots	动态的树：根源魔法附属	Dynamic Trees Roots	hmcl	6414
		dynamic-trees-tech-reborn	dynamictreestechreborn	动态的树：科技复兴附属	Dynamic Trees - Tech Reborn	hmcl	8210
		dynamic-trees-tectonic	dttectonic	动态的树：Tectonic附属	Dynamic Trees - Tectonic	hmcl	8734
		dynamic-trees-terraforged	dtterraforged	动态的树：TerraForged 附属	Dynamic Trees - TerraForged	hmcl	6427
		dynamic-trees-terralith	dtterralith	动态的树：Terralith附属	Dynamic Trees - Terralith	hmcl	15336
		dynamic-trees-the-aether-legacy	dynamictreestheaether	动态的树：天境附属	Dynamic Trees - The Aether Legacy	hmcl	6402
		dynamic-trees-the-betweenlands	dynamictreestbl	动态的树：交错次元附属	Dynamic Trees - The Betweenlands	hmcl	6233
		dynamic-trees-the-twilight-forest	dynamictreesttf	动态的树：暮色森林附属	Dynamic Trees-The Twilight Forest	hmcl	2825
		dynamic-trees-tinkers-construct	dynamictreestconstruct	动态的树：匠魂附属	Dynamic Trees - Tinker's Construct	hmcl	2880
		dynamic-trees-traverse	dttraverse	动态的树：遍历附属	Dynamic Trees - Traverse	hmcl	3152
		dynamic-trees-traverse-compat	dttraverse	动态的树：遍历附属	Dynamic Trees - Traverse Compat	hmcl	1577
		dynamic-trees-vampirism	dtvampirism	动态的树：吸血鬼附属	Dynamic Trees - Vampirism	hmcl	6256
		dynamic-trees-voyage	dtvoyage	动态的树：Voyage 附属	Dynamic Trees - Voyage	hmcl	6415
		dynamic-view	dynview	动态视距	Dynamic View	hmcl	2989
		dynamiclantern	dynamiclantern	灵动灯笼	DynamicLantern	hmcl	27398
		dynamiclights-reforged	dynamiclightsreforged	钠/Embeddium：动态光源	Sodium/Embeddium Dynamic Lights	hmcl	5302
		dynamiclights-reforged	sodiumdynamiclights	钠/Embeddium：动态光源	Sodium/Embeddium Dynamic Lights	hmcl	5302
		dynamictrees	dynamictrees	动态的树 / 有活力的树	Dynamic Trees	hmcl	1071
		dynamictrees	dynamictreestc	动态的树 / 有活力的树	Dynamic Trees	hmcl	1071
		dynamictrees	growingtrees	动态的树 / 有活力的树	Dynamic Trees	hmcl	1071
		dynamictreesplus	dynamictreesplus	动态的树：拓展	Dynamic Trees Plus	hmcl	6425
		dynamictreestfc	dttfc	动态的树：群峦传说附属	Dynamic Trees TFC	hmcl	2823
		dynamictreestfc	dynamictreestfc	动态的树：群峦传说附属	Dynamic Trees TFC	hmcl	2823
		dynaores	dynaores	动态粗矿	Dynamic Raw Ores	hmcl	16727
		dyson-cube-project	dysoncubeproject	戴森立方计划	Dyson Cube Project	hmcl	23150
		e-tools-redstone-powered-tools	mod_EnergyTools	电子工具：红石供电工具	E-Tools: Redstone Powered Tools	hmcl	313
		e33epus-s-chatscreen	e33chat	E33EPUS的聊天界面	E33EPUS's ChatScreen	hmcl	28497
		ears	ears	耳朵	Ears	hmcl	3996
		earth-mobs	earthmobsmod	地球生物	Earth Mobs	hmcl	7972
		earth-reworked	earthworks	土方工程重制版	Earth Reworked	hmcl	4741
		earth-ring		地球环	Earth Ring	hmcl	19212
		easier-proud-soul-acquisition	easier_proud_soul_acquisition	更容易的耀魂碎片获取	easier proud soul acquisition	hmcl	24052
		easierchests	easierchests	简便箱子	EasierChests	hmcl	6409
		easiervillagertrading	easiervillagertrading	简单村民交易	EasierVillagerTrading	hmcl	3466
		easters-delight	eastersdelight	复活节乐事	Easter's Delight	hmcl	19160
		easy-adventure	easyadventure	便携基地	Easy Adventure	hmcl	24731
		easy-anvils	easyanvils	简易铁砧	Easy Anvils	hmcl	8084
		easy-block-editor	ebe	简单方块编辑器	Easy Block Editor	hmcl	27669
		easy-breeding	easybreeding	简单繁殖	Easy Breeding	hmcl	9516
		easy-cake	easy_cakes	简易蛋糕	Easy Cake	hmcl	16086
		easy-dungeons	easy_dungeons	简易地牢	Easy Dungeons	hmcl	10474
		easy-elevators	easyelevators	简单电梯	Easy Elevators	hmcl	21080
		easy-enchanting	easyenchanting	轻松附魔	Easy Enchanting	hmcl	10721
		easy-exchange	easyexchange	简单替换	Easy Exchange	hmcl	24803
		easy-feed	mcf-easyfeed	简单饲养	Easy feeding	hmcl	9569
		easy-magic	easymagic	简易附魔台	Easy Magic	hmcl	5606
		easy-mob-spawn-control	easy_mob_spawn_control	简易生物生成控制	Easy Mob Spawn Control	hmcl	27137
		easy-piglins	easy_piglins	简易猪灵	Easy Piglins	hmcl	6951
		easy-platform	easyplatform	简易平台	Easy Platform	hmcl	23274
		easy-retrogen	retrogen	简易重生成	Easy Retrogen	hmcl	2373
		easy-steel-forge	easy_steel	简单的钢	Easy Steel & More	hmcl	4332
		easy-survival-command	easysurvivalcommand	简单生存指令TP	EasySurvivalCommand	hmcl	21404
		easy-villagers	easy_villagers	村民物品化/简单村民	Easy Villagers	hmcl	3884
		easycolony-addon-for-minecolonies	easycolony	简易殖民地	Easycolony	hmcl	19284
		easycrafting	EasyCrafting	轻松合成	Easy Crafting	hmcl	66
		easydoll	easydoll	简易玩偶	EasyDoll	hmcl	24058
		easydropper	easydropper	轻松投掷	Easy Dropper	hmcl	10452
		easyhopper	easyhopper	轻松漏斗	Easy Hopper	hmcl	10443
		easylan	easylan	自定义LAN局域网联机服务器	EasyLAN	hmcl	11373
		easywhitelist	easywhitelist	简易白名单	EasyWhitelist	hmcl	9265
		eat-eat-eat	eat_eat_eat	吃吃吃	Eat Eat Eat	hmcl	17623
		eating-animation-forge	eatinganimation	进食动画	Eating Animation	hmcl	5854
		eating-animation-forge	eatinganimationid	进食动画	Eating Animation	hmcl	5854
		ebon-arts	ea	黑檀工艺	Ebon Arts	hmcl	27263
		eccentric-tome	eccentrictome	怪奇宝典	Eccentric Tome	hmcl	6101
		ece-enhanced-celestial-enhancement	ece	月亮事件扩展：第二月亮	ECE - Enhanced Celestial Enhancement: The Second Moon	hmcl	11084
		echo-chest	echochest	回响箱子	Echo Chest	hmcl	10263
		ecliptic-seasons	eclipticseasons	节气	Ecliptic Seasons	hmcl	16860
		ecliptic-seasons-bundles	eclipticseasons_bundles	节气：捆绑包	Ecliptic Seasons : Bundles	hmcl	25277
		ecliptic-seasons-fabricated	eclipticseasons	节气：重织	Ecliptic Seasons : Fabricated	hmcl	26440
		ecliptic-seasons-multimod-patch	eclipticseasons_multimodpatch	节气：多维修补	Ecliptic Seasons: MultiMod Patch	hmcl	21136
		ecological-garden	ecologicalgarden	生态花园	Ecological Garden	hmcl	27192
		ecological-replenishment-station	ers	生态补给站	Ecological Replenishment Station	hmcl	21387
		ecologics	ecologics	丰富的生态	Ecologics	hmcl	6198
		ecology-mod	ecomod	生态	Ecology Mod	hmcl	935
		economicmarket	economicmarket	经济市场	EconomicMarket	hmcl	27439
		eden-ring	edenring	伊甸星环	Eden Ring	hmcl	5122
		edgeless-chat-screen	edgelesschatscreen	无边界聊天框	Edgeless Chat Screen	hmcl	15347
		edgerunner	edgerunner	边缘行者	Edgerunner	hmcl	10426
		edible-nether-wart	edible_netherwart	可食用下界疣	Edible Nether Wart	hmcl	5235
		edit-sign	signedit	编辑告示牌	Edit Sign	hmcl	2987
		ee3	EE3	等价交换3	Equivalent Exchange 3	hmcl	31
		eeeabs-mobs	eeeabsmobs	EEEAB的生物	EEEAB's Mobs	hmcl	12608
		ef-cz	ef_cz	史诗战斗：巅峰	EpicFight: ChampionZone	hmcl	28097
		efab-unofficial	efab	EFab 非官方版	EFab - Unofficial	hmcl	28549
		efficient-core-automatic-mining	chunkoreautominer	Efficient Core自动挖掘器	Efficient Core Automatic Mining	hmcl	20318
		effortless	effortlessstructure	轻松建造	Effortless Structure	hmcl	15930
		effortless-building	effortlessbuilding	轻松建造	Effortless Building	hmcl	2177
		effortless-structure		轻松建造 重置版	Effortless Structure	hmcl	27517
		efn-enhance	efn_enhance	夜幕强化	EFN Enhance	hmcl	25079
		egg-auto-hatch	egg-auto-hatch	鸡蛋自动孵化	Egg Auto Hatch	hmcl	2384
		egg-craft	egg_craft	蛋工艺	Egg Craft	hmcl	2150
		egg-delight	eggdelight	鸡蛋乐事	Egg Delight	hmcl	12765
		egg-particle-fix	eggparticlefix	鸡蛋粒子修复	Egg Particle Fix	hmcl	14721
		eggtab-fabric	eggtab	独立刷怪蛋列表	Egg Tab	hmcl	5344
		eidolon	eidolon	幻梦	Eidolon	hmcl	3469
		eidolon-edoni	eidolon_edoni	幻梦：欢宴	Eidolon : Edoni	hmcl	23727
		eidolon-repraised	eidolon	幻梦：再颂	Eidolon : Repraised	hmcl	15864
		eidolon-repraised	eidolon_repraised	幻梦：再颂	Eidolon : Repraised	hmcl	15864
		eidolons-hexblades	hexblades	幻梦咒剑	Eidolon's Hexblades	hmcl	5704
		eirin-yagokoros-pharmacy	yagokoropharmacy	蓬莱药局	Eirin Yagokoro's Pharmacy	hmcl	13533
		ekac	ekac	糕蛋	ekaC	hmcl	8688
		elainalike	elainalike	魔女之绘 重生：重生	ElainaLike Reborn: Reborn	hmcl	15446
		elainasbroom	elainabroom	伊蕾娜的扫帚	Elaina's Broom	hmcl	18536
		electric-advantage	electricadvantage	电力优势	Electric Advantage	hmcl	23085
		electric-coating	notonlybattery	不止电池 / 电力镀层	NotOnlyBattery / Electric Coating	hmcl	20689
		electric-self-balance-scooters	electric_selfbalancing_scooters	电动平衡车	Electric Self-balance Scooters	hmcl	4039
		electrical-age	Eln	电力时代	Electrical Age	hmcl	300
		electricraft	ElectriCraft	电力工艺	ElectriCraft	hmcl	544
		electro-magic-tools	EMT	电力魔法工具	Electro-Magic Tools	hmcl	232
		electro-magic-tools-ic2-classic	welectromagic	电子神秘工具	Electro-Thaumic Tools - IC2 Classic	hmcl	2189
		electroblobs-wizardry	ebwizardry	巫术学	Electroblob's Wizardry	hmcl	1634
		electroblobs-wizardry-continuation	wizardry	巫术学：延续	Electroblob's Wizardry Continuation	hmcl	14718
		electroblobs-wizardry-twilight-forest-spell-pack	tfspellpack	巫术学：暮色森林法术包	Electroblob's Wizardry: Twilight Forest Spell Pack	hmcl	2343
		electrodynamics	electrodynamics	电动力学	Electrodynamics	hmcl	185
		electrometrics	electrometrics	电能测量	Electrometrics	hmcl	27739
		electrostaticsre	electrostatics	每日任务	ElectrostaticsRE	hmcl	17970
		elegant-architecture	elegant_architecture	雅致画栋	Elegant Architecture	hmcl	17535
		elegant-spells	elegant_spells	雅致咒术	Elegant Spells	hmcl	21140
		elemenics	elemenix	元质学	Elemenics	hmcl	22852
		element-endow	element_endow	元素赋予	Element Endow	hmcl	22641
		elemental-blades	elemental_blades	元素之刃	Elemental Blades / Elementium	hmcl	2679
		elemental-combat	elementalcombat	元素战斗	Elemental Combat	hmcl	8282
		elemental-craft	elementalcraft	元素工艺	Elemental Craft	hmcl	3504
		elemental-creepers-og	elementalcreepers	元素爬行者	Elemental Creepers	hmcl	3562
		elemental-ingots-ei	elemental_ingots	元素锭	Elemental Ingots	hmcl	3441
		elemental-stones	ElementalStones	元素之石	Elemental Stones	hmcl	390
		elementalcraft-reactions	elementalcraft	属性锻造：元素反应	ElementalCraft: Reactions	hmcl	23762
		elytra-bombing	ebb	鞘翅轰炸	Elytra Bombing	hmcl	5657
		elytra-bombing	elytrabombing	鞘翅轰炸	Elytra Bombing	hmcl	5657
		elytra-chestplate	mr_elytra_chestplate	鞘翅胸甲	Elytra Chestplate	hmcl	23705
		elytra-chestplate-swapper	ecs	鞘翅/胸甲切换	Elytra/Chestplate Swapper	hmcl	6984
		elytra-chestplates	elytra-chestplates	鞘翅之甲	Elytra Chestplates	hmcl	14056
		elytra-component	elytra_component	鞘翅组件	Elytra Component	hmcl	27889
		elytra-contrails	elytratrails	鞘翅尾迹	Elytra Contrails Mod	hmcl	25065
		elytra-flight-hud	elytra-flight-hud	鞘翅飞行 HUD	Elytra Flight HUD	hmcl	28407
		elytra-physics	elytra_physics	鞘翅物理	Elytra Physics	hmcl	7559
		elytra-replace	elytra_replace	鞘翅替换	Elytra Replace	hmcl	7963
		elytra-slot	curiouselytra	鞘翅插槽 / 鞘翅槽位	Curious Elytra / Elytra Trinket / Elytra Slot	hmcl	3923
		elytra-slot	elytraslot	鞘翅插槽 / 鞘翅槽位	Curious Elytra / Elytra Trinket / Elytra Slot	hmcl	3923
		elytra-slot	elytratrinket	鞘翅插槽 / 鞘翅槽位	Curious Elytra / Elytra Trinket / Elytra Slot	hmcl	3923
		elytra-swapper-forge	elytraswapperforge	鞘翅切换	Elytra Swapper Forge	hmcl	9171
		elytraautocollect	elytraautocollect	鞘翅自动搜集	ElytraAutoCollect	hmcl	21892
		embeddium-extras	magnesium_extras	镁/铷附属：土豆版	Magnesium/Rubidium Extra: Potato Editon (Embeddium Extras)	hmcl	9205
		embellishcraft	embellishcraft	装饰工艺	EmbellishCraft	hmcl	3001
		embers	embers	余烬	Embers	hmcl	618
		embers-extended-life	embers	余烬非官方延续版	Embers Unofficial Extended Life	hmcl	13080
		embers-rekindled	embers	余烬复刻版	Embers Rekindled	hmcl	1491
		embersified	embersified	余烬能量转换	Embersified	hmcl	1781
		emc-baubles	emcbaubles	等价饰品	EMC Baubles	hmcl	4079
		emerald-craft-mod	emeraldcraft	绿宝石工艺	Emerald Craft Mod	hmcl	6322
		emerald-geodes	geodes	更多晶洞	More Geodes / More Geodes Reforged	hmcl	6574
		emerald-matcha-craft-v3	emerald_matcha_craft_v3	翠茶工藝	Emerald Matcha Craft	hmcl	16607
		emerging-technology-hydroponics	emergingtechnology	新兴技术	Emerging Technology	hmcl	2111
		emf-compat-core	emf_compat_core	实体模型特性兼容：核心	EMF Compat: Core	hmcl	28812
		emf-compat-create	create_emf_compat	机械动力：实体模型特性兼容	Create: EMF Compat	hmcl	27925
		emi-patternizer	emi_patternizer	EMI快速编码	EMI Patternizer	hmcl	25667
		emi-trades-villager-trading-emi-plugin	emitrades	EMI村民交易	EMI Trades	hmcl	7451
		emojicraft	emojicraft	Emoji工艺	Emojicraft	hmcl	20797
		emotecraft	emotecraft	表情工艺	Emotecraft	hmcl	3507
		emoticons	emoticons	动作表情	Emoticons	hmcl	1535
		emptiableboxes	emptiableboxes	清空编辑框	Emptiable Boxes	hmcl	24081
		enable-cheats	enablecheats	开启作弊模式	Enable Cheats	hmcl	1174
		enchant-icon	enchant_icon	附魔标签	Enchant Icon	hmcl	13100
		enchantability	enchantability	附魔能力	Enchantability	hmcl	21302
		enchantdemon	enchantdemon	附恶魔	EnchantDemon	hmcl	10969
		enchanted-crystal-arrow	enchantedcrystalarrows	魔法水晶箭	Enchanted Crystal Arrows	hmcl	19567
		enchanted-wilderness-elegant-countryside	elegant_countryside	雅致乡下	Elegant Countryside	hmcl	16831
		enchantedshulkers	enchantedshulkers	附魔潜影盒	EnchantedShulkers	hmcl	7499
		enchantedstorage	enchantedstorage	附魔收纳	EnchantedStorage	hmcl	23343
		enchanting-infuser-forge	enchantinginfuser	附魔灌注台	Enchanting Infuser	hmcl	5521
		enchanting-plus	eplus	高级附魔台	Enchanting Plus	hmcl	1314
		enchanting-secretaire	enchantnote	附魔记录	Enchanting Secretaire	hmcl	4506
		enchanting-table-descriptions	enchanting-table-descriptions	附魔台描述	Enchanting Table Descriptions	hmcl	9156
		enchanting-vanilla	enc_vanilla	原韵新生	Enchanting Vanilla	hmcl	19346
		enchanting-with-thaumcraft	enchantingwiththaumcraft	神秘附魔学	Enchanting With Thaumcraft	hmcl	3268
		enchantlevelbrek	enchantmentlevelbreak	附魔等级上限突破2	EnchantmentLevelBreak	hmcl	16646
		enchantment-custom-table	enchantment_custom_table	自定义附魔台	Enchantment Custom Table	hmcl	21330
		enchantment-descriptions	enchdesc	附魔描述	Enchantment Descriptions	hmcl	1945
		enchantment-harmony	enchantmentharmony	和谐相处的附魔书	EnchantmentHarmony	hmcl	17503
		enchantment-level-language-patch	enchlevel-langpatch	附魔等级语言补丁	EnchLevel-LangPatch	hmcl	4939
		enchantment-level-language-patch	enchlevellangpatch	附魔等级语言补丁	EnchLevel-LangPatch	hmcl	4939
		enchantment-library	enchlib	附魔图书馆	Enchantment Library	hmcl	25253
		enchantment-library-at-home-unofficial	enchlibathome	家用附魔图书馆 - 非官方版	Enchantment Library at Home Unofficial	hmcl	27996
		enchantment-library-compat	enchantment_library_compat	以音定著	Enchantment Library Compat	hmcl	26168
		enchantment-lookup	enchantment-lookup	附魔查询	Enchantment Lookup	hmcl	20613
		enchantment-lookup	enchantment_lookup	附魔查询	Enchantment Lookup	hmcl	20613
		enchantment-sort	enchsort	附魔排序	Enchantment Sort	hmcl	8442
		enchantment-to-attack-faster	attackspeedenchantment	并非环取/攻击速度附魔非官方版	Attack Speed Enchantment Unofficial	hmcl	20284
		enchantmentglint	enchantmentglint	自定义附魔光效	Jabelar's Truly Magical Enchantment Glints	hmcl	2185
		enchantmentransfer	gtb	附魔转移	Enchantment Transfer	hmcl	17426
		enchantments-exchanger	enchxchg	便携附魔替换台	Enchantments Exchanger	hmcl	1584
		enchlevel-langpatch-config2	enchlevel-langpatch-conf3	附魔等级语言补丁 - 配置扩展	EnchLevel-LangPatch Config IV	hmcl	6794
		enchlevel-langpatch-config2	enchlevel-langpatch-config2	附魔等级语言补丁 - 配置扩展	EnchLevel-LangPatch Config IV	hmcl	6794
		enchlevel-langpatch-config2	langpatch-conf4	附魔等级语言补丁 - 配置扩展	EnchLevel-LangPatch Config IV	hmcl	6794
		enchlevel-langpatch-config2	langpatchconf	附魔等级语言补丁 - 配置扩展	EnchLevel-LangPatch Config IV	hmcl	6794
		encounter-mob-ai-tweaker	encounter	遭遇/长驱速弑	Encounter	hmcl	15533
		end-goblin-traders-fabric	endgoblintraders	末地哥布林商人	End Goblin Traders	hmcl	8458
		end-portal-recipe	endportalrecipe	末地传送门配方	End Portal Recipe	hmcl	10092
		end-reborn	endreborn	末地：重生	Endorium	hmcl	2240
		end-remastered-promax	end_remastered_promax	末地创世增强	End Remastered ProMax	hmcl	26243
		end-villager-outpost	end_villager_outpost	末地村民前哨站	End Villager Outpost	hmcl	26360
		endangered-plants	endangeredplants	濒危植物	Endangered Plants	hmcl	21662
		endcake	endcake	末影蛋糕	EndCake	hmcl	15153
		endcrown	end_crown	终焉冠冕	EndCrown	hmcl	28384
		ender-compass	endercompass	末影指南针	Ender Compass	hmcl	1776
		ender-contract	ender_contract	终末合约	Ender Contract	hmcl	28765
		ender-crop	endercrop	末影作物	Ender Crop	hmcl	6659
		ender-hopper	enderhopper	末影漏斗	Ender Hopper	hmcl	1050
		ender-io	EnderIO	末影接口	Ender IO	hmcl	181
		ender-io	enderio	末影接口	Ender IO	hmcl	181
		ender-io	enderiobase	末影接口	Ender IO	hmcl	181
		ender-io	enderioconduits	末影接口	Ender IO	hmcl	181
		ender-io	enderioconduitsappliedenergistics	末影接口	Ender IO	hmcl	181
		ender-io	enderioconduitsopencomputers	末影接口	Ender IO	hmcl	181
		ender-io	enderioconduitsrefinedstorage	末影接口	Ender IO	hmcl	181
		ender-io	enderioendergy	末影接口	Ender IO	hmcl	181
		ender-io	enderiointegrationforestry	末影接口	Ender IO	hmcl	181
		ender-io	enderiointegrationtic	末影接口	Ender IO	hmcl	181
		ender-io	enderiointegrationticlate	末影接口	Ender IO	hmcl	181
		ender-io	enderiomachines	末影接口	Ender IO	hmcl	181
		ender-io	enderiopowertools	末影接口	Ender IO	hmcl	181
		ender-io-addons	enderioaddons	末影接口拓展	Ender IO Addons	hmcl	1180
		ender-io-conduit-optimizer	enderio_conduit_opt	末影导管优化器	Ender IO:Conduit Optimizer	hmcl	28232
		ender-io-endergy	enderioendergy	末影接口：管道拓展	Ender IO - Endergy	hmcl	1345
		ender-io-pressure-conduits	eio_pressure_conduits	末影接口：气压导管	Ender IO: Pressure Conduits	hmcl	28415
		ender-io-source-conduits	eio_source_conduits	末影接口：魔源导管	Ender IO: Source Conduits	hmcl	28759
		ender-io-zoo	EnderZoo	末影动物园	Ender IO Zoo/Ender Zoo	hmcl	867
		ender-lead	enderlead	末影拴绳	Ender Lead	hmcl	21303
		ender-logistics	ender_logistics	末影物流	Ender Logistics	hmcl	7206
		ender-magnet	endermagnet	末影磁铁	Ender Magnet	hmcl	11046
		ender-mail	endermail	末影邮递	Ender Mail	hmcl	2596
		ender-quarry	ender_quarry	末影采石场	Ender Quarry	hmcl	9226
		ender-rift	enderrift	末影裂缝	Ender Rift	hmcl	3966
		ender-ring	ender_ring	末影环	Ender Ring	hmcl	4850
		ender-skills	enderskills	末影技能	Ender Skills	hmcl	5127
		ender-storage	enderstorage	末影存储	Ender Storage	hmcl	76
		ender-storage-1-12-continuation		末影存储：延续版	Ender Storage continuation	hmcl	10228
		ender-utilities	enderutilities	末影设备	Ender Utilities	hmcl	429
		ender-villages	endervillages	末地村庄	Ender Villages	hmcl	20245
		ender-zoology	enderzoology	末影动物学	Ender Zoology	hmcl	10269
		endercage	endercage	末影笼	Endercage	hmcl	12020
		endercore	endercore	末影核心	EnderCore	hmcl	598
		enderfuge	enderfuge	末影熔炉	Enderfuge	hmcl	3299
		endergetic	endergetic	末地拓展	The Endergetic Expansion	hmcl	2470
		endergetic	endergeticexpansion	末地拓展	The Endergetic Expansion	hmcl	2470
		enderio-continuous		末影接口延续版	EnderIO Continuous	hmcl	20674
		enderio-evolution	enderio_evolution	末影接口：进化	Ender IO: Evolution	hmcl	24762
		enderio-unofficial	EnderIO	末影接口非官方版	EnderIO Unofficial	hmcl	9959
		enderite-mod-for-forge	enderitemod	末影合金	Enderite Mod	hmcl	2878
		enderman-overhaul	endermanoverhaul	末影人革新	Enderman Overhaul	hmcl	12530
		enderpig-mod	enderpig	末影猪	Enderpig Mod	hmcl	4047
		enders-delight	endersdelight	末影乐事	Ender's Delight	hmcl	9387
		enders-magic	endmagic	末影魔法	Ender's magic	hmcl	4779
		enderscape	enderscape	末影之景	Enderscape	hmcl	4954
		enderspawn	enderspawn	末影龙再生成	EnderSpawn	hmcl	1887
		endertanks	endertanks	末影水槽	Ender Tanks	hmcl	259
		endertech	EnderTech	末影科技	Ender Tech	hmcl	4046
		endfield-industry	arknights_endfield	终末地工业	Endfield Industry	hmcl	22544
		endfieldpanorama	endfield_panorama	终末地游戏加载页面	EndfieldPanorama	hmcl	25069
		endgame-materials	endgamematerials	终局材料	Endgame Materials	hmcl	3938
		endgame-materials-addons	endgamematerialsgalaxyaddon	更多终局材料	Endgame Materials Addons	hmcl	4117
		endinglibrary	ending_library	终焉图书馆	EndingLibrary	hmcl	20321
		endless-deep-space	endless_deep_space	无尽深空	Endless Deep Space	hmcl	5438
		endless-ocean-adventures	endlessoceans	无尽海洋：冒险	Endless Ocean: Adventures	hmcl	3868
		endlesscompat	endless_compat	无尽贪婪·伪附属	EndlessCompat	hmcl	16155
		endlessluckblock	endless	无尽幸运方块	Endless Luck Block	hmcl	15687
		endlesssword	endless_sword	无尽拔刀剑	Endless Sword	hmcl	16781
		endofdays	endofdays	终焉之日-重铸	PrejectZ	hmcl	16472
		endremastered	endrem	末地：创世	End Remastered	hmcl	3369
		ends-delight	end_delight	末地乐事	End's Delight	hmcl	6298
		ends-delight	ends_delight	末地乐事	End's Delight	hmcl	6298
		enemybanner	enemybanner	敌怪旗	EnemyBanner	hmcl	14500
		enemyz	enemyz	敌意显示	Enemyz	hmcl	2329
		enercell	enercell	能量电池	Enercell	hmcl	12992
		energeticsheep	energeticsheep	脉冲羊	EnergeticSheep	hmcl	2024
		energy-control	energycontrol	能源控制	Energy Control	hmcl	2591
		energy-converters	energyconverters	能量桥接器	Energy Converters	hmcl	1933
		energyadditions	EnergyAdditions	高级能源	EnergyAdditions	hmcl	674
		energysynergy	energysynergy	能源协同	EnergySynergy	hmcl	1997
		engender-mod	ageofabyssalcraft	召唤师	The Engender Mod	hmcl	943
		engender-mod	ageofchaos	召唤师	The Engender Mod	hmcl	943
		engender-mod	ageofminecraft	召唤师	The Engender Mod	hmcl	943
		engender-mod	ageofmutants	召唤师	The Engender Mod	hmcl	943
		engineers-decor	engineersdecor	工程师的装饰	Engineer's Decor	hmcl	2115
		engineers-doors	engineersdoors	工程师的门	Engineer's Doors	hmcl	2446
		engineers-materials	engineersmaterials	工程师材料	Engineers Materials	hmcl	27017
		engineers-toolbox	eng_toolbox	工程师工具箱	Engineer's Toolbox	hmcl	312
		engineers-tools	engineerstools	工程师的工具	Engineer's Tools	hmcl	2116
		engineers-workshop	engineersworkshop	工程师工作站	Engineers Workshop	hmcl	2059
		enhance	enhance	增幅	Enhance Buffs	hmcl	22368
		enhance-bionics	enhancebionics	增强仿生	Enhance Bionics	hmcl	23884
		enhanced-armaments	enhancedarmaments	增强装备	Enhanced Armaments	hmcl	2099
		enhanced-armaments-reload	enhancedarmaments	增强装备重制版	Enhanced Armaments Reload	hmcl	5938
		enhanced-attack-indicator	enhanced_attack_indicator	增强攻击提示器	Enhanced Attack Indicator	hmcl	5693
		enhanced-block-entities	enhancedblockentities	方块实体优化	Enhanced Block Entities	hmcl	3632
		enhanced-boss-bars	enhanced_boss_bars	更好的Boss血条	Enhanced Boss Bars	hmcl	15550
		enhanced-boss-bars	enhancedbossbars	更好的Boss血条	Enhanced Boss Bars	hmcl	15550
		enhanced-celestials	enhancedcelestials	月亮事件	Enhanced Celestials	hmcl	3452
		enhanced-celestials-shader-support	enhanced_celestials_shaders	月亮事件光影支持	Enhanced Celestials Shader Support	hmcl	19406
		enhanced-farming	enhancedfarming	增强农业	Enhanced Farming	hmcl	5077
		enhanced-inventories	EnhancedInventories	储物增强	Enhanced Inventories	hmcl	25600
		enhanced-mob-spawners	spawnermod	刷怪笼增强	Enhanced Mob Spawners	hmcl	3858
		enhanced-mushrooms	enhanced_mushrooms	蘑菇增强	Enhanced Mushrooms	hmcl	3854
		enhanced-netherite-guns-without-roses	enhancednetherite_gunswithoutroses	进阶下界合金：枪炮“没”瑰扩展	Enhanced Netherite: Guns Without Roses	hmcl	27909
		enhanced-netherite-xianziyu	enhanced_netherite	进阶下界合金	Enhanced Netherite	hmcl	27450
		enhanced-portals-3	enhancedportals	增强传送门3	Enhanced Portals 3	hmcl	111
		enhanced-searchability	enhanced-searchability	搜索增强	Enhanced Searchability	hmcl	8179
		enhancedp2p	enhancedp2p	增强的P2P	EnhancedP2P	hmcl	11261
		enhancedquarries	enhanced_quarries	增强采石场	Enhanced Quarries	hmcl	24120
		enhancedvisuals	enhancedvisuals	增强视觉效果 / 拓展视觉效果	EnhancedVisuals	hmcl	2054
		enigmatic-addons	enigmaticaddons	神秘遗物扩展	Enigmatic Addons	hmcl	15073
		enigmatic-addons-legacy	eaddons	神秘遗物拓展经典版	Enigmatic Addons Legacy	hmcl	25282
		enigmatic-legacy	enigmaticlegacy	神秘遗物	Enigmatic Legacy	hmcl	2239
		enigmatic-legacy-legacy	enigmaticlegacy	神秘遗物经典版	Enigmatic Legacy Legacy	hmcl	15357
		enigmatic-legacy-plus	enigmaticlegacyplus	神秘遗物+	Enigmatic Legacy+	hmcl	22699
		enigmatic-legacy-profound-curse	profound_curse	神秘遗物：深邃诅咒	Enigmatic Legacy: Profound Curse	hmcl	28398
		enlightend	enlightened_end	末地启明	Enlightend/Enlightened End/Nourished End	hmcl	5607
		enlightend	nourished_end	末地启明	Enlightend/Enlightened End/Nourished End	hmcl	5607
		enriched	enriched	原版增强	Enriched/Vanilla Enhanced	hmcl	3337
		ensorcellation	ensorcellation	万象	Ensorcellation	hmcl	2025
		enter-the-void	thevoidsshadow	进入虚空	Enter The Void	hmcl	4131
		entity-banners	entitybanners	实体旗帜	Entity Banners	hmcl	3982
		entity-culling	entity_culling	实体渲染机制优化	Entity Culling	hmcl	3058
		entity-distance-1-12-2	entitydistance	实体距离	Entity Distance	hmcl	12334
		entity-enchantment	entity_enchantment	实体附魔	Entity Enchantment	hmcl	23221
		entity-model-features	entity_model_features	实体模型特性	Entity Model Features	hmcl	9909
		entity-model-json	entitymodeljson	实体模型 JSON	Entity Model JSON	hmcl	4632
		entity-nan-health-fix	nanfix	假死修复	Entity NaN Health Fix	hmcl	3887
		entity-spring	entityspring	实体弹簧	Entity Spring	hmcl	1090
		entity-texture-features-fabric	entity_texture_features	实体纹理特性	Entity Texture Features	hmcl	5862
		entitychinesename	entitychinesename	实体中文名	Entity Chinese Name	hmcl	24702
		entityculling	entityculling	实体渲染机制优化	Entity Culling	hmcl	3629
		entityculling-unofficial		实体渲染机制优化：非官方版	EntityCulling Unofficial	hmcl	13296
		entityreplacer	entityreplacer	生物替换	EntityReplacer	hmcl	25295
		entomophobia	entomophobia	昆虫恐惧症	Entomophobia	hmcl	25785
		enviromine	enviromine	更多生存要素	EnviroMine	hmcl	290
		enviromine-continuation	enviromine	更多生存要素：延续	EnviroMine continuation	hmcl	17128
		enviromine-lite	enviromine	更多生存要素：精简版	EnviroMine Lite	hmcl	13362
		environmental	environmental	自然环境	Environmental	hmcl	3591
		environmental-creepers	environmentalcreepers	环保型苦力怕	Environmental Creepers	hmcl	4970
		environmental-energy	enviroenergy	环境科技-发电机	Environmental Energy	hmcl	4236
		environmental-lunartech	etlunar	ET：月光发电	Environmental Lunar Tech	hmcl	815
		environmental-tech	environmentaltech	环境科技	Environmental Tech	hmcl	583
		eoa-fa	lotrfa	魔戒：第一纪元	Eras of Arda: The First Age Legacy submod	hmcl	2244
		epca	epca	终末-归寄万物	End-Parasitize and Convert All	hmcl	20241
		epca-drive	epca_drive	寄械传动	E-PCA Drive Addon	hmcl	26986
		epca-ride-addon	epca_addon	终末-归寄万物骑乘附加	E-PCA Ride Addon	hmcl	26051
		ephemeral-wither-skulls	suikeephemeralwitherskulls	消逝的凋灵之首	Ephemeral Wither Skulls	hmcl	19113
		epic-core-api	eca	史诗核心API	Epic Core API	hmcl	13853
		epic-fight-guandao-moveset	falchionmoveset	史诗战斗：关刀	Epic Fight - Guandao Moveset	hmcl	15593
		epic-fight-indestructible	indestructible	坚不可摧	Epic Fight - Indestructible	hmcl	12230
		epic-fight-invincible	invincible	无坚不摧	Epic Fight - Invincible	hmcl	17926
		epic-fight-mesh-model	efmm	史诗战斗网格模型模组	Epic Fight Mesh Model	hmcl	19248
		epic-fight-mod	epicfight	史诗战斗	Epic Fight	hmcl	3037
		epic-fight-script-extension		史诗战斗：脚本扩展版	Epic Fight Script Extension	hmcl	20682
		epic-fight-super-golem	super_golem	超级铁傀儡	Epic Fight - Super Golem	hmcl	20824
		epic-fight-super-golem-x-modular-golems	super_golem_mg	傀儡装配X超级铁傀儡	Epic Fight - Super Golem x Modular Golems	hmcl	24585
		epic-fight-super-warden	super_warden	史诗战斗：超级监守者	Epic Fight - Super Warden	hmcl	21867
		epic-fight-wukong-moveset	wukong	史诗战斗：悟空	Epic Fight - Wukong Moveset	hmcl	16745
		epic-fightexsilium-gladius	exsiliumgladius	EpicFight—放逐之刃	Epic Fight — Exsilium Gladius	hmcl	18072
		epic-knights-armor-and-weapons	magistuarmory	史诗骑士：盾牌，盔甲和武器	Epic Knights: Shields, Armor and Weapons	hmcl	5725
		epic-paragliders-but-sekiro	epicparaglidersbutsekiro	史诗狼之伞	Epic Paragliders But Sekiro	hmcl	11839
		epic-projectile-reflection	epicfightextra	史诗弹射物反射		hmcl	16026
		epic-samurais	epicsamurai	史诗武士	Epic Samurai's / Samurai Dynasty	hmcl	10120
		epic-samurais	samurai_dynasty	史诗武士	Epic Samurai's / Samurai Dynasty	hmcl	10120
		epic-siege-mod	epicsiegemod	史诗攻城	Epic Siege	hmcl	1400
		epic-terrain	mr_epic_terrain_compatible	史诗地形	Epic Terrain	hmcl	15808
		epic-terrain	mr_epicterrain	史诗地形	Epic Terrain	hmcl	15808
		epic-tinkers-fight		史诗匠魂战斗	Epic Tinkers' Fight	hmcl	15892
		epicfight-clash-blade	efclash_blade	史诗战斗：冲击之刃	EpicFight : Clash Blade	hmcl	25319
		epicfight-dancing	efdancing	史诗战斗：舞动	EpicFight : Dancing	hmcl	27297
		epicfight-improve	epicfight_improve	史诗战斗：改进	EpicFight：Improve	hmcl	16929
		epicfight-integration	efi_mod	史诗战斗·集成	EpicFight Integration	hmcl	14992
		epicfight-kick-skills	efkick	史诗战斗：踢击技能	EpicFight : Kick Skills	hmcl	27298
		epicfight-nightfall	efn	史诗战斗：夜幕	EpicFight-Nightfall	hmcl	20999
		epicfight-resurrection	cdmoveset	史诗战斗-重生	EpicFight : Resurrection	hmcl	18531
		epicfight-saopack	epicaddon	史诗战斗：ACG附属包	EpicFight ACG AddonPack	hmcl	8911
		epicfight-zylob	zylob	史诗战斗：刀光修改	EpicFight Sword Light Modifications	hmcl	20543
		epicnpc	epicnpc	史诗战斗NPC	EpicNpc	hmcl	20681
		epiphany-mod	epiphany	顿悟	Epiphany	hmcl	28680
		epiv-fight-l-enders-cataclysm-compatibility	epicfight_cataclysm	史诗战斗灾变兼容	Epic Fight & L_Enders Cataclysm compatibility	hmcl	20892
		equipable-twilight-forest-charms-tfc	equipabletfc	可装备的暮色森林符咒	Equipable Twilight Forest Charms	hmcl	11677
		equipment-compare	equipmentcompare	装备比较	Equipment Compare	hmcl	4196
		equipment-standard	equipment_standard	装备标准	EquipmentStandard	hmcl	12830
		equipmentbenediction	equipmentbenediction	装备祝福	Equipment Benediction	hmcl	10937
		equivalent-additions	equivadditions	等价拓展	Equivalent Additions	hmcl	2363
		equivalent-energistics	equivalentenergistics	等价能源学	Equivalent Energistics / Equivalent Energistics (LTS)	hmcl	1455
		equivalent-integrations	equivalentintegrations	等价集成	Equivalent Integrations	hmcl	4528
		er-core	ercore	ER 核心	ER Core	hmcl	8576
		esf-entity-sound-features	entity_sound_features	实体声音特性	Entity Sound Features	hmcl	15658
		esotericismtinker	esotericism_tinker	秘传工匠	Esotericism Tinker	hmcl	28168
		essentia-brazier	brazier	源质火盆	Essentia Brazier	hmcl	1821
		essentia-pipes	essentiapipes	源质管道	Essentia Pipes	hmcl	19104
		essential-thaumaturgy	essenthaum	源质神秘学	Essential Thaumaturgy	hmcl	507
		essential-thaumaturgy-unofficial		源质神秘学 (非官方版)	Essential Thaumaturgy Unofficial	hmcl	741
		essentialcraft-3	essentialcraft	源质魔法3	EssentialCraft 3	hmcl	476
		essentialcraft-4-unofficial	essentialcraft	源质魔法4非官方版	EssentialCraft 4 Unofficial	hmcl	709
		et-futurum	etfuturum	把未来带回现实	Et Futurum	hmcl	467
		et-futurum-requiem	etfuturum	把未来带回现实	Et Futurum Requiem	hmcl	3721
		etbw2-curios	etbw2_curios	暗影饰品	EtBW2 Curios	hmcl	28265
		etbw2-shadow-fog-effect	etbw_two	暗影迷雾	Shadow Fog	hmcl	27009
		etbw2-shadow-fog-effect	shadow_fog	暗影迷雾	Shadow Fog	hmcl	27009
		eternal-core-starter	eternal_core_starter	永恒核心：启程	Eternal Core: Starter	hmcl	26531
		eternal-nether	eternalnether	永恒下界	Eternal Nether	hmcl	19570
		eternal-shield-bead	eternal_shield_bead	永御盾珠	Eternal Shield Bead	hmcl	21876
		eternal-singularity	eternalsingularity	永恒奇点	Eternal Singularity	hmcl	561
		eternal-starlight	eternal_starlight	永恒星光	Eternal Starlight	hmcl	15980
		eternal-tales	eternal_tales	永恒传说	Eternal Tales	hmcl	4604
		eternalappetite	eternalappetite	永恒食欲	Eternal Appetite	hmcl	17824
		ethereal-shots	ethereal_shots	无限箭制	Unlimited Arrow Works	hmcl	20822
		etlib	emberthral	淬火煉刀通用库	Emberthral	hmcl	18882
		etst-lib	etstlib	乙硫醇的匠魂词条库	EtST Lib	hmcl	18052
		eu-p2p-tunnel	eup2p	EU能源P2P通道	EU P2P Tunnel	hmcl	15632
		eu2emc	eu2emc	EU转EMC能量转换器	EU2EMC	hmcl	20653
		eugenes-whistle-spur	eugenes-whistle-spur	友止殷的马哨和马刺	Eugene's Whistle & Spur	hmcl	14736
		even-more-apples	mam	更多的苹果	More Apples	hmcl	1829
		event-wrapper	eventwrapper	事件包装器	Event Wrapper	hmcl	19603
		eventhorizon	eventhorizon	事件视界	EventHorizon	hmcl	11247
		everlast-gear	everlastgear	永恒装备	Everlast Gear	hmcl	28419
		everlastingabilities	everlastingabilities	永恒能力	Everlasting Abilities	hmcl	1255
		everlastingabilities-potioncore	eapotioncore	永恒能力-药水核心	EverlastingAbilities-PotionCore	hmcl	1702
		everpotion	everpotion	永恒药水 ⚗️	EverPotion ⚗️	hmcl	4321
		every-compat	everycomp	泛用兼容：木材	Every Compat (Wood Good)	hmcl	7096
		everyone-poops-dung-fertilizer	everyonepoops	肥料	Everyone Poops - Dung Fertilizer	hmcl	2583
		everything-totem	everything_totem	万物皆可图腾	Everything Totem	hmcl	20198
		everythingcopper	everythingcopper	万物皆铜	Everything is Copper	hmcl	10641
		everyxdance	everyxdance	一起跳舞！	EveryXDance	hmcl	13415
		everyxhotpot	everyxhotpot	一起火锅	EveryXHotpot	hmcl	12735
		evil-seagull	evilseagull	邪恶海鸥	Evil Seagull	hmcl	23468
		evilcraft	evilcraft	邪恶工艺	EvilCraft	hmcl	352
		evilcraft	evilcraftcompat	邪恶工艺	EvilCraft	hmcl	352
		evoc	Evoc	优化效能	Extreme Vanilla Optimizations Collection	hmcl	24918
		evolutionary-defense-tower	defensetowerevolutionary	进化防御塔	Evolutionary Defense Tower	hmcl	25901
		evolved-mekanism	evolvedmekanism	通用机械：进化	Evolved Mekanism	hmcl	19453
		evolved-mekanism-extras	emextras	通用机械：进化扩展	Evolved Mekanism Extras	hmcl	23687
		ewewukeks-musket-mod	musketmod	ewewukek 的火枪模组	ewewukek's Musket mod	hmcl	3695
		ex-astris	exastris	星辉生万物	Ex Astris	hmcl	432
		ex-compressum	excompressum	压缩工具	Ex Compressum	hmcl	486
		ex-deorum	exdeorum	无中生有：神赐	Ex Deorum	hmcl	12096
		ex-meteor-shower	meteor_shower	流星雨	Meteor Shower	hmcl	24834
		ex-naturae	exnaturae	无中生有：传承 - 植物魔法扩展	Ex Naturae	hmcl	3977
		ex-nihilo	exnihilo	无中生有	Ex Nihilo	hmcl	250
		ex-nihilo-adscensio	exnihiloadscensio	无中生有：Adscensio	Ex Nihilo Adscensio	hmcl	937
		ex-nihilo-coloratus	exnihilocoloratus	无中生有：多彩	Ex Nihilo: Coloratus	hmcl	17571
		ex-nihilo-creatio	exnihilocreatio	无中生有：创世	Ex Nihilo: Creatio	hmcl	955
		ex-nihilo-fabrico	exnihilofabrico	无中生有：Fabrico	Ex Nihilo Fabrico	hmcl	2063
		ex-nihilo-omnia	exnihiloomnia	无中生有-世间万物	Ex Nihilo Omnia	hmcl	714
		ex-nihilo-random	ex_nihilo_random	无中生有：随想	Ex Nihilo: Random	hmcl	4876
		ex-nihilo-sequentia	exnihilosequentia	无中生有：传承	Ex Nihilo: Sequentia	hmcl	2881
		ex-nihilo-sequentia-ae2-addon	exnihiloae	无中生有：传承 - 应用能源2扩展	Ex Nihilo: Sequentia - AE2 Addon	hmcl	3808
		ex-nihilo-sequentia-mekanism-addon	exnihilomekanism	无中生有：传承 - 通用机械扩展	Ex Nihilo: Sequentia - Mekanism Addon	hmcl	3798
		ex-nihilo-sequentia-thermal-addon	exnihilothermal	无中生有：传承 - 热力扩展	Ex Nihilo: Sequentia - Thermal Addon	hmcl	3976
		ex-nihilo-sequentia-tinkers-addon		无中生有：传承 - 匠魂扩展	Ex Nihilo: Sequentia - Tinkers Addon	hmcl	3978
		ex-nihilonatureminerals	exnihilonatureminerals	无中生有：传承 - Nature's Minerals 扩展	Ex Nihilo: Sequentia - Nature's Minerals Addon	hmcl	8834
		ex-pattern-provider	expatternprovider	AE2扩展	ExtendedAE	hmcl	11534
		ex-pattern-provider	extendedae	AE2扩展	ExtendedAE	hmcl	11534
		ex-sartagine	exsartagine	锅具	Ex Sartagine	hmcl	1700
		excavation	excavation	挖掘	Excavation	hmcl	18438
		exchangers	exchangers	方块交换器	Exchangers	hmcl	1525
		exgregilo	exgregilo	格雷矿筛	ExGregilo	hmcl	1022
		exhausted-stamina	exhaustedstamina	竭力攻击	Exhausted Stamina	hmcl	2097
		existencealone	existence	存在	Existence	hmcl	25131
		exlines-sushi-mod	sushimod	寿司	Sushi Mod	hmcl	17418
		exmodifier	exmodifier	极墨重锻-革故鼎新	ExModifier	hmcl	16445
		exmoxl	exmoxl	极墨核心	exmoxl	hmcl	14011
		exnihilo-automation	exnihiloauto	无中生有：自动化	Exnihilo: Automation	hmcl	3627
		exotic-birds	exoticbirds	珍奇鸟类	Exotic Birds	hmcl	1570
		exp-bottling	exp_bottling	经验装瓶	EXP Bottling	hmcl	3663
		exp-ore	expore	经验矿石	Exp Ore	hmcl	14587
		exp-ore-block-mod	exp_ore	经验矿石	Exp Ore Mod	hmcl	1938
		expand-chinese-sword	expand_chinese_sword	中式剑拓展	Arsenal Integration	hmcl	4472
		expanded-armor-enchanting	expanded_armor_enchanting	盔甲附魔扩展	Expanded Armor Enchanting	hmcl	5360
		expanded-armory	exparmory	扩展装备	Expanded Armory	hmcl	980
		expanded-armory-legacy	exparmory	扩展装备：传承	Expanded Armory: Legacy	hmcl	18624
		expanded-axe-enchanting	expanded_axe_enchanting	斧附魔扩展	Expanded Axe Enchanting	hmcl	5362
		expanded-delight	expandeddelight	扩充乐事	Expanded Delight	hmcl	6442
		expanded-equivalence	expequiv	等价扩展	Expanded Equivalence	hmcl	2015
		expanded-storage	expandedstorage	扩展存储	Expanded Storage	hmcl	3583
		expanded-storage-kots	expandedstorage	扩展存储 - 耕云钓月版	Expanded Storage - KOTS	hmcl	23587
		expanded-trident-enchanting	expanded_trident_enchanting	三叉戟附魔扩展	Expanded Trident Enchanting	hmcl	5363
		expanded-weapon-enchanting	expanded_weapon_enchanting	武器附魔扩展	Expanded Weapon Enchanting	hmcl	5361
		expandedredstone	ExpandedRedstone	红石扩展	Expanded Redstone	hmcl	2209
		experience-ore	ExperienceOre	经验矿石	Experience Ore	hmcl	18671
		experience-rings	xprings	经验指环	Experience Rings	hmcl	9123
		explorercraft-worldexpansion	explorercraft	探险者	Explorercraft	hmcl	2237
		explorers-compass	explorerscompass	探险者指南针	Explorer's Compass	hmcl	4395
		explorers-compass-edited	explorerscompass	探险者指南针 修改	Explorer's Compass Edited	hmcl	17202
		explosion-breaks-no-block	explosionbreaksnoblock	爆炸不破坏方块	Explosion Breaks No Block	hmcl	15199
		explosionvisualizer	explosion-visualizer	爆炸信息显示	ExplosionVisualizer	hmcl	16575
		explosive-enhancement-legacy	explosiveenhancement	爆炸动画增强：移植版	Explosive Enhancement: Legacy	hmcl	25108
		exponential-power	exponentialpower	指数能源	Exponential Power	hmcl	2080
		exporbrecall	exporbrecall	经验球召回	ExpOrbRecall	hmcl	19084
		exposure	exposure	拾光定影	Exposure	hmcl	12905
		exquisito	exquisito	末域奇馔	Exquisito	hmcl	10306
		exstrangefood-reborn	exstrangefoodreborn	更多奇怪的食物：重生	ExStrangeFood:Reborn	hmcl	11975
		extended-block-shapes	extshape	扩展方块形状	Extended Block Shapes	hmcl	4535
		extended-compressor	extendedcompressor	合成拓展-量子压缩机增强	Extended Compressor	hmcl	27347
		extended-crafting	extendedcrafting	合成拓展	Extended Crafting	hmcl	1602
		extended-crafting-nomifactory-edition		合成拓展：延续版	Extended Crafting：Nomifactory Edition	hmcl	11801
		extended-drawers	extended_drawers	扩展抽屉	Extended Drawers	hmcl	6379
		extended-industrialization	extended_industrialization	扩展工业化	Extended Industrialization	hmcl	15918
		extended-lights-mod	extlights	灯具拓展	Extended Lights	hmcl	2868
		extended-note-block	noteblockne	音符盒扩展	Extended Noteblocks	hmcl	3754
		extended-noteblock-forge	jumpingnoteblock	音符盒扩展	Extended Noteblock	hmcl	5281
		extended-oritech	extendedoritech	Oritech扩展	Extended Oritech	hmcl	28831
		extended-tinker	extended_tinker	匠魂扩张	Extended Tinker	hmcl	18262
		extended-workbench-reborn	extended_workbench	扩展工作台重置版	Extended Workbench Reborn	hmcl	17536
		extinguish-by-uss_shenzhou	extinguish	灭	Extinguish	hmcl	6752
		extra-alchemy	extraalchemy	扩展炼药	Extra Alchemy	hmcl	2397
		extra-anvils	extraanvils	更多铁砧 / 更多砧	Extra Anvils	hmcl	1768
		extra-aoa-info	aoainfo	额外虚无世界信息	Extra AoA Info	hmcl	8585
		extra-arcane-knowledge-electroblobs-wizardry	ghostspells	额外巫术知识	Extra Arcane Knowledge	hmcl	2683
		extra-armor	extraarmor	更多盔甲	Extra Armor	hmcl	5249
		extra-bows	extrabows	更多的弓	Extra Bows	hmcl	2165
		extra-disks	extradisks	更多磁盘	Extra Disks	hmcl	2394
		extra-enchantments-and-curses	extra-enchantments-and-curses	更多附魔和诅咒	Extra Enchantments and Curses	hmcl	16945
		extra-foam-for-liteloader	EFFLL (LiteLoader ObjectHolder fix)	Liteloader 修复	Extra Foam For LiteLoader	hmcl	1780
		extra-gems	extragems	额外的宝石	ExtraGems	hmcl	6518
		extra-generators	extragenerators	额外发电机	Extra Generators	hmcl	4247
		extra-golems	golems	更多傀儡	Extra Golems	hmcl	1858
		extra-golems-fabric	extragolemsfabric	更多傀儡 Fabric	Extra Golems Fabric	hmcl	27887
		extra-origins	extraorigins	起源扩展	Extra Origins	hmcl	3117
		extra-player-render	extra_player_renderer	额外玩家渲染	Extra Player Renderer	hmcl	3123
		extra-rails	ExtraRails	更多功能铁轨	Extra Rails	hmcl	1183
		extra-rails	extrarails	更多功能铁轨	Extra Rails	hmcl	1183
		extra-recipe	extra_recipe	更多配方	Extra Recipe	hmcl	7424
		extra-redstone-craft	extracraft	更多红石合成	Extra Redstone Craft	hmcl	8891
		extra-spells-electroblobs-wizardry	extra_spells	额外咒语	Extra Spells	hmcl	2389
		extra-sponges	extrasponges	更多海绵	Extra Sponges	hmcl	17684
		extra-tags	extratags	额外标签	Extra Tags	hmcl	6217
		extra-utilities	ExtraUtilities	更多实用设备	Extra Utilities	hmcl	81
		extra-utilities	extrautils2	更多实用设备2	Extra Utilities 2	hmcl	616
		extra-utilities-reborn	extrautilitiesrebirth	更多实用设备：重生	Extra Utilities Reborn	hmcl	7231
		extraacademy	exac	学园附属	ExtraAcademy	hmcl	2531
		extrabees-community	extrabees	更多蜜蜂：社区版	ExtraBees: Community Edition	hmcl	23465
		extrabiomesxl	ExtrabiomesXL	更多生态群系	ExtraBiomesXL	hmcl	50
		extrabiomesxl	extrabiomesxl	更多生态群系	ExtraBiomesXL	hmcl	50
		extrabotany	ExtraBotany	额外植物学	ExtraBotany	hmcl	497
		extrabotany	extrabotany	额外植物学	ExtraBotany	hmcl	497
		extrabotany-reburn	extrabotany	额外植物学：重燃	Extrabotany: Reburn	hmcl	19921
		extrabotany2	extrabotany	额外植物学重置版	ExtraBotany2	hmcl	7171
		extrabuttons	extrabuttons	更多按钮	ExtraButtons	hmcl	9549
		extracells2	extracells	更多存储单元2	Extra Cells 2	hmcl	174
		extrachampions	extrachampions	强敌扩充	ExtraChampions	hmcl	6091
		extracpus	extracpus	更多CPU	Extra CPUs	hmcl	3191
		extractinator	the_extractinator	提炼机	Extractinator	hmcl	6942
		extradelight	extradelight	额外乐事	ExtraDelight	hmcl	10649
		extraplanets	extraplanets	额外行星	Extra Planets	hmcl	722
		extraplayerrenderer	explayerenderer	额外玩家渲染	Extra Player Renderer	hmcl	2374
		extrastorage	extrastorage	更多存储	ExtraStorage	hmcl	3236
		extratic	ExtraTiC	匠魂扩展	Extra TiC	hmcl	440
		extreme-blocks	extremeblocks	极限方块	Extreme Blocks	hmcl	22297
		extreme-evasion	extremeevasion	极限闪避	Extreme Evasion	hmcl	28312
		extreme-reactors	bigreactors	极限反应堆	Extreme Reactors	hmcl	814
		exura	exura	更多实用设备：再重生	Extra Utilities Reborn Again	hmcl	24704
		eye-contact-prohibited	ecp	禁止眼神交流！	Eye contact prohibited	hmcl	5208
		ezstorage	ezstorage	EZ存储	EZStorage	hmcl	623
		ezstorage-2		EZ存储2	EZStorage 2	hmcl	2242
		ezstorage-2-patch	ezstorage2patch	EZ 存储 2 补丁	EZStorage 2 Patch	hmcl	19353
		ezstorage-new		简易存储	Simple Storage	hmcl	18966
		ezunclear-reactor-big-explosion-preventer	ezunclear	易研电炸/核抑危	EzUnclear	hmcl	23092
		f-k-create-world	fcw	不要创建世界	F**k Create World	hmcl	22067
		f-tech-equipment	f_tech_equipment	未来科技：装备	F-Tech: Equipment	hmcl	26096
		f1-racing-mod	helmetmod	方程式头盔	Formula Helmets	hmcl	28292
		f5-camera-control-f5	summer_xtjl	F5视角控制器	F5 Camera control	hmcl	23697
		fabric-autoswitch	autoswitch	自动切换工具	AutoSwitch	hmcl	4103
		fabric-database-h2	fabric-database-h2	H2数据库	Fabric Database H2	hmcl	20533
		fabric-disable-custom-worlds-advice	disable_custom_worlds_advice	禁用自定义世界警告	Disable Custom Worlds Advice	hmcl	3077
		fabric-seasons-extras	seasonsextras	Fabric Seasons: 拓展	Fabric Seasons: Extra	hmcl	10435
		fabric-tickratechanger-mod		Fabric版运算变速	Fabric TickRateChanger	hmcl	4831
		fabric-tree-chopper	fabric-tree-chopper	砍树	Fabric Tree Chopper	hmcl	5137
		fabric-waystones	fwaystones	Fabric 版传送石碑	Wraith Waystones / Fabric Waystones	hmcl	4333
		fabricate-out-of-nothing	new_ex_nihilo	新无中生有	Fabricate Out of Nothing	hmcl	27374
		fabricproxy	fabricproxy	Fabric 群组支持	FabricProxy	hmcl	1699
		fabrictailor	fabrictailor	离线皮肤切换	Fabric Tailor	hmcl	4879
		fabrishot	fabrishot	高清截图Fabric	Fabrishot	hmcl	4059
		factions-and-curiosities	fnc	派系与奇遇	Factions And Curiosities	hmcl	14628
		factory-blocks	factory_blocks	工厂方块	Factory Blocks	hmcl	20843
		factory-tech	factorytech	工厂科技	FactoryTech	hmcl	1409
		faded-widgets	fadedwidgets	淡出界面	Faded Widgets	hmcl	16319
		fairenchanting	fairenchanting	公平附魔	FairEnchanting	hmcl	4258
		fairy-lights	fairylights	圣诞彩灯	Fairy Lights	hmcl	3086
		fake-people	fakepeople	假人	Fake People	hmcl	10861
		fall_attack	fallattack	下落击杀	fall_attack	hmcl	2744
		falling-leaves-fabric	fallingleaves	落叶	Falling Leaves (Fabric)	hmcl	4421
		falling-leaves-forge	fallingleaves	落叶	Falling Leaves (NeoForge/Forge)	hmcl	4135
		falling-meteors-mod	meteors	陨石	Falling Meteors	hmcl	354
		falling-tree	falling_tree	伐树	FallingTree	hmcl	3054
		falling-tree	fallingtree	伐树	FallingTree	hmcl	3054
		falling-with-style	fallingwithstyle	花式降落	Falling With Style	hmcl	4002
		fallingalchemy	fallingalchemy	坠落炼金	FallingAlchemy	hmcl	18972
		familiar-fauna	familiarfauna	熟悉的动物	Familiar Fauna	hmcl	1054
		familiar-friends	familiar_friends	亲密伙伴	Familiar Friends	hmcl	19490
		fancy-battleaxes	fancy_battleaxes	华丽战斧	Fancy Battleaxes	hmcl	913
		fancy-block-particles	fbp	梦幻方块效果	Fancy Block Particles	hmcl	1135
		fancy-enchantments	fancyenchantments	奇异附魔	Fancy Enchantments	hmcl	15242
		fancy-trail	fancy_trail	梦幻刀光	Fancy Trail	hmcl	23105
		fancy-trinkets	fancytrinkets	精美的小饰品	Fancy Trinkets	hmcl	18168
		fantastic-fish-alpha-v1-4		神奇的鱼	Fantastic Fish	hmcl	5095
		fantasy-armor	fantasy_armor	幻想铠甲	Fantasy Armor	hmcl	17110
		fantasy-ending	fantasy_ending	梦幻终焉	FantasyEnding	hmcl	16674
		fantasy-iron-fix	fantasyironfix	铁梦兼容	Fantasy Iron Fix	hmcl	25172
		fantasy-trees	fantasy_trees	奇幻树	Fantasy Trees	hmcl	11175
		fantasycraft-remake	fantasycraft	幻想工艺	FantasyCraft	hmcl	14665
		fantasyfood	fantasyfood	幻想食物	FantasyFood	hmcl	15703
		fantasys-dice	fantasydice	Fantasy的骰子	Fantasy's Dice	hmcl	7725
		fantasys-furniture	fantasyfurniture	Fantasy的家具	Fantasy's Furniture	hmcl	6455
		fantasyunderworld	fantasyunderworld	江湖行	fantasyunderworld	hmcl	2707
		far-from-home	farfromhome	背井离乡	Far From Home	hmcl	1648
		fargo-soul	fargo_soul	Fargo魂石	Fargo Soul	hmcl	21095
		fargos-talismans	fargos	Fargo的护身符	Fargo's Talismans	hmcl	15712
		farlanders	farlanders	更多末影人	The Farlanders	hmcl	2741
		farlands	farlanders	边境之地	FarLands	hmcl	1915
		farm-adventure	farm_adventure	农场冒险	Farm Adventure	hmcl	1662
		farm-adventure	farm_adventure_ii	农场冒险	Farm Adventure	hmcl	1662
		farmer-s-delight-bedrock-unofficial	FarmersDelightBedrockUnofficial	农夫乐事基岩版 (Unofficial)	Farmer's Delight Bedrock (Unofficial)	hmcl	14773
		farmers-delight	farmersdelight	农夫乐事	Farmer's Delight	hmcl	2820
		farmers-delight-compatibility-fix	fdcf	农夫乐事兼容修复	Farmer's Delight Compatibility Fix	hmcl	26753
		farmers-delight-cookbook-addon	fd_cookbook	农夫乐事：烹饪书拓展	Farmer's Delight Cookbook Addon	hmcl	4552
		farmers-delight-cookbook-reforged	fdcookbook	农夫乐事：烹饪书重制版	Farmer's Delight: CookBook Reforged	hmcl	12982
		farmers-delight-legacy		农家乐	Farmer's Delight Legacy	hmcl	26346
		farmers-delight-refabricated	farmersdelight	农夫乐事：重织	Farmer's Delight Refabricated	hmcl	14196
		farmers-extra-foods	farmers_extra_foods	农夫的拓展食物	Farmer's Extra Foods	hmcl	4564
		farmers-respite	farmersrespite	农夫暇事	Farmer's Respite	hmcl	6737
		farmers-respite-fabric	farmersrespite	农夫暇事 (Fabric 版)	Farmer's Respite (Fabric)	hmcl	8892
		farmers-tea	farmerstea	农夫的茶	Farmer's Tea	hmcl	3657
		farmers-tfc	farmerstfc	农夫群峦	Farmers TFC	hmcl	21159
		farming-for-blockheads	farmingforblockheads	农场贸易	Farming for Blockheads	hmcl	2057
		farplanetwo	fp2	远平面2	Far Plane Two	hmcl	3952
		fart-generator	fartgen	屁能发电机	Fart Energy Generator	hmcl	2062
		fast-container-placement	fast-container-placement	快速容器放置	Fast Container Placement	hmcl	20017
		fast-container-placement	fast_container_placement	快速容器放置	Fast Container Placement	hmcl	20017
		fast-food	fastfood	快餐	Fast Food	hmcl	1824
		fast-fps-display	fast-fps-display	快速帧率显示	Fast FPS Display	hmcl	24009
		fast-furnace-for-fabric	fastfurnace	熔炉性能优化 Fabric 版	Fast Furnace for Fabric	hmcl	3079
		fast-industrial-platform	fast_industrial_platform	快速工业平台	Fast Industrial Platform	hmcl	22342
		fast-leaf-decay	fastleafdecay	树叶快速腐烂	Fast Leaf Decay	hmcl	1173
		fast-recipe-search	fastrecipesearch	快速配方查找	Fast Recipe Search	hmcl	23783
		fast-tpa	fast_tpa	我来助你！	Fast TPA	hmcl	16833
		fastbench-for-fabric	fastbench	工作台性能优化Fabric版	FastBench for Fabric	hmcl	5403
		fastchest	fastchest	快速箱子渲染	FastChest	hmcl	4655
		fastcraft	FastCraft	快速工艺	FastCraft	hmcl	436
		faster-block-placement	fasterblockplacement	更快的方块放置	Faster Block Placement	hmcl	23786
		faster-fly-block-breaking	fasterflyblockbreak	飞行速速破	Faster Fly Block Breaking	hmcl	16475
		faster-ladder-climbing	fasterladderclimbing	更快的爬梯	Faster Ladder Climbing	hmcl	3832
		fastflyblockbreaking	fastflyblockbreaking	飞行速破	FastFlyBlockBreaking	hmcl	1755
		fastfood-delight	fastfooddelight	快餐乐事	FastFood Delight	hmcl	8287
		fastfood-delight-bedrock-unofficial		快餐乐事基岩版	FastFood Delight Bedrock (Unofficial)	hmcl	19924
		fastfood-delight-unofficial	fastfooddelight	重启速食/快餐乐事非官方版	FastFood Delight Unofficial	hmcl	16474
		fastfurnace	fastfurnace	熔炉性能优化	FastFurnace	hmcl	1485
		fastfurnace-decreased	fastfurnace	熔炉性能优化--	FastFurnace--	hmcl	18483
		fastopenlinksandfolders	fastopenlinksandfolders	快速打开链接和文件夹	FastOpenLinksAndFolders	hmcl	5576
		fastquit	fastquit	快速退出	FastQuit	hmcl	8333
		fastspawner	fastspawner	刷怪笼渲染优化/产器速算	FastSpawner	hmcl	20864
		fastsuite	fastsuite	配方性能优化	FastSuite	hmcl	3822
		fastworkbench	fastbench	工作台性能优化	FastWorkbench	hmcl	1486
		fat-cat	fat_cat	大资本家	Fat Cat	hmcl	3064
		fat-experience-orbs	fatxporbs	肥胖经验球	Fat Experience Orbs	hmcl	4069
		fca-flame-chase-artifacts-new	flame_chase_artifacts	星穹饰品	Flame Chase Artifacts/Flame Chase Artifacts New	hmcl	23631
		feders-scarecrows	feders_scarecrows	Feder的稻草人	Feder's Scarecrows	hmcl	4663
		felling	felling	连锁砍树	Felling	hmcl	3122
		female-villagers	femalevillagers	女性村民	Female Villagers	hmcl	9336
		fence-overhaul	fenceoverhaul	斜栅栏	Fence Overhaul	hmcl	1568
		ferritecore-fabric	ferritecore	铁氧体磁芯	FerriteCore	hmcl	3888
		fertile-farmland	fertile_farmland	沃壤千里	Fertile Farmland	hmcl	5191
		fertilization	fertilization	施肥	Fertilization	hmcl	2193
		feruchemy-allomancy	feruchemy	藏金术	Feruchemy	hmcl	8984
		festival-delicacies	festival_delicacies	节日佳肴	Festival Delicacies	hmcl	10829
		festive-delight	festive_delight	节日乐事	Festive Delight	hmcl	8288
		feywild	feywild	仙灵荒野	Feywild	hmcl	4266
		ffs-fancy-fluid-storage	ffs	液体存储	Fancy Fluid Storage	hmcl	24847
		fictional	fictional	虚饰修复	Fictional Mod	hmcl	25768
		filtpick	filtpick	拾取筛	FiltPick	hmcl	8081
		final-netherite	final_enhanced_netherite	最终下界合金	Final Netherite	hmcl	27858
		find-me	find_me	找到我	Find me	hmcl	28285
		findit	findit	找到它	Findit!	hmcl	1175
		findme	findme	东寻西觅	FindMe	hmcl	2156
		findshit	findshit	找史大王 / 日志溯源	find log's creator / findshit	hmcl	20612
		fins-and-tails	finsandtails	鳍和尾巴	Fins and Tails	hmcl	4651
		fintastic	fintastic	鳍妙至极	Fintastic	hmcl	21966
		fintastic-supreme	fintastic_supreme	鳍妙至极	Fintastic Supreme	hmcl	27290
		fire-crafting	firecrafting	烈焰配方	Fire Crafting	hmcl	6632
		fire-extinguisher	fire_extinguisher	灭火器	Fire Extinguisher	hmcl	6926
		fire-overlay-controller	fireoverlaycontroller	火焰叠加层调整	Fire Overlay Controller	hmcl	4895
		firesafety	firesafety	安全用火	FireSafety	hmcl	6372
		firma-aircraft	firma_aircraft	群峦航线	Firma Aircraft	hmcl	24703
		firmacivilization	firmaciv	群峦传说：航海文明	Firma: Civilization	hmcl	13160
		first-aid	firstaid	急救/医疗护理	First Aid	hmcl	916
		first-person-model	firstperson	更真实的第一人称模型	First-person Model	hmcl	4391
		fish-traps	fishtraps	鱼栅	Fish Traps	hmcl	4027
		fish-traps-remastered	fishtraps	鱼栅非官方重制版	Fish Traps Remastered	hmcl	24889
		fishing-life	fishinglife	钓鱼生活	FishingLife	hmcl	14312
		fishing-made-better	fishingmadebetter	更好的钓鱼	Fishing Made Better	hmcl	5463
		fishing-real	fishingreal	更真实的钓鱼	Fishing Real	hmcl	2883
		fishs-undead-rising	mod_lavacow	Fish的不死崛起/Fish的亡灵崛起	Fish's Undead Rising	hmcl	2345
		fisks-superheroes-2	fiskheroes	菲斯克的超级英雄	Fisk's Superheroes	hmcl	1542
		fission-based-neutron-collector	fbnc	裂变能中子素收集器	Fission Based Neutron Collector	hmcl	2563
		fix-attack-lag	fix_attack_lag	修复攻击卡顿	Fix Attack Lag	hmcl	20491
		fix-gpu-memory-leak	gpumemleakfix	修复GPU内存泄漏	fix GPU memory leak	hmcl	11863
		fix-guard	fixguard	格挡修复	FixGuard	hmcl	15423
		fkgauntlet	fkgauntlet	去他的下界铁掌	FkGauntlet	hmcl	28263
		flame-sweeping	flame_sweeping	烈焰横扫	Flame Sweeping	hmcl	8828
		flame-sweeping	flamesweeping	烈焰横扫	Flame Sweeping	hmcl	8828
		flame-sweeping-potato-edition	flamesweeping	烈焰横扫：土豆版	Flame Sweeping Potato Edition	hmcl	10932
		flans-mod-5-5-2	flansmod	Flan 的枪械	Flan's Mod	hmcl	27
		flans-mod-reloaded	flansmod	Flan的枪械重制版	Flan's Mod: Reloaded	hmcl	13025
		flat-colored-blocks-forge	flatcoloredblocks	平滑色块	Flat Colored Blocks	hmcl	804
		flatsigns	FlatSigns	平置牌子	FlatSigns	hmcl	136
		flatworld	com.ch1a.flatworld	开山棒	Flat World	hmcl	1983
		flatworld	flatworld	开山棒	Flat World	hmcl	1983
		flavor-fantasy-xiv	xiv_flavor	幻想乐事：XIV	Flavor Fantasy XIV	hmcl	27040
		flaxbeards-steam-power	Steamcraft	FSP蒸汽动力	Flaxbeard's Steam Power	hmcl	365
		flerovium	flerovium	鈇	Flerovium	hmcl	17322
		flickerfix	flickerfix	闪烁修复	FlickerFix	hmcl	11842
		flight-api	flightapi	飞行 API	Flight API	hmcl	21221
		flight-kick-bypass	flightkickbypass	飞行踢出优化	Flight Kick Bypass	hmcl	27815
		flight-ring	flightring	飞行戒指	Flight Ring	hmcl	23277
		flightem	flightem	我要骑着你飞	Flightem	hmcl	11519
		flighthud-reborn	flighthud	鞘翅飞行抬头显示：重生	FlightHUD: Reborn	hmcl	12802
		floatable-pressure-plates	fpp	可浮空压力板	Floatable Pressure Plates	hmcl	21732
		floating-block	floating_block	浮空立方体	Floating Cube	hmcl	9970
		floatingruins	FloatingRuins	浮空遗迹	FloatingRuins	hmcl	11126
		flopper	flopper	流体漏斗	Flopper	hmcl	2096
		floral-herb-blade	floral_herb_blade	花草世界/花草剑	Floral Herb Blade	hmcl	17861
		floricraft	floricraft	花卉工艺	Floricraft	hmcl	2186
		flotage	flotage	漂浮物	Flotage	hmcl	6474
		flourfood	betterfood	面食	Flour Food	hmcl	22625
		flowercraft	flowercraftmod	花朵世界	Flowercraft	hmcl	24849
		flowermap	flowermap	花卉地图	Flower Map	hmcl	10105
		fluffy-title	fluffytitle	蓬松标题	Fluffy Title	hmcl	25565
		fluid-cows	fluidcows	流体牛	Fluid cows	hmcl	3332
		fluid-drawers	fluiddrawers	储液抽屉	Fluid Drawers	hmcl	3046
		fluid-drawers-legacy	fluiddrawerslegacy	储液抽屉：遗产	Fluid Drawers Legacy	hmcl	6047
		fluid-interaction-tweaker	fluidintetweaker	自定义流体交互	Fluid Interaction Tweaker	hmcl	16361
		fluid-physics-forge	fluidphysics	流体物理	Fluid Physics	hmcl	3168
		fluidconverters	fluidconverters	流体转化器	FluidConverters	hmcl	6463
		fluidium	fluidium	锍	Fluidium	hmcl	20710
		fluidsystem	fluidsystem	流体系统	FluidSystem	hmcl	3053
		flux-applied	flux_applied	通量应用	Flux Applied	hmcl	27031
		flux-networks	fluxnetworks	通量网络	Flux Networks	hmcl	803
		flux-overdrive	flux_overdrive	通量超驱	Flux Overdrive	hmcl	26932
		fluxed-crystals-2	fluxedcrystals	变换水晶2	Fluxed-Crystals 2	hmcl	24895
		fly-in-the-sky	fly_in_the_sky	高空飞行	Fly in the sky	hmcl	17967
		flyingmobs	flyingmobs	怪物飞行	Flying Mobs	hmcl	27642
		flywheel	flywheel	飞轮	Flywheel	hmcl	4178
		fmprojecte-fmpe		等价交换重制-EMC上限扩展版	FMProjectE	hmcl	4403
		fnars-roguelike-dungeons	roguelike	冒险地牢-Fnar版	Roguelike Dungeons -- Fnar's Edition	hmcl	5339
		foamfix-optimization-mod	foamfix	泡沫修复	FoamFix	hmcl	978
		foamfix-optimization-mod	foamfixcore	泡沫修复	FoamFix	hmcl	978
		foamfix-reforged		泡沫修复：重铸版	FoamFix (Reforged)	hmcl	27827
		food-editor		食物编辑器	Food Editor	hmcl	1917
		food-effect-tooltips	foodeffecttooltips	食物效果显示	Food Effect Tooltips	hmcl	8020
		food-effect-tooltips-forge	foodeffecttooltips	食物效果显示Forge版	Food Effect Tooltips (Forge)	hmcl	8558
		food-effects	foodeffects	食物效果	Food Effects	hmcl	5072
		food-enhancements	food_enhancements	食物扩增	Food Enhancements	hmcl	7298
		food-expansion	fe	食物扩展	Food Expansion	hmcl	4801
		food-expansion	foodexpansion	食物扩展	Food Expansion	hmcl	4801
		food-expansion-reimagined	foodexpansion	食物扩展：重构想	Food Expansion: Reimagined	hmcl	4803
		food-ores		食物矿石	Food Ores	hmcl	1655
		food-treasure-box	alien_food	食物宝盒	Food Treasure Box	hmcl	8105
		foodcraft-reloaded	foodcraft	食物工艺重置版	FoodCraft Reloaded	hmcl	1029
		foodmodmorefood	more_food	更多食物	More Food	hmcl	11481
		foodstats	foodstats	食物增强	foodstats	hmcl	18807
		foodvariations	solclassic	生活调味料：经典版	Spice of Life: Classic Edition	hmcl	16710
		footprintparticle	footprintparticle	脚印粒子	FootprintParticle	hmcl	9454
		foragers-insight	foragers_insight	巧觅巧食	Forager's Insight	hmcl	20092
		forbidden-arcanus	forbidden_arcanus	禁忌与奥秘	Forbidden and Arcanus	hmcl	2226
		forbidden-magic	ForbiddenMagic	禁忌魔法	Forbidden Magic	hmcl	233
		force-void-world	FVW	强制虚空世界	Force Void World	hmcl	1646
		force-void-world	fvw	强制虚空世界	Force Void World	hmcl	1646
		forceasciifont	forceasciifont	强制ASCII字体	ForceASCIIFont	hmcl	2190
		forcecraft	forcecraft	力量工艺	ForceCraft	hmcl	5005
		forcejava21	forcejava21	强制 Java21	ForceJava21	hmcl	15857
		forest-survival-treehouse	forest_survival_treehouse	森林生存树屋	Forest Survival Treehouse	hmcl	26383
		forestry	Forestry	林业	Forestry	hmcl	5
		forestry	forestry	林业	Forestry	hmcl	5
		forestry-community-edition	forestry	林业：社区版	Forestry: Community Edition	hmcl	16090
		forestry-fermenter-addon	ForestryFermenterAddon-1.7.10	更多生物质	Forestry Fermenter Addon	hmcl	1259
		forever-babies	foreverbabies	稚子长留	Forever Babies	hmcl	24265
		forever-enough-items	FEI	FEI物品管理器	Forever Enough Items	hmcl	6108
		forever-enough-items	fei	FEI物品管理器	Forever Enough Items	hmcl	6108
		forge-backpacks	backpack	更多背包	Backpacks	hmcl	2274
		forge-creeper-heal	forgecreeperheal	Forge 苦力怕坑修复	Forge Creeper Heal	hmcl	15062
		forge-creeper-heal-unofficial	creeperheal	Forge 苦力怕坑修复[非官方版]	Forge Creeper Heal [Unofficial]	hmcl	4722
		forge-nbtedit-for-1-7-10	NBTEdit	内置NBT编辑器	In-Game NBTEdit	hmcl	80
		forge-nbtedit-for-1-7-10	nbtedit	内置NBT编辑器	In-Game NBTEdit	hmcl	80
		forge-snad	snad	子沙1.14+	Snad	hmcl	4931
		forge-string-unpatched-powered-permanent-string	stringunpatched	(Neo)Forge 常亮绊线特性恢复	Forge String Unpatched - Powered Permanent String	hmcl	19816
		forge-zombie-plague-mod-2-wip	zombieplague2	僵尸瘟疫2	Zombie Plague 2	hmcl	14808
		forgedpaginatedadvancements	paginatedadvancements	分页进度 (Neo)Forge 版	ForgedPaginatedAdvancements	hmcl	19747
		forgematica	forgematica	全息蓝图	Forgematica / Litematica-Forge	hmcl	10142
		forgematica	litematica	全息蓝图	Forgematica / Litematica-Forge	hmcl	10142
		forgeservertools	ServerTools-CORE	服务器工具-核心	ServerTools-CORE	hmcl	13354
		forgesoul	forgesoul	魂锻	ForgeSoul	hmcl	24323
		forgiving-border	forgivingborder	仁慈的世界边界	ForgivingBorder	hmcl	12859
		forgiving-void	forgivingvoid	仁慈的虚空	Forgiving Void	hmcl	1926
		forgotten-items	forgottenitems	被遗忘的物品	Forgotten Items	hmcl	4802
		forgotten-relics	ForgottenRelics	失落遗物学	Forgotten Relics	hmcl	2166
		forgotten-relics-re	forgotten_relics	失落遗物学：重现	Forgotten Relics RE	hmcl	28217
		fork-twilightforest-thread-safety-addon-for-forge	tfthreadsafetyaddon	暮色森林线程修复 (Forge)	Twilight Forest Thread Safety Addon Fork for Forge	hmcl	24272
		formatless	formatless	格逝	Formatless	hmcl	23144
		formivore-generators-walled-city-great-wall-ca	CARuins	城墙城市生成	Cellular Automata Generator/Great Wall Mod/Walled City Generator	hmcl	726
		formivore-generators-walled-city-great-wall-ca	GreatWallMod	城墙城市生成	Cellular Automata Generator/Great Wall Mod/Walled City Generator	hmcl	726
		formivore-generators-walled-city-great-wall-ca	WalledCityMod	城墙城市生成	Cellular Automata Generator/Great Wall Mod/Walled City Generator	hmcl	726
		formless	formless	无相	Formless	hmcl	24103
		forsaken-items	forsakenitems	被遗忘的物品：重生	Forsaken Items Reforked	hmcl	19246
		fossils	HungerOverhaul	考古与化石	Fossils and Archeology Revival	hmcl	209
		fossils-archeology-origins	fossilsorigins	考古与化石：起源	Fossils & Archeology Origins	hmcl	18347
		foundry	foundry	金属工坊	Foundry	hmcl	254
		four-seasons-chronicle-of-huayue	lilac_boss	四季花月录		hmcl	28775
		fox-friend	suikefoxfriend	狐友	Fox Friend	hmcl	19114
		fox-trot-brew	fox_trot_brew	狐步酿香	Fox Trot Brew	hmcl	26345
		foxbladeextrare	foxextra	狐月刀改·重生	FoxBladeExtraRe	hmcl	23269
		fpresearchpatcher	fpresearchpatcher	飞向未来研究数据包兼容	Futurepack Research Patcher	hmcl	21297
		fps-reducer	fpsreducer	FPS减速器	FPS Reducer	hmcl	1815
		fps-reducre-for-fabric		FPS减速器 (Fabric)	FPS Reducer (For Fabric)	hmcl	4086
		fpsmatch	fpsmatch	通用射击游戏比赛框架	FPSMatch	hmcl	17934
		fpsplus-lagfixes	fpsplus	FPS优化	FPS Plus	hmcl	202
		fracdustry	fracdustry	分形工业	Fractal Industry	hmcl	5038
		framed-compacting-drawers	framedcompactdrawers	镶框压缩抽屉	Framed Compacting Drawers	hmcl	3096
		framedblocks	framedblocks	框架方块	FramedBlocks	hmcl	5918
		franciscofunari	medieval_craft	中世纪工艺	Medieval Craft	hmcl	5696
		francium	francium	钫	Francium	hmcl	13085
		free-camera-api	free_camera_api	自由相机API	FreeCameraAPI	hmcl	16285
		free-camera-api	freecameraapi	自由相机API	FreeCameraAPI	hmcl	16285
		free-camera-api-tripod	free_camera_api_tripod	自由相机API-三脚架	Free Camera API Tripod	hmcl	20363
		free-epic-games	freeepicgames	FE 游戏框架	FreeEpicGames	hmcl	20531
		free-place	free_place	自由放置	Free Place	hmcl	27640
		freelook	freelook	自由视角	FreeLook	hmcl	1816
		freeze-it-and-heat-it	fiahi	冷汗：食物冷冻与加热	Freeze It, and Heat It!	hmcl	12102
		friendlink	friendlink	好友联机	FriendLink	hmcl	27046
		friendlyendermite	friendermite	友好的末影螨	FriendlyEndermite	hmcl	4800
		friendlyendermite	friendlyendermite	友好的末影螨	FriendlyEndermite	hmcl	4800
		friendlymobs	friendlymobs	友好的怪物	FriendlyMobs	hmcl	2140
		friends-and-foes-forge	friendsandfoes	同伴与对手	Friends & Foes	hmcl	6232
		friends-forever	friendsforever	永恒的伙伴	Friends Forever	hmcl	12156
		friendtp	friendtp	朋友TP	FrinedTP	hmcl	25114
		frights-delight	frightsdelight	惊悚乐事	Fright's Delight	hmcl	13139
		frogcraft-rebirth	frogcraftrebirth	青蛙化工:重生	FrogCraft: Rebirth	hmcl	2589
		from-the-ground-up	ftgumod	白手起家	From The Ground Up	hmcl	1498
		frosted-heart	frostedheart	冬季救援：寒霜之心	The Winter Rescue: Frosted Heart	hmcl	15688
		frostfire-dragon	frostfire_dragon	冰焰龙	Frostfire Dragon	hmcl	25323
		frostiful	frostiful	霜冻	Frostiful	hmcl	10390
		frozen-apocalypse	frozen_apocalypse	冰封启示录	Frozen Apocalypse	hmcl	9003
		frozen-delight	frozen_delight	冰封乐事	Frozen Delight	hmcl	6383
		frozen-fish	frozenfish	冻鱼	FrozenFish	hmcl	11507
		frozen-up	frozenup	千里冰封	Frozen Up	hmcl	5663
		fruit-delight	fruitdelight	果品乐事	Fruit Delight	hmcl	10958
		fruit-stack	fruitstack	果栈丰萦	Fruit Stack	hmcl	11672
		fruit-trees	fruitfulfun	妙趣果园 🍊	Fruitful Fun 🍊	hmcl	2416
		fruit-trees	fruittrees	妙趣果园 🍊	Fruitful Fun 🍊	hmcl	2416
		fruitful	fruitful	硕果累累	Fruitful	hmcl	4235
		fruits-delight	fruitsdelight	果园乐事	Fruits Delight	hmcl	12920
		fruitstack-jei-support	fruitstackjeisupport	果栈丰萦JEI支持	Fruitstack Jei Support	hmcl	12539
		fruity-random-teleport	fruity_tpr	紫颂果味随机传送	Fruity Random Teleport	hmcl	11551
		fruitydelight	fruitydelight	水果乐事	FruityDelight	hmcl	24162
		frycooks-delight	frycooks_delight	油炸乐事	Frycook's Delight	hmcl	16224
		ftb-backups-2	ftbbackups2	FTB备份2	FTB Backups 2	hmcl	6688
		ftb-backups-3	ftbbackups3	FTB 备份 3	FTB Backups 3	hmcl	20360
		ftb-backups-forge	ftbbackups	FTB备份	FTB Backups	hmcl	2127
		ftb-beast-coin-miner	ftb_beast_coin_miner	货币矿机	Beast Coin Miner	hmcl	5101
		ftb-chunks-forge	ftbchunks	FTB 区块	FTB Chunks	hmcl	3201
		ftb-industrial-contraptions	ftbic	FTB工业奇械	FTB Industrial Contraptions	hmcl	5194
		ftb-jar-mod-forge	ftbjarmod	FTB 玻璃罐	FTB Jar Mod	hmcl	6887
		ftb-library-legacy-forge	FTBL	FTB Library (旧版)	FTB Library (Forge) (Legacy)	hmcl	718
		ftb-library-legacy-forge	ftbl	FTB Library (旧版)	FTB Library (Forge) (Legacy)	hmcl	718
		ftb-library-legacy-forge	ftblib	FTB Library (旧版)	FTB Library (Forge) (Legacy)	hmcl	718
		ftb-money	ftbmoney	FTB 交易	FTB Money	hmcl	1910
		ftb-power-pots	ftb-power-pots	FTB 电力植物盆	FTB Power Pots	hmcl	4987
		ftb-quest-localizer	ftbquestlocalizer	FTB Quest 本地化	FTB Quest Localizer	hmcl	15785
		ftb-quests-forge	ftbquests	FTB 任务	FTB Quests	hmcl	1423
		ftb-quests-freeze-fix	ftbquestsfreezefix	FTB任务冻结修复	FTB Quests Freeze Fix	hmcl	21635
		ftb-teams-forge	ftbteams	FTB 团队	FTB Teams	hmcl	3179
		ftb-ultimine-forge	ftbultimine	连锁破坏	FTB Ultimine	hmcl	3004
		ftb-utilities-forge	FTBU	FTB 实用工具	FTB Utilities	hmcl	839
		ftb-utilities-forge	ftbu	FTB 实用工具	FTB Utilities	hmcl	839
		ftb-utilities-forge	ftbutilities	FTB 实用工具	FTB Utilities	hmcl	839
		ftechresource	ftresource	异星科技：资源	FTech Resource	hmcl	28175
		fuji	fuji	藤	Fuji	hmcl	12645
		fullbright	fullbright	充满光明	Fullbright	hmcl	2604
		fullscreen-windowed-borderless-for-minecraft	fw	窗口化全屏	Fullscreen Windowed (Borderless) for Minecraft	hmcl	2721
		fun-ores	funores	趣味矿石	Fun Ores	hmcl	1368
		fun-tnt	funtnt	有趣的TNT	Fun TNT	hmcl	4885
		function-command-deduplicator	func_cmd_dedup	函数命令去重器	Function Command Deduplicator	hmcl	21633
		functional-economy	functional_economy	功能性钱币	FunctionalEconomy	hmcl	19085
		functional-storage	functionalstorage	功能性存储	Functional Storage	hmcl	5350
		functional-storage-unofficial-extended-life		功能性存储非官方延续版	Functional Storage Unofficial Extended Life	hmcl	25991
		functionalstoragelegacy	functionalstoragelegacy	怀旧功能性存储	FunctionalStorageLegacy	hmcl	25357
		fungal-hazard	fungal_hazard	蕈骸迷途	Fungal Hazard	hmcl	20550
		fungal-infection-calamitous-tunes	calamitous_tunes	真菌感染：灾厄生物乐章	Fungal Infection: Calamitous Tunes	hmcl	28749
		fungal-infection-spore	spore	真菌感染：孢子	Fungal Infection: Spore	hmcl	11210
		fungalworks	fungalworks	菌材实料	Fungalworks	hmcl	27959
		funky-effect-lib	funky_effect_lib	奇趣效果Lib	Funky Effect Lib	hmcl	27816
		funny-fruit	funnyfruit	滑稽果	FunnyFruit	hmcl	2078
		furenikusroads	furenikusroads	Fureniku的路	Fureniku's Roads	hmcl	2529
		furnace-overhaul	furnaceoverhaul	熔炉改革	Furnace Overhaul	hmcl	1401
		furnace-recycle	furnacerecycle	熔炉回收	Furnace Recycle	hmcl	7772
		furnace-recycle	furnacerecycle-fabric	熔炉回收	Furnace Recycle	hmcl	7772
		furnection	ls_furniture	LYIVX的家具	Furnection	hmcl	18493
		furniture-compatibility-for-macaw-tfc	mcw_tfc_furn	Macaw 的家具：群峦传说附属	Furniture Compatibility for Macaw/TFC	hmcl	9687
		fusion-smithing	fusion-smithing	融锻	Fusion Smithing	hmcl	14251
		future-fireproof	futurefireproof	未来防火	Future Fireproof	hmcl	19864
		future-mc	futuremc	未来的MC	Future MC	hmcl	1608
		future-mc	minecraftfuture	未来的MC	Future MC	hmcl	1608
		future-minecraft	futureminecraf	未来的版本	FutureVersions	hmcl	1496
		future-small-decorations	future_small_decorations	未来小装饰	Future Small Decorations	hmcl	26987
		futurecherry	futurecherry	未来的樱花	FutureCherry	hmcl	19531
		futurediary	futurediary	未来日记	FutureDiary	hmcl	12124
		futurepack	fp.api	飞向未来	Futurepack Mod	hmcl	512
		futuristic-decor	futuristic_decor	次元科技装饰方块	Futuristic Decor	hmcl	12773
		fx-control	fxcontrol	效果控制	Fx control	hmcl	4942
		fyres-youwilldiemod	fyresmodjam	必死无疑	The "You Will Die" Mod	hmcl	4777
		g-weapons-mod-gargantuan-weapons-mods	gweapons	G武器	G-Weapons	hmcl	15591
		gachaaddiction	gachaaddiction	抽卡瘾	GachaAddiction	hmcl	28690
		gadomancy	gadomancy	魔像秘经	Gadomancy	hmcl	520
		gadomancy-unofficial		魔像秘经非官方版	Gadomancy Unofficial	hmcl	26465
		galacticraft-automatic-resources	galacticraftresources	星系自动资源	Galacticraft Automatic Resources	hmcl	17211
		galacticraft-boobcat-edition		星系Boobcat版	Galacticraft Boobcat Edition	hmcl	28542
		galacticraft-compatibility	galacticraftcompatibility	星系兼容	Galacticraft Compatibility	hmcl	17145
		galacticraft-legacy	GalacticraftCore	星系	GalactiCraft	hmcl	194
		galacticraft-legacy	GalacticraftMars	星系	GalactiCraft	hmcl	194
		galacticraft-legacy	galacticraftcore	星系	GalactiCraft	hmcl	194
		galacticraft-legacy	galacticraftplanets	星系	GalactiCraft	hmcl	194
		galaxy-space-addon-for-galacticraft	GalaxySpace	星空	Galaxy Space	hmcl	551
		galaxy-space-addon-for-galacticraft	galaxyspace	星空	Galaxy Space	hmcl	551
		galaxysimagination	galaxysimagination	Galaxy的奇思妙想	Galaxy's Imagination	hmcl	21391
		gallant-tireless-altruist	gallanttirelessaltruist	热心市民	Gallant Tireless Altruist	hmcl	19764
		game-discs	gamediscs	游戏光碟	Game Discs	hmcl	16810
		game-menu-remove-gfarb	gamemenuremovegfarb	游戏菜单移除GFARB	Game Menu Remove GFARB	hmcl	3806
		game-phase	gamephase	游戏阶段	Game Phase	hmcl	13778
		game-stages	gamestages	游戏阶段	Game Stages	hmcl	1360
		gameinfo	gameinfo	游戏信息	GameInfo	hmcl	3334
		gamemenumodoption	gamemenumodoption	游戏菜单模组设定	Game Menu Mod Option	hmcl	3805
		gamemodeoverhaul	gamemodeoverhaul	旧版指令	GamemodeOverhaul	hmcl	4702
		gamma-utils	gammautils	伽玛工具	Gamma Utils	hmcl	6720
		ganys-end	ganysend	Gany的末地	Gany's End	hmcl	3036
		ganys-nether	ganysnether	Gany的下界	Gany's Nether	hmcl	3035
		ganys-surface	ganyssurface	Gany的世界	Gany's Surface	hmcl	621
		garbage-energy	GarbageEnergy	废品能源炉	Garbage Energy	hmcl	2631
		garden-stuff	GardenContainers	园林组合	Garden Stuff	hmcl	8016
		garden-stuff	GardenCore	园林组合	Garden Stuff	hmcl	8016
		garden-stuff	GardenStuff	园林组合	Garden Stuff	hmcl	8016
		garden-stuff	GardenTrees	园林组合	Garden Stuff	hmcl	8016
		gardens-of-the-dead	gardens_of_the_dead	死亡花园	Gardens of the Dead	hmcl	8357
		gargoyles-mod	gargoyles	石像鬼	Gargoyles	hmcl	1461
		garnished	garnished	机械动力：装食	Create: Garnished	hmcl	11578
		gas-conduits	gasconduits	气体导管	Gas Conduits	hmcl	2666
		gate-of-babylon	gateofbabylon	王之财宝	Gate of Babylon	hmcl	6337
		gate-of-babylon-additions	gate_of_babylon_additions	王之财宝附加	Gate of Babylon Additions	hmcl	7523
		gateways-to-eternity	gateways	永恒之门	Gateways to Eternity	hmcl	7522
		gathering-torches-become-sunlight	torchesbecomesunlight	薪火，造炬成阳	Gathering Torches Become Sunlight	hmcl	17325
		gca	gca	Gugle的Carpet附加包	GugleCarpetAddition	hmcl	7305
		gd656killicon	gd656killicon	GD656击杀图标	GD656Killicon	hmcl	21672
		gearreborn	ag4tr	装备重生	Gear Reborn	hmcl	25557
		gearreborn	gearreborn	装备重生	Gear Reborn	hmcl	25557
		geckolib-unofficial-1-7-10		Geckolib：非官方版	Geckolib-Unofficial	hmcl	14247
		gelato-galore-2	gelato_galore	意式冰淇淋盛宴	Gelato Galore 2	hmcl	16912
		gem-buffs-infinite-potion-effects		宝石效果/增益宝石	Gem Buffs	hmcl	396
		gem-crabs	gem_crab	宝石蟹	Gem Crabs	hmcl	8444
		gem-lichens	gemlichens	宝石地衣	Gem Lichens	hmcl	20659
		gemsplusplus	gemsplusplus	宝石＋+	GemsPlusPlus	hmcl	4782
		gendustry	gendustry	基因工业	Gendustry	hmcl	334
		gendustry-community-edition	gendustry	基因工业：社区版	Gendustry: Community Edition	hmcl	17900
		general-feedback	generalfeedback	通用意见反馈	General Feedback	hmcl	22730
		generation-stages	generationstages	生成阶段	Generation Stages	hmcl	11665
		genesis-2d	genesis	创世纪	Genesis	hmcl	14788
		genetic-animals	eanimod	遗传动物	Genetic Animals	hmcl	1972
		genetics-reborn	geneticsreborn	基因重生	Genetics Reborn	hmcl	702
		genshin-12	genshin12	原神12	Genshin 12	hmcl	5627
		genshin-nature	genshin_nature	原神：自然	Genshin Nature	hmcl	5680
		gensokyo-delight-youkais-feasts	youkaisfeasts	幻想乡乐事 ~~ 妖怪们的飨宴	Gensokyo Delight ~ Youkais' Feasts	hmcl	21200
		gensokyo-delight-youkais-feasts	youkaishomecoming	妖怪们的归家	Youkai's Homecoming	hmcl	13185
		gensokyo-ontology	gensokyoontology	幻想存有论	Gensokyo Ontology	hmcl	11272
		geochests	Geochests	箱载世界	Geochests	hmcl	394
		geode-plus	geode	晶洞+	Geode+	hmcl	9693
		geologic-expansion	geologic_expansion	地质拓展	Geologic Expansion	hmcl	13112
		geolosys	geolosys	地质矿脉	Geolosys	hmcl	1387
		geomastery	geomastery	征服大地	Geomastery	hmcl	851
		german-road-signs-mod	schildermod	德国交通标志	German Road Signs Mod	hmcl	3614
		get-back-to-home	GetBackToHome	回家	Get Back to Home	hmcl	2014
		get-exp-for-everything	getexpforeverything	万物皆可获得经验	Get exp for everything	hmcl	2854
		get-in-the-bucket-mod	getinthebucketmod	进入水桶	Get In The Bucket Mod	hmcl	2192
		getoutofmyway	tacz_pierce	别挡我的路！	GetOutOfMyWay	hmcl	23506
		geysers	geysers	间歇泉	Geysers	hmcl	14077
		ggg-jei-plugin	ggg_jei_plugin	JEI 页面添加	ggg JEI Plugin	hmcl	27455
		ghasts-drop-records	gastsdroprecords	恶魂掉落唱片	Ghasts Drop Records	hmcl	19867
		ghasts-drop-records	ghastsdroprecords	恶魂掉落唱片	Ghasts Drop Records	hmcl	19867
		ghostblocks	ghostblock	幽灵方块	GhostBlock	hmcl	23078
		ghostjump	ghostjump	死者为大	GhostJump	hmcl	10942
		ghostlys	ghostly	幽灵	Ghostly	hmcl	14177
		giant-alex-the-silent-watcher	giantalex	巨人艾利克斯：沉默观察者	Giant Alex: The Silent Watcher	hmcl	28646
		giant-bamboo	giant_bamboo	巨型竹子	Giant Bamboo	hmcl	26618
		giant-brown-mushroom	giant_brown_mushroom	巨型棕色蘑菇	Giant Brown Mushroom	hmcl	26377
		giant-cactus	giant_cactus	巨型仙人掌	Giant Cactus	hmcl	26376
		giant-christmas-tree	giant_christmas_tree	巨型圣诞树	Giant Christmas Tree	hmcl	26392
		giant-ice-spike	giant_ice_spike	巨型冰刺	Giant Ice Spike	hmcl	26617
		giant-jungle-tree	giant_jungle_tree	巨型丛林树	Giant Jungle Tree	hmcl	26382
		giant-lily-pads	giant_lily_pads	巨型睡莲	Giant Lily Pads	hmcl	26370
		giant-nether-tree	giant_nether_tree	巨型下界树	Giant Nether Tree	hmcl	21616
		giant-oak-tree	giant_oak_tree	巨型橡树	Giant Oak Tree	hmcl	26384
		giant-palm-tree	giant_palm_tree	巨型棕榈树	Giant Palm Tree	hmcl	26375
		giant-pine-tree	giant_pine_tree	巨型松树	Giant Pine Tree	hmcl	26379
		giant-player-boss	playerbosses	巨人玩家 Boss	Giant Player Boss	hmcl	5485
		giant-red-mushroom	giant_red_mushroom	巨型红色蘑菇	Giant Red Mushroom	hmcl	26374
		giant-swamp-tree	giant_swamp_tree	沼泽巨树	Giant Swamp Tree	hmcl	20076
		giant-swords	giantswords	巨剑	Giant Swords	hmcl	5488
		giant-torii	giant_torii	巨型鸟居	Giant Torii	hmcl	26413
		giant-tree-stump	giant_tree_stump	巨型树桩	Giant Tree Stump	hmcl	20078
		gildedarmor	gildedarmor	镀金盔甲	GildedArmor	hmcl	3410
		gildedarmors	gildedarmor	鎏金盔甲	Gilded Armor	hmcl	20495
		gilding	gilding	镀金	Gilding	hmcl	4285
		gim	genshin_impact_mods	原神农业	Genshin Impact Cropper	hmcl	9192
		gingerbread-house	gingerbread_house	姜饼屋	Gingerbread House	hmcl	26397
		girl-armor-mod	vgirlarmor	女式盔甲	V-Girl Armor Mod	hmcl	2081
		giselbaers-durability-viewer	durabilityviewer	耐久指示器	Durability Viewer	hmcl	2653
		glacia-dimension	greenapple_glacia	冰河时代	Glacia	hmcl	360
		glaretorch	glaretorch	强光火把	Glare Torch	hmcl	3514
		glass-doors	glassdoors	玻璃门	Glass Doors	hmcl	5408
		glass-pipe	glasspipe	玻璃管道	Glass Pipe	hmcl	3133
		glasscutter	glasscutter	玻璃切割器	Glass Cutter	hmcl	5409
		glassential	glassential	精致玻璃	Glassential	hmcl	1769
		glasses	glasses	眼镜	Glasses	hmcl	12756
		glassware	glassware	玻璃制品	Glassware	hmcl	5412
		glenns-gases	gases	格林的气体	Glenn's Gases	hmcl	210
		glenns-gases	gasesFramework	格林的气体	Glenn's Gases	hmcl	210
		glenns-gases	gasesFrameworkCore	格林的气体	Glenn's Gases	hmcl	210
		glibys-physics	glibysphysics	Gliby的物理	Gliby's Physics	hmcl	2188
		glibys-voice-chat-reloaded	gvc	Gliby的语音聊天重置版	Gliby's Voice Chat Reloaded	hmcl	2873
		glimmering-tales	glimmeringtales	微光纪事	Glimmering Tales	hmcl	16360
		global-gamerules	globalgamerules	全局游戏规则	Global GameRules	hmcl	3457
		global-server-configs	global_server_config	全局服务器配置	Global Server Configs	hmcl	20143
		global-shaderpack-properties	globalshaderpackproperties	全局光影包配置	Global Shaderpacks Properties	hmcl	22230
		globe	globe	水晶球	Globe	hmcl	1321
		glow-sticks	glow_sticks	荧光棒	Glow Sticks	hmcl	14242
		glowing-ores	glowingores	矿石发光	Glowing Ores	hmcl	9437
		glowing-tools	glowing_tools	发光工具	Glowing Tools	hmcl	13167
		glowingfootsteps	glowingfootsteps	发光足迹粒子	GlowingFootsteps	hmcl	20258
		glowstone-ores	gom	荧石矿石	Glowstone Ores	hmcl	3935
		glowy-players-renewed	glowyplayers	玩家高亮：重置版	Glowy Players Renewed	hmcl	16081
		go-fish	go-fish	一起钓鱼吧！	Go Fish	hmcl	3416
		go-fish-updated		一起钓鱼吧！(更新版)	Go Fish (updated)	hmcl	12936
		goat-horn-block-mod	goat_horn_block_mod	可放置山羊角	Placeable Goat Horns	hmcl	10056
		goat-horns-copper-horns	goat_horns_mod	山羊角与铜制号角	Goat Horns & Copper Horns	hmcl	6431
		gobber	gb	戈伯	Gobber	hmcl	2548
		gobber-delight-a-farmers-delight-add-on	gobberdelight	戈伯乐事	Gobber Delight	hmcl	6749
		gobber-fabric	gobber2	戈伯2	Gobber2	hmcl	2547
		gobbobs-animated-blocks	animatedblocks	Gobbob 的动画方块	GobBob's Animated Blocks	hmcl	20257
		goblin-traders	goblintraders	哥布林商人	Goblin Traders	hmcl	2353
		goblin-traders-fabric	goblintraders	哥布林商人Fabric版	Goblin Traders (Fabric)	hmcl	4955
		goblins-tyranny	goblins_tyranny	哥布林的统治	Goblins Tyranny	hmcl	15900
		god-damn-repackager	goddamnrepackager	并行理包	God Damn Repackager	hmcl	28627
		godbirdreborn	godbird	毕方重生	GodBirdReborn	hmcl	26454
		godular-tachinery	godular_tachinery	模块化格雷仓/格块化雷械	Godular Tachinery	hmcl	27397
		godweapons	godweapons	神的武器	Gods' Weapons	hmcl	1316
		goetic-legacy	goeticlegacy	诡厄遗物	Goetic Legacy	hmcl	26990
		goety	goety	诡厄巫法	Goety	hmcl	7635
		goety-aether	goety_aether	诡厄天境	Goety Aether	hmcl	27238
		goety-awaken	goetyawaken	诡厄巫法：觉醒	Goety: Awaken	hmcl	23887
		goety-awaken-fix	goetyawakenfix	厄醒修复	Goety Awaken Fix	hmcl	25173
		goety-cataclysm	goety_cataclysm	诡厄灾变	Goety Cataclysm	hmcl	19054
		goety-dargui	goetydargui	诡厄巫法：黑暗祭坛GUI	Goety DarGui	hmcl	28101
		goety-delight	goetydelight	诡厄乐事	Goety Delight	hmcl	22582
		goety-fabric	goety	诡厄巫法Fabric版	Goety-Fabric	hmcl	26054
		goety-gotta-summon-em-all	vividerusmoregoetysummons	诡法的混沌拓展	Goety: gotta summon em all!	hmcl	19077
		goety-integration	goety_integration	巫法集成	Goety Integration	hmcl	24692
		goety-iron	goety_iron	诡厄铁魔法	Goety Iron	hmcl	22643
		goety-iron-link	goetyironlink	法厄通	Goety Iron Link	hmcl	22682
		goety-ladder	goety_ladder	诡厄巫法：阶梯	Goety: Ladder	hmcl	24916
		goety-mastery-of-magic-addon	goety_mastery_of_magic	巫法精通	Goety: Mastery of Magic Addon	hmcl	23962
		goety-revelation	goety_revelation	诡厄巫法：启示录	Goety: Revelation	hmcl	16632
		goety-tetra-fix	goetytetrafix	魔力剑聚晶Tetra兼容	GoetyTetraFix	hmcl	22661
		goety-transcended	goetytranscended	诡厄巫法：超越	Goety Transcended	hmcl	27971
		goety-twilight	goetytwilight	诡厄暮色	Goety Twilight	hmcl	23158
		goety-twilight-fix	goetytwilightfix	诡暮兼容	Goety Twilight Fix	hmcl	25174
		goetyfocus	goetygrae	诡厄巫法：聚晶核心	GoetyFocus	hmcl	26556
		gokistats	gokiStats	天赋技能树	GokiStats	hmcl	898
		gokistats	gokistats	天赋技能树	GokiStats	hmcl	898
		gold-in-river-mod	gold_in_river_mod	河中淘金	Gold In River Mod	hmcl	4642
		goldblade	godblade	神刀	GodBlade	hmcl	19214
		golden-age-combat	goldenagecombat	黄金时代的战斗	Golden Age Combat	hmcl	5311
		golden-hopper	goldenhopper	金漏斗	Golden Hopper	hmcl	3255
		golem-dungeons	golemdungeons	傀儡地牢	Golem Dungeons	hmcl	21870
		golem-magicka	golemmagicka	傀儡装配-奥法魔像	Golem Magicka	hmcl	25960
		golem-overhaul	golemoverhaul	傀儡革新	Golem Overhaul	hmcl	19477
		good-nights-sleep	good_nights_sleep	夜眠梦境/晚安的梦境	Good Night's Sleep	hmcl	471
		good-nights-sleep	goodnightsleep	夜眠梦境/晚安的梦境	Good Night's Sleep	hmcl	471
		good-tea	good-tea	馥郁良茶	Good Tea	hmcl	11791
		goodbye-dirt-screen	goodbye_dirt_screen	澄清素视 / 去你的泥土屏幕	Goodbye Dirt Screen	hmcl	19649
		goodbye-grass	goodbyegrass	没有草丛	Grassta la Vista	hmcl	1765
		googlyeyes	googlyeyes	金鱼眼	GooglyEyes	hmcl	908
		goprone	goprone	匍匐前进	GoProne	hmcl	1906
		gorgecore	gorgecore	食用强化	GorgeCore	hmcl	890
		gothic-church	gothic_church	哥特式教堂	Gothic Church	hmcl	19423
		gotminecraftmod	got	权力的游戏	Game of Thrones Mod	hmcl	2660
		gotta-climb-fast	gottaclimbfast	快速爬梯	Gotta Climb Fast!	hmcl	3083
		gourmet-boost	gourmet_boost	食补	Gourmet Boost	hmcl	26993
		gpick-2	gpick	进化之镐2	GPickaxe 2	hmcl	1447
		graduated-cylinders	graduatedcylinders	刻度量筒	Graduated Cylinders	hmcl	9981
		graffiti	graffiti	涂鸦	Graffiti	hmcl	2673
		graphene	graphene	石墨烯性能优化	Graphene	hmcl	21520
		grappling-hook-mod	grapplemod	抓钩	Grappling Hook Mod	hmcl	989
		grass-be-gone	grassbegone	不要草	Grass Be Gone	hmcl	20657
		grassnotfloating	grassnotfloating	浮的古原草送别	GrassNotFloating	hmcl	12951
		gravelminer	gravelminer	沙砾终结者	GravelMiner	hmcl	2011
		gravestone-mod	gravestone	墓碑	GraveStone	hmcl	1350
		gravestone-mod-extended	gravestone-extended	墓碑坟墓 - 拓展	Gravestone mod - Extended	hmcl	4330
		gravestone-mod-graves	GraveStone	墓碑坟墓	Gravestone mod Graves	hmcl	4313
		gravestone-mod-graves	gravestone	墓碑坟墓	Gravestone mod Graves	hmcl	4313
		gravestones	gravestones	墓碑	Gravestones	hmcl	4396
		gravitation-suite	GraviSuite	重力装甲	Gravitation Suite	hmcl	255
		gravitation-suite	gravisuite	重力装甲	Gravitation Suite	hmcl	255
		gravity-generator	gravity_generator	重力发电机	GravityGenerator	hmcl	6726
		gravity-gun	gravitygun	重力枪	Gravity Gun	hmcl	2436
		gravityfalls-mod		怪诞小镇	Gravity Falls	hmcl	1237
		greater-eye-of-ender-fabric	greater_eye	高级末影之眼	Greater Eye of Ender	hmcl	2874
		greek-fantasy	greekfantasy	希腊幻想	Greek Fantasy	hmcl	3433
		greek-villager-house	greek_villager_house	希腊村民房屋	Greek Villager House	hmcl	26395
		green-delights	greendelights	翠绿乐事	Green Delights	hmcl	13244
		greenery	greenery	绿色植物🌿	Greenery🌿	hmcl	7039
		greg-tech-chisel		凿子 GTNH 版	Chisel - GTNH / Greg Tech Chisel	hmcl	19272
		gregfluxology	gregfluxology	GTCEu/GTM能源拓展	Gregfluxology	hmcl	17498
		gregicality-ore-addon	gregicalityoreaddon	Gregicality矿物拓展	Gregicality Ore Addon	hmcl	5169
		gregmek	gregmek	格雷矿物通用机械支持	GregMek	hmcl	21267
		gregs-construct	gtconstruct	格雷与匠魂	Greg's Construct	hmcl	1843
		gregsieves	gregtechsieves	格雷筛子	GregSieves	hmcl	5046
		gregtech-4	gregtech_addon	格雷科技4移植版	GregTech 4 Rewritten	hmcl	10503
		gregtech-5-unofficial	gregtech_addon	格雷科技5	GregTech 5	hmcl	327
		gregtech-battery-buffer-driver-for-opencomputers	BatteryBufferDriver	格雷科技电池箱的开放式电脑驱动	GregTech Battery Buffer Driver for OpenComputers	hmcl	5170
		gregtech-ce-unofficial	gregtech	格雷科技社区版：非官方版	GregTech CE: Unofficial	hmcl	5343
		gregtech-chill-edition		格雷科技轻松版	GregTech: Chill Edition	hmcl	2537
		gregtech-classic	gtclassic	格雷科技经典版	GregTech Classic	hmcl	1733
		gregtech-energistics	gregtechenergistics	格雷能源	GregTech Energistics	hmcl	5175
		gregtech-food-option	gregtechfoodoption	格雷科技食物优选	GregTech Food Option	hmcl	5047
		gregtech-intergalactical	gregtech	泛银河系格雷科技	GregTech Intergalactical	hmcl	3742
		gregtech-intergalactical	gti	泛银河系格雷科技	GregTech Intergalactical	hmcl	3742
		gregtech-intergalactical	gtu	泛银河系格雷科技	GregTech Intergalactical	hmcl	3742
		gregtech-meowmelmuku		格雷科技非官方版 - 喵呜酱版	GregTech - MeowmelMuku	hmcl	19683
		gregtech-modern-quality-of-life	gtmqol	格雷科技现代版生活品质升级	GregTech Modern Quality of Life	hmcl	25588
		gregtech-sieves	gregtechsieves	格雷矿石筛子	GregTech Sieves	hmcl	7854
		gregtech6-unofficial	gregtech	格雷科技6非官方版	GregTech 6 Unofficial	hmcl	2281
		gregtechce	gregtech	格雷科技社区版	GregTech Community Edition	hmcl	1171
		gregtechceu-modern	gtceu	格雷科技现代版	GregTechCEu Modern	hmcl	12850
		grim-pack	grimpack	Grim的Mod整合	Grim Pack	hmcl	1558
		grim-statues	statues	Grim的雕像	Grim Statues	hmcl	4854
		grimoire-of-alice	grimoireofalice	爱丽丝的魔法书	Grimoire of Alice	hmcl	950
		grimoire-of-gaia	GrimoireOfGaia	盖亚魔典3	Grimoire of Gaia 3	hmcl	399
		grimoire-of-gaia	grimoireofgaia	盖亚魔典2	GRIMOIRE OF GAIA 2	hmcl	120
		grimoire-of-gaia	grimoireofgaia	盖亚魔典3	Grimoire of Gaia 3	hmcl	399
		grimoire-of-gaia	grimoireofgaia	盖亚魔典4	Grimoire of Gaia 4	hmcl	6886
		grimoire-of-gaia-spells	gogspells	盖亚魔法	Grimoire of Gaia Spells	hmcl	22915
		grims-transportables	transportables	格里姆的便捷交通工具	Grim's Transportables	hmcl	4286
		grind-enchantments	grindenchantments	砂轮增强	Grind Enchantments	hmcl	3702
		grindstone-sharpener	grindstonesharpener	磨刀石	Grindstone Sharpener	hmcl	26967
		grindstoneplus	grindstone_plus	更好的砂轮	GrindstonePlus	hmcl	23706
		ground-item-highlighting	grounditemhighlighting	地面物品高光显示	Ground Item Highlighting	hmcl	2961
		ground-loot	zombovlooter	露天战利品	Ground Loot	hmcl	25696
		growableores-extension	growableores_extension	甘蔗转换机	GrowableOres Extension	hmcl	17476
		growthcraft	Growthcraft	生长工艺	GrowthCraft	hmcl	326
		growthcraft	Growthcraft|Apples	生长工艺	GrowthCraft	hmcl	326
		growthcraft	Growthcraft|Bamboo	生长工艺	GrowthCraft	hmcl	326
		growthcraft	Growthcraft|Bees	生长工艺	GrowthCraft	hmcl	326
		growthcraft	Growthcraft|Cellar	生长工艺	GrowthCraft	hmcl	326
		growthcraft	Growthcraft|Fishtrap	生长工艺	GrowthCraft	hmcl	326
		growthcraft	Growthcraft|Grapes	生长工艺	GrowthCraft	hmcl	326
		growthcraft	Growthcraft|Hops	生长工艺	GrowthCraft	hmcl	326
		growthcraft	Growthcraft|Milk	生长工艺	GrowthCraft	hmcl	326
		growthcraft	Growthcraft|Rice	生长工艺	GrowthCraft	hmcl	326
		growthcraft	growthcraft_apples	生长工艺	GrowthCraft	hmcl	326
		growthcraft	growthcraft_bamboo	生长工艺	GrowthCraft	hmcl	326
		growthcraft	growthcraft_bees	生长工艺	GrowthCraft	hmcl	326
		growthcraft	growthcraft_cellar	生长工艺	GrowthCraft	hmcl	326
		growthcraft	growthcraft_fishtrap	生长工艺	GrowthCraft	hmcl	326
		growthcraft	growthcraft_grapes	生长工艺	GrowthCraft	hmcl	326
		growthcraft	growthcraft_hops	生长工艺	GrowthCraft	hmcl	326
		growthcraft	growthcraft_milk	生长工艺	GrowthCraft	hmcl	326
		growthcraft	growthcraft_rice	生长工艺	GrowthCraft	hmcl	326
		grue	grue	格鲁	Grue	hmcl	906
		gsic2	gsic2	星空工业	GSIC2	hmcl	16484
		gt-remastered	gtr	格雷科技重制版	GT: Remastered	hmcl	3665
		gt-steam-tech	gtsteam	格雷蒸汽科技	GT Steam Tech	hmcl	15834
		gt-top-addition	gttopaddition	格雷信息显示拓展	GT TOP Addition	hmcl	15833
		gt-wireless	gtwireless	格雷无线科技	GT Wireless	hmcl	15856
		gt3-racing-pack	gt3pack	GT3赛车包		hmcl	28853
		gt4-reimagined	gt4r	格雷科技4：重构想	GregTech 4 Reimagined	hmcl	4477
		gt6-ore-helper	gt6orehelper	GT6 矿石助手	GT6 Ore Helper	hmcl	3392
		gtce-bees	gtcebees	GTCE 蜜蜂	GTCE Bees	hmcl	5892
		gtce-inventory	gtceinventory	格雷物品管道	GregTech CE Inventory Pipes	hmcl	5173
		gtce-tj-edition	gregtech	格雷科技社区版：TJ版	GregTech Community Edition: TJ Edition	hmcl	7820
		gtce2oc	energy_container	格雷科技开放式电脑兼容	gtce2oc	hmcl	5178
		gtceu-terminals	gtceuterminal	格雷科技终端	Gregtech Terminals	hmcl	25869
		gtmaid	gtmaid	血汗工厂	GTMaid	hmcl	17840
		guard-horn	guardhorn	警卫号角	Guard Horn	hmcl	25066
		guard-villagers	guardvillagers	警卫村民	Guard Villagers	hmcl	2686
		guard-villagers-fabric	guardvillagers	警卫村民 Fabric 版	Guard Villagers	hmcl	6069
		guardian-chests	guardianchest	守护者之箱	Guardian Chests	hmcl	24343
		guerrilla-vs-command-mod-high-difficulty-addition	GVC	游击队员vs突击队员	Guerrilla vs Command	hmcl	5557
		gugu-utils	gugu-utils	咕咕工具	GuGu Utils	hmcl	3403
		gui-tween	guitween	GUI 动画	GUI Tween	hmcl	25525
		guide-api	guideapi	指南	Guide-Api	hmcl	700
		guide-book	guidebook	合成指南书	Guide Book	hmcl	25081
		guns-craft-adventurers-arsenal	gcaa	枪械工艺：冒险者的武器库	Guns Craft Adventurer's Arsenal	hmcl	16561
		guns-without-roses	gunswithoutroses	枪炮“没”瑰	Guns Without Roses	hmcl	5820
		gunscraft	gunscraft	枪械工艺	Guns Craft	hmcl	13395
		gunswithoutroses-expansions	gwrexpansions	枪炮“没”瑰：扩展	Guns Without Roses : Expansions	hmcl	18886
		gunwood	gunwood	棍木	Gunwood	hmcl	27111
		had-enough-items		HEI物品管理器	Had Enough Items	hmcl	5881
		hadean-breathe	hadean_breathe	幽焰之息	Hadean Breathe	hmcl	21874
		hadesgame	hadesgame	阴间游戏	HadesGame	hmcl	4960
		half-logs	halflogs	半原木	Half Logs	hmcl	27738
		halogen		卤素	Halogen	hmcl	4054
		hammer-lib	hammercore	锤子核心	Hammer Core/Hammer Lib	hmcl	756
		hammer-lib	hammerlib	锤子核心	Hammer Core/Hammer Lib	hmcl	756
		hammer-metals	hammermetals	锤子材料	Hammer Metals	hmcl	3350
		hammerandvil	hammerandvil	锻造锤与锤锻台	HammerAndVil	hmcl	3059
		hammers-galore	hammers-galore	锤子多多	Hammers Galore	hmcl	25284
		hamstercore	hamstercore	仓鼠核心	HamsterCore	hmcl	23765
		hamsters-delight	hamstersdelight	仓鼠乐事	Hamster's Delight	hmcl	23493
		hand-snow-ball	hand_snow_ball	给我一个雪球	Hand Snow Ball	hmcl	23071
		handcrafted	handcrafted	精巧手艺	Handcrafted	hmcl	9261
		handheld-moon	handheldmoon	掌中明月	Handheld Moon	hmcl	23650
		handle-cane	handle_cane	手杖	Handle Cane	hmcl	6790
		handmadegunsmodex	handmadeguns	自定义枪械	HandmadeGuns	hmcl	2362
		hantoke1s-more-golden-apples	more_golden_apples	更多金苹果/满目金果	HanToKe1's More Golden Apples	hmcl	25447
		happier-ghast	better_happy_ghast	更好的快乐恶魂	Better Happy Ghast	hmcl	19498
		happy-trails	happytrails	快乐小径	Happy Trails	hmcl	5729
		happyghast-extend	happyghast_extend	乐魂拓展	HappyGhast Extend	hmcl	26581
		happyghast-on-1-12-2	suikehappyghast	1.12.2的快乐恶魂	HappyGhast_on_1.12.2	hmcl	20415
		hard-pity	hard_pity	大保底：凋灵骷髅/下界合金/三叉戟/龙蛋	Hard Pity	hmcl	22020
		hardcore-darkness	hardcoredarkness	真实的黑夜	Hardcore Darkness	hmcl	1667
		hardcore-disabled-fix	hardcore_disabled_fix	极限模式禁用选项修复	Hardcore Disabled Fix	hmcl	28026
		hardcore-ender-expansion	HardcoreEnderExpansion	极限末地生存	Hardcore Ender Expansion	hmcl	434
		hardcore-questing-mode	HardcoreQuesting	困难任务	Hardcore Questing Mode	hmcl	478
		hardcore-questing-mode	hardcorequesting	困难任务	Hardcore Questing Mode	hmcl	478
		hardcore-reborn	hardcore_reborn	极限模式重生，三回啊三回	Hardcore Reborn	hmcl	12923
		hardcore-revival	hardcorerevival	硬核复活	Hardcore Revival	hmcl	4187
		hardcore-survival	hcs	硬核生存	Hardcore Survival	hmcl	12595
		hardcore-torches	hardcore_torches	硬核火把	Hardcore Torches	hmcl	7658
		harder-farming	harderfarming	更难的农作	Harder Farming	hmcl	13294
		harder-ores	harderores	更难的矿物处理	Harder Ores	hmcl	3230
		harder-underground	HarderUnderground	更难的地下	Harder Underground	hmcl	13292
		harder-wildlife	HarderWildlife	更难的野生动物	Harder Wildlife	hmcl	13293
		harmonicenchantments	harmonicench	调和附魔	HarmonicEnchantments	hmcl	7703
		harry-hqs-vein-miner	dh_s_veinminer	海瑞的连锁挖矿	Harry-hq's Vein Miner	hmcl	27164
		haruhiism	haruhiism	春日主义	Haruhiism	hmcl	7009
		harvest-day	harvest_day	丰收之日	Harvest Day	hmcl	8737
		harvest-festival	harvestfestival	丰收物语	Harvest Festival	hmcl	530
		harvest-festival-legacy	harvestfestival	丰收物语移植版	Harvest Festival Legacy	hmcl	2139
		harvesters-night	harvestersnight	收割者之夜	Harvester's Night	hmcl	4609
		harvestheritage	harvestheritage	收获：遗产	HarvestHeritage	hmcl	28158
		has-basin-output-faucet-depot	hasbasinoutputfaucetdepot	带有工作盆输出口的置物台	Has Basin Output Faucet Depot	hmcl	27489
		hated-mobs	hatedmobs	令人讨厌的生物	Hated Mobs	hmcl	1598
		hats	hats	帽子	Hats	hmcl	3509
		hbm-nuclear-tech-mod-community-edition	hbm	HBM的核科技社区版	HBM's Nuclear Tech Mod: Community Edition	hmcl	21023
		hbms-nuclear-tech-mod	hbm	HBM的核科技	HBM's Nuclear Tech Mod	hmcl	513
		hbms-nuclear-tech-mod-reloaded	hbm	HBM的核科技重制版	Hbm's Nuclear Tech Mod Reloaded	hmcl	3755
		hbms-nuclear-tech-modernized	hbm_m	HBM的核科技现代化	HBM's Nuclear Tech Modernized	hmcl	23403
		head-cutter	headcutter	玩家剪头	Head Cutter	hmcl	17249
		headcrumbs	headcrumbs	更多头颅	Headcrumbs	hmcl	431
		headindex	headindex	头颅菜单	Head Index	hmcl	5686
		headpats	headpats	摸摸头	Headpats	hmcl	25959
		headshot-bonus	headshotbonus	已无可惧 / 简单爆头	Headshot Bonus	hmcl	16645
		headshot-respawn	headshotrespawn	爆头：重生	Head Shot Respawn	hmcl	16954
		healing-campfire	healingcampfire	治愈营火	Healing Campfire	hmcl	2092
		healing-campfire	healingcampfire-fabric	治愈营火	Healing Campfire	hmcl	2092
		healing-campfire	regrowth	治愈营火	Healing Campfire	hmcl	2092
		health-disease	health_and_disease	健康&疾病	health&disease	hmcl	12300
		heart-crystal	hearts	心之水晶	Heart Crystal	hmcl	18720
		heart-drop	heartdrop	生命汲取	Heart Drop	hmcl	1069
		heartbladeunoffical	heartbladeunoffical	心之所向非官方版	HeartBladeUnOffical	hmcl	23264
		heartblock	heartmod	生命方块	HeartBlock	hmcl	1066
		heartdrops	heartdrops	生命汲取	Heart Drops	hmcl	2849
		hearth-and-harvest	hearthandharvest	暖灶丰年	Hearth and Harvest	hmcl	18710
		heat-and-climate	dcs_climate	热量与气候	Heat And Climate	hmcl	1020
		heat-and-climate-patch	dcs_climate_patch	热量与气候修复	Heat And Climate Patch	hmcl	20052
		heaven-burns-red	hbr_mc	红烧天堂	Heaven Burns Red	hmcl	13453
		heaven-destiny-moment	heaven_destiny_moment	天命时刻	Heaven Destiny Moment	hmcl	17474
		heaven-earth-ring	heavenearthring	乾坤戒指	Heaven Earth Ring	hmcl	2928
		heavy-duty-plate-blocks	heavydutyplateblocks	重装防护板块	Heavy-Duty Plate Blocks	hmcl	24816
		heavy-inventories	heavyinventories	物品负重	Heavy Inventories	hmcl	15005
		hedgehogs	hedgehog	刺猬	Hedgehogs	hmcl	7881
		held-item-info	held-item-info	手持物品信息	Held Item Info	hmcl	3454
		held-item-tooltips	helditemtooltips	手持物品信息显示	Held Item Tooltips	hmcl	10128
		hellfire-fireball-launcher	hellfire	地狱火：火焰弹发射器	Hellfire: Fireball Launcher	hmcl	5436
		hellish-blahaj	blahaj	布罗艾 Hellish 版	Hellish Blåhaj	hmcl	10134
		hellstone-golem	hellstone_golem	狱岩魔像	Hellstone Golem	hmcl	20740
		help-wanted	helpwanted	求助	Help Wanted	hmcl	4282
		henshin	henshin	变身	Henshin	hmcl	17162
		hephaestus-fabric	tconstruct	匠神	Hephaestus	hmcl	7524
		herbcraft-alchemy	herbcraft_alchemy	百草可食：炼金分册	Herbcraft Alchemy	hmcl	27957
		herbcraft-bcks	herbcraft	百草可食	Herbcraft-BCKS	hmcl	27956
		herbcraft-cuisine	herbcraft_cuisine	百草可食：膳房分册	Herbcraft Cuisine	hmcl	27958
		herobrine-companion	herobrine_companion	Herobrine 的陪伴	Herobrine Companion	hmcl	24885
		herobrines-origin	herobrine	Herobrine 的起源	Herobrine's Origin	hmcl	4530
		heroesexpansion	heroesexpansion	超级英雄拓展	HeroesExpansion	hmcl	2263
		heroic-armory	heroicarmory	英雄武器	Heroic Armory	hmcl	4243
		hesperus	phosphor-lighting	燐	Hesperus	hmcl	9046
		hex-ars-linker	hex_ars_link	咒法魔艺链接	Hex-Ars Linker	hmcl	17034
		hex-conjuring	hexconjuring	咒术构筑	Hex Conjuring	hmcl	17268
		hex-gloop	hexgloop	咒法凝浆	Hex Gloop	hmcl	11606
		hex-lands	hexlands	六边形地貌	Hex Lands	hmcl	4622
		hexal	Hexal	咒法拓展	Hexal	hmcl	9798
		hexautomata	hexautomata	咒法自动机	HexAutomata	hmcl	25767
		hexbound-fork	Hexbound	咒法组构学	Hexbound	hmcl	9805
		hexcasting	hexcasting	咒法学	Hex Casting	hmcl	6446
		hexdebug	hexdebug	咒术调试	HexDebug	hmcl	17239
		hexerei	hexerei	魔法巫师	Hexerei	hmcl	5238
		hexlands-ii	hexlands	六边形地貌 2	HexLands II	hmcl	4641
		hexxit-gear	hexxitgear	Hexxit 装备	Hexxit Gear	hmcl	1165
		hexxit-gear-2	hexxitgear	Hexxit 装备 2	Hexxit Gear R	hmcl	3898
		hicudan	highly_customizable_damage_numbers	个性伤害数字显示	Highly Customizable Damage Numbers	hmcl	27310
		hidden-armor	hiddenarmor	隐藏盔甲	Hidden Armor	hmcl	4524
		hidden-names	hiddennames	隐藏名称	Hidden Names	hmcl	6676
		hidden-recipe-book	hiddenrecipebook	隐藏配方书	Hidden Recipe Book	hmcl	4587
		hidden-years2	hiddenyears	隐藏之年²：天边的迦万涅尔	Hidden Years²: Governor at the Skyline	hmcl	12453
		hidden-years2	hy	隐藏之年²：天边的迦万涅尔	Hidden Years²: Governor at the Skyline	hmcl	12453
		hide-armor	hidearmor	隐藏盔甲	Hide Armor	hmcl	2734
		hide-hands	hidehands	隐藏主副手	Hide Hands	hmcl	5347
		hide-item-frame	hide_item_frame	隐藏物品展示框	Hide Item Frame	hmcl	20437
		hide-key-binding	hide_key_binding	隐藏按键绑定	Hide Key Binding	hmcl	17243
		hide-names	hidenames	隐藏名称	Hide Names	hmcl	14883
		hideasterisk	hidemodded	隐藏“已修改”	HideModded	hmcl	13657
		high-quality-crops	highqualitycrops	高品质作物	High Quality Crops	hmcl	17691
		high-version-better-structure-block	better_structure_block	更好的结构方块1.20.1		hmcl	13481
		highlands	Highlands	高地	Highlands	hmcl	205
		highlands	highlands	高地	Highlands	hmcl	205
		hiresshot	hiresshot	高清摄影	HiResShot	hmcl	24090
		historicized-medicine	historicizedmedicine	历史化医学	Historicized Medicine	hmcl	1181
		history-items	historyitems	魔戒历史物品	LOTR History Items	hmcl	25851
		history-of-middle-earth-legacy	lotrta	中洲历史：传承	History of Middle-earth: Legacy	hmcl	12119
		hit-feedback	hit_feedback	攻击反馈	Hit Feedback	hmcl	14798
		hmag-spells	hmagspells	藏妻术式	HMaG Spells	hmcl	23710
		hmgdollsfrontline	hmggirlfront	少女前线	Girls' Frontline / ドールズフロントライン /  HMGDollsFrontLine	hmcl	1309
		hold-easy-place	holdeasyplace	保持简单放置	Hold Easy Place	hmcl	16151
		hole-filler-mod	hole_filler_mod	洞口填充器	Hole Filler	hmcl	3595
		holoinventory	holoinventory	物品显示/物品清单	HoloInventory	hmcl	2064
		holy-forging	holy_forging	神圣锻造	Holy Forging	hmcl	28208
		home-dust	homedust	回城之尘	Home Dust	hmcl	23948
		homeostatic	homeostatic	稳态	Homeostatic	hmcl	8716
		homing-ender-eye	homing_ender_eye	回归之眼	Homing Ender Eye	hmcl	5057
		homing-exp-orbs	homingexporbs	经验球归航	Homing Exp Orbs	hmcl	2184
		homing-xp-orb	homingxporb	引验导追/归航经验球	Homing Xp Orb	hmcl	16539
		homo-http-router	homohttprouter	野兽先辈的HTTP路由器	Homo Http Router	hmcl	23314
		honey-expansion-add-on-for-farmers-delight	honeyexpansion	蜂蜜拓展	Honey Expansion	hmcl	8240
		honeyexpansion-reborn	honeyexpansionreborn	蜂蜜拓展重置	Honey Expansion Reborn	hmcl	27735
		hongbao-red-envelope	red_envelope	红包	HongBao: Red Envelope	hmcl	18318
		honkai-star-rail-12	starrail12	星铁12	Honkai Star Rail 12	hmcl	12091
		hook	hook	抓钩	Hook	hmcl	15422
		hooked	hooked	抓钩	Hooked	hmcl	3377
		hopper	hplus	漏斗+	Hopper+	hmcl	8593
		hopper-ducts	HopperDuctMod	漏斗管道	Hopper Ducts	hmcl	261
		hopper-ducts	hopperducts	漏斗管道	Hopper Ducts	hmcl	261
		hopper-filter	hopper-filter	漏斗过滤器	Hopper Filter	hmcl	27391
		horde-beacon	hordebeacon	尸潮信标	Horde Beacon	hmcl	22295
		horologium-positioning	horologium_positioning	时钟定位	Horologium Positioning	hmcl	28529
		horrible-meteor-shower	meteormod	陨石雨	Horrible Meteor Shower	hmcl	20302
		horrrs-pvz	horrrs_pvz	Horrrs的植物大战僵尸	Horrrs Pvz	hmcl	17057
		horse-power	horsepower	马力	Horse Power	hmcl	1352
		horseshoes	horseshoes	马掌	Horseshoes	hmcl	14058
		horsestatsvanilla	horsestatsvanilla	马匹状态	Horse Stats Vanilla	hmcl	5667
		horticulture	horticulture	园艺	Horticulture	hmcl	4248
		hoshikima	hoshikima	随意作品	Hoshikima	hmcl	20907
		hostile-delight	hostiledelight	异趣乐事/宿敌乐事	Unusual Delight (Hostile Delight)	hmcl	11688
		hostile-mobs-and-girls	hmag	敌对生物和女孩们	Hostile Mobs and Girls	hmcl	921
		hostile-mobs-and-girls-recall	hmag_fox	敌对生物与魔物娘：追忆	Hostile Mobs and Girls: Recall	hmcl	24607
		hostile-villages	hostilevillages	敌对村庄	Hostile Villages	hmcl	5720
		hostile-worlds-invasions	hw_inv	敌对世界-入侵	Hostile Worlds - Invasions	hmcl	1713
		hot-swappable-armor		热切换护甲	Hot-Swappable Armor	hmcl	5264
		hotai	hotai	绷带	Hotai	hmcl	13571
		hotbaaaar	hotbaaaar	超长快捷栏/忄夬扌疌木兰	HotBaaaar	hmcl	14032
		hotbath	hotbath	热水澡	Hot Bath	hmcl	16495
		hour-clock-24	hourclock24	24小时制	24Hourclock	hmcl	17175
		hourglass	hourglass	沙漏	Hourglass	hmcl	4815
		hover-pets	hoverpets	飘浮宠物	Hover Pets	hmcl	6212
		howling-moon	howlingmoon	狼人	Howling Moon	hmcl	1712
		hp-spells	hpspells	哈利·波特：法术	Harry Potter Spells	hmcl	1517
		hrtffix	hrtffix	HRTF修复	HRTF Fix	hmcl	19262
		huaji-age-astral-regenesis	huajiage	滑稽纪元：轮回星启	HUAJI Age: Astral Regenesis	hmcl	22411
		huajiage-infinite-galaxy	huajiage	滑稽纪元II:无尽星河	Huaji Age II:Infinite Galaxy	hmcl	1696
		huanles-weapons	huanle	Huanle的武器	Huanle's weapons	hmcl	20123
		hud-control	hudcontrol	HUD 控制	HUD Control	hmcl	24048
		hud-manager	hudmanager	界面管理器	HUD Manager	hmcl	22217
		hugme	hugme	抱抱我!	HugMe!	hmcl	16135
		hugme-forge-edition	hugme	抱抱我！Forge 版	Hugme Forge Edition	hmcl	21722
		huh-fabric	huh	哼？	Huh?	hmcl	17765
		human-emperor-banner	human_emperor_banner	人皇幡	Human Emperor Banner	hmcl	25566
		humbling-bundle	humblingbundle	慈善捆绑包	Humbling Bundle	hmcl	6135
		hundred-years-warfare	hundred_years_war	百年战争	Hundred Years Warfare	hmcl	20306
		hunger-begone	hunger-begone	饱腹远行	Hunger Begone	hmcl	26209
		hunger-games	foundations	饥饿游戏	The Hunger Games	hmcl	1588
		hunger-overhaul	hungeroverhaul	饥饿改革	Hunger Overhaul	hmcl	458
		hunger-plus	hunger_plus	饥饿+	Hunger Plus	hmcl	14039
		hunger-strike	hungerstrike	绝食	Hunger Strike	hmcl	9548
		hungry-in-peaceful-mode	hungry_in_peaceful_mode	无中生饥	Hungry In Peaceful Mode	hmcl	7743
		hungteens-plants-vs-zombies-mod	pvz	HungTeen的植物大战僵尸	HungTeen's Plants vs Zombies Mod	hmcl	2640
		hunter-vs-mice	huntervsmicemod	猎人鼠鼠游戏	Hunter Vs Mice	hmcl	21084
		hunting-delight	hunting_delight	狩猎乐事	Hunting delight	hmcl	7378
		hunting-dimension	huntingdim	狩猎维度	Hunting Dimension	hmcl	1208
		husk-spawn	huskspawn	尸壳生成微调	Husk Spawn	hmcl	3947
		hxcenchants	HxCEnchants	多样化附魔	HxCEnchants	hmcl	2543
		hybrid-aquatic	hybrid-aquatic	混合水生	Hybrid Aquatic	hmcl	12502
		hybrid-flowers	hybrid_flowers	杂交花	Hybrid Flowers	hmcl	10782
		hybridcompat	hybridcompat	混合兼容	HybridCompat	hmcl	20508
		hybridfix	hybridfix	混合修复	HybridFix	hmcl	17621
		hydraulicraft	HydCraft	液压工艺	Hydraulicraft	hmcl	318
		hydrogen-reforged	hydrogen	氦	Helium	hmcl	4900
		hydrophobia	hydrophobia	恐水症	Hydrophobia	hmcl	1462
		hypertubes	create_hypertube	机械动力：超级管道	Create: Hypertubes	hmcl	20226
		hypnotics	hypnotics	安眠药	hypnotics	hmcl	2406
		hyxcate		宙蚀之刻	Hyxcate (Night/Day Events and Meteors)	hmcl	23920
		i-am-very-smart-forge	iamverysmart	我很聪明	I Am Very Smart	hmcl	1647
		i-dont-need-stone	idontneedstone	再见 圆石	I DON'T Need Stone	hmcl	7568
		i-feel-bad	i_feel_bad	恙 | 疫恙待诊	I Feel Bad	hmcl	22644
		i-have-slept	i_have_slept	朕已安寝	I have slept	hmcl	16785
		i-know-what-im-doing	ikwid	我知道我在干什么	I Know What I'm Doing	hmcl	873
		i-need-dragon-egg	i_need_dragon_egg	我需要龙蛋	I Need Dragon Egg	hmcl	25062
		i-wanna-music	iwm	给我音乐！	I Wanna Music	hmcl	24965
		i-want-to-spin	datl	我要开转	I Want To Spin	hmcl	20581
		i18n-nlts		自动汉化更新非长期支持版	I18nUpdateMod Non-LTS	hmcl	8067
		i18nupdatemod	i18nmod	自动汉化更新	I18nUpdateMod	hmcl	1188
		i18nupdatemod	i18nupdatemod	自动汉化更新	I18nUpdateMod	hmcl	1188
		iaf-dragon-fix	iafdragonfix	冰火传说-龙巢修复	IAFDragonFix	hmcl	27422
		iamzombieq	iamzombieq	我是僵尸？	I Am Zombie?	hmcl	28225
		iblis	iblis	恶魔	Iblis	hmcl	2549
		iblis-headshots	iblis_headshots	爆头击杀	Iblis Headshots	hmcl	3107
		ic2-classic	IC2-Classic-Spmod	工业时代2经典版	IC2 Classic	hmcl	1393
		ic2-nei-crop-plugin		IC2育种模拟器/杂交模拟器	IC2 Crop-Breeding Plugin	hmcl	1550
		ic2-reinforced-stone	rstone_mod	工业防爆石	IC2 Reinforced Stone	hmcl	24491
		ic2-rpg	ic2rpg	工业RPG	IC2 RPG	hmcl	6018
		ic2c-extras	ic2c_extras	工业时代2经典版拓展	IC2C Extras	hmcl	2180
		ic2cuumatter	ic2cuumatte	UU物质查找器	IC2C UU-Matter	hmcl	24494
		ic2xuumatter	ic2xuumatter	UU物质查看器	IC2X UU-Matter	hmcl	24439
		icarus-wings	locusazzurro_icaruswings	伊卡洛斯之翼	Icarus Wings	hmcl	4386
		icbm-classic		洲际导弹	ICBM	hmcl	235
		icbm-classic	icbmclassic	洲际导弹经典版	ICBM - Classic	hmcl	727
		ice-and-fire-delight	ice_and_fire_delight	冰火传说乐事	Ice and Fire Delight	hmcl	17255
		ice-and-fire-dragons	iceandfire	冰火传说	Ice and Fire	hmcl	770
		ice-and-fire-memory-fix	iaf_memory_fix	冰火传说内存修复	Ice and Fire Memory Fix	hmcl	28838
		ice-and-fire-patcher	iaf_patcher	冰火传说随意修复	Ice And Fire Patcher	hmcl	16631
		ice-and-fire-rotn-edition		冰火传说：RotN 版	Ice and Fire: RotN Edition	hmcl	7593
		ice-ice-baby	ice_ice_baby	冰术师	Ice Ice Baby	hmcl	3155
		iceandfire-ce	iceandfire	冰火传说社区版	IceAndFire Community Edition	hmcl	15464
		iceandfire-rlcraft	iceandfire	冰火传说-RLCraft版	I&F：RLCraft Edition	hmcl	12213
		iceberg	iceberg	冰山	Iceberg	hmcl	5074
		idas	idas	地牢建筑统合	Integrated Dungeons and Structures	hmcl	6142
		idcv	idcv	ID冲突查看器	ID Conflicts Viewer	hmcl	17697
		ide-better-command-block-forge-editor	bettercommandblock	更好的命令方块	Better Command Block IDE	hmcl	4626
		idealland	idealland	理想境	Idealland	hmcl	2421
		identifier-translation	identifier-translation	标识符翻译	Identifier Translation	hmcl	8657
		identity	identity	化身	Identity	hmcl	2751
		ido	ido	移动	Idō	hmcl	1806
		ifpatcher	ifpatcher	工业先锋补丁	IFPatcher	hmcl	19358
		iframestweaker	iframestweaker	调整无敌帧	IFramesTweaker	hmcl	27253
		igauntlet		灭霸手套	IGauntlet	hmcl	2145
		igiexteneded	igiextended	IGI 信息扩展	IGIExteneded	hmcl	7185
		ignitehud	ignitehud	燃点HUD	Ignite HUD	hmcl	1214
		iguana-in-a-blanket	iguana-blanket	真实调整	Iguana in a Blanket	hmcl	3615
		iguana-tweaks	IguanaTweaks	蜥蜴微调	Iguana Tweaks	hmcl	4757
		iguanas-tinker-tweaks	IguanaTweaksTConstruct	匠魂增强	Iguanas Tinker Tweaks	hmcl	555
		iguanatweaks-reborn	iguanatweaks	生存重构/蜥蜴微调重生	Survival Reimagined / IguanaTweaks Reborn	hmcl	4130
		iguanatweaks-reborn	iguanatweaksreborn	生存重构/蜥蜴微调重生	Survival Reimagined / IguanaTweaks Reborn	hmcl	4130
		ihouse	ihouse	我的房屋	iHouse	hmcl	364
		ii-dust-trench	dt	兢II	Dust Trench	hmcl	28206
		illager-invasion	illagerinvasion	灾厄侵扰	Illager Invasion	hmcl	11340
		illagers	illagers_plus	更多的灾厄村民	Illagers+	hmcl	4922
		im-tired	im_tired	我很疲倦	I'm Tired	hmcl	14925
		image-world-generator	imggen	图片地图转换器	Image World Generator	hmcl	3681
		imaginary-branch	imaginary_branch	虚数分支[二游ACT]	Imaginary Branch[Character Transformation]	hmcl	26510
		imblocker	imblocker	输入法冲突修复	IMBlocker	hmcl	3358
		imblockerfabric	imblocker	输入法冲突修复	IMBlockerFabric	hmcl	2840
		immersion-in-traffic-context	immersion_in_traffic_context	沉浸交通道路	Immersion in Traffic Context	hmcl	20165
		immersive-aircraft	immersive_aircraft	沉浸式飞机	Immersive Aircraft	hmcl	8527
		immersive-aircraft-x-immersive-engineering	iaie	沉浸式飞机x沉浸工程	Immersive Aircraft x Immersive Engineering	hmcl	26253
		immersive-armor-hud	immersivearmorhud	沉浸式盔甲 HUD	Immersive Armor HUD	hmcl	19098
		immersive-armors	immersive_armors	沉浸式盔甲	Immersive Armors	hmcl	6208
		immersive-bonsai	immersivebonsai	沉浸盆栽	Immersive Bonsai	hmcl	28565
		immersive-cables	immersivecables	沉浸线缆	Immersive Cables	hmcl	1114
		immersive-combat	bettercombatmod	沉浸式战斗	Immersive Combat	hmcl	6362
		immersive-cooking	immersivecooking	沉浸烹饪	Immersive Cooking	hmcl	4299
		immersive-craft	immcraft	沉浸工艺	Immersive Craft	hmcl	918
		immersive-enchanting	immersiveenchanting	沉浸式附魔	Immersive Enchanting	hmcl	22980
		immersive-energy	immersive_energy	沉浸能源	Immersive Energy	hmcl	2748
		immersive-engineering	ImmersiveEngineering	沉浸工程	Immersive Engineering	hmcl	463
		immersive-engineering	immersiveengineering	沉浸工程	Immersive Engineering	hmcl	463
		immersive-farming	immersivefarming	沉浸农业	Immersive Farming	hmcl	16290
		immersive-fixes	immersivefixes	沉浸工程修复	Immersive Fixes	hmcl	23364
		immersive-furniture	immersive_furniture	沉浸式家具	Immersive Furniture	hmcl	20670
		immersive-geology	immersive_geology	沉浸地质学	Immersive Geology	hmcl	5327
		immersive-industry	immersiveindustry	沉浸工业	Immersive Industry	hmcl	5434
		immersive-intelligence	immersive-intelligence	沉浸智能	Immersive Intelligence	hmcl	2756
		immersive-intelligence	immersiveintelligence	沉浸智能	Immersive Intelligence	hmcl	2756
		immersive-io	immersive_io	沉浸接口	Immersive IO	hmcl	1472
		immersive-mechanical	immersive_mechanical	沉浸机械	Immersive Mechanical	hmcl	26923
		immersive-melodies	immersive_melodies	沉浸式奏乐	Immersive Melodies	hmcl	11850
		immersive-metal	immersivemetal	沉浸金属	Immersive Metal	hmcl	2695
		immersive-paintings	immersive_paintings	沉浸画框	Immersive Paintings	hmcl	6947
		immersive-petroleum	immersivepetroleum	沉浸原油	Immersive Petroleum	hmcl	819
		immersive-portal-gun	portalgun	沉浸式传送枪	Immersive Portal Gun	hmcl	11333
		immersive-portals-for-forge	immersive_portals	沉浸式传送门	Immersive Portals	hmcl	2410
		immersive-railroading	immersiverailroading	沉浸铁路	Immersive Railroading	hmcl	1028
		immersive-slumber	immersiveslumber	沉浸睡眠	ImmersivelySleep	hmcl	18602
		immersive-snowgen	immersivesnow	沉浸式雪生成	Immersive Snowgen	hmcl	14275
		immersive-tech	immersivetech	沉浸科技	Immersive Technology	hmcl	885
		immersive-tips	immersive-tips	沉浸式提示	Immersive Tips	hmcl	23345
		immersive-weapons	immersiveweapons	沉浸式武器	Immersive Weapons	hmcl	7099
		immersive-weathering-fabric	immersive_weathering	沉浸式风化	Immersive Weathering	hmcl	6057
		immersivemc	immersivemc	沉浸式MC	ImmersiveMC	hmcl	7538
		immersiveposts	immersiveposts	沉浸长杆	Immersive Posts	hmcl	4776
		immortal-enchantment	immortal_enchantment	不死附魔	Immortal Enchantment	hmcl	17692
		immortalers-delight	immortalers_delight	千古乐事	Immortalers Delight	hmcl	18228
		immortality-by-adoleiiiiii	immortality	英雄不屈	Immortality	hmcl	27239
		impaled	impaled	更多三叉戟	Impaled🔱	hmcl	6487
		improvable-skills	improvableskills	技能进阶	Improvable Skills 3	hmcl	1867
		improved-2000	auweschvebc	“改进-2000”		hmcl	16853
		improved-2000	auweschvebc1	“改进-2000”		hmcl	16853
		improved-2000	auweschvebc2	“改进-2000”		hmcl	16853
		improved-extraction	improvedextraction	矿物获取改进	Improved Extraction	hmcl	934
		improved-mobs	improvedmobs	怪物增强	Improved Mobs	hmcl	3645
		improved-rails	irails	更好的铁轨 (可转弯の动力铁轨！)	Improved Rail (TURNABLE POWERED RAILS)	hmcl	19521
		improved-villagers	iv	改进的村民	Improved Villagers	hmcl	4195
		improvedbackpacks	improvedbackpacks	改良背包	Improved Backpacks	hmcl	5126
		improving-minecraft	imc	改善的世界	Improving Minecraft	hmcl	1200
		in-backpack-eat	in-backpack-eat	背包内食用	In-backpack Eat	hmcl	5978
		in-game-account-switcher	ias	游戏内账号切换	In-Game Account Switcher	hmcl	1212
		incorporeal	incorporeal	幻想多媒体	Incorporeal	hmcl	2300
		incorporeal-2-rhododendrite	incorporeal	幻想多媒体2	Incorporeal 2 + Rhododendrite	hmcl	5019
		incorporeal-2-rhododendrite	rhododendrite	幻想多媒体2	Incorporeal 2 + Rhododendrite	hmcl	5019
		incorporeal-3	incorporeal	幻想多媒体3	Incorporeal 3	hmcl	6358
		indestructible-enchantment	indestructible	附魔：无法破坏	Indestructible Enchantment	hmcl	26191
		indestructible-server-fix	indestructible_server_fix	坚不可摧服务端修复	Indestructible Server Fix	hmcl	23179
		index-librorum-prohibitorum	index	禁书目录	Index-Librorum-Prohibitorum	hmcl	16056
		indigestion-tablet	indigestion_tablet	健胃消食片	Indigestion Tablet	hmcl	22203
		indium	indium	铟	Indium	hmcl	3413
		indrevjei	indrevjei	工业革命JEI	IndRevJEI	hmcl	21296
		inductive-logistics	indlog	集成物流	Inductive Logistics	hmcl	3682
		industrial-craft	IC2	工业时代2	Industrial Craft 2	hmcl	2
		industrial-craft	ic2	工业时代2	Industrial Craft 2	hmcl	2
		industrial-expansion-te-addon	industrialexpansion	工业扩充 (TE附属)	Industrial Expansion [TE Addon]	hmcl	761
		industrial-foregoing	industrialforegoing	工业先锋	Industrial Foregoing	hmcl	979
		industrial-foregoing-extra-upgrades	ifeu	工业先锋:更多升级	Industrial Foregoing: Extra Upgrades	hmcl	17475
		industrial-foregoing-more-upgrade-plugins	ifmup	工业先锋：更多升级插件	Industrial Foregoing: More Upgrade Plugins	hmcl	26216
		industrial-foregoing-simulation	ifs	工业先锋：模拟	Industrial Foregoing: Simulation	hmcl	25662
		industrial-platform	industrial_platform	工业平台	Industrial Platform	hmcl	24738
		industrial-renewal	industrialrenewal	工业复兴	Industrial Renewal	hmcl	1595
		industrial-renewal-port	industrialrenewal	工业复兴移植版	Industrial Renewal Port	hmcl	9175
		industrial-revolution	indrev	工业革命	Industrial Revolution	hmcl	2752
		industrial-upgrade	industrialupgrade	工业升级	Industrial Upgrade	hmcl	2811
		industrial-upgrade	super_solar_panels	工业升级	Industrial Upgrade	hmcl	2811
		industrial-wires	industrialwires	工业线缆	Industrial Wires	hmcl	1232
		industrial-wires-classic		工业线缆经典版	Industrial Wires Classic	hmcl	24344
		industrybase	industrybase	工业基石	IndustryBase	hmcl	10791
		inenchantment-reconstruction	inenchantment_and_reconstruction	负魔与改造	Inenchantment ＆ Reconstruction	hmcl	11822
		infchest	infchest	无限箱子	Inf Chest	hmcl	12995
		infernal-expansion	infernalexp	地狱扩展	Infernal Expansion	hmcl	3564
		infinistack	infinistack	无限堆叠	InfiniStack	hmcl	19984
		infinite-dungeons	infinite_dungeons	无尽地牢	Infinite Dungeons	hmcl	6130
		infinite-fluid-bucket	infinite_fluid_bucket	无限流体桶	Infinite Fluid Bucket	hmcl	13888
		infinite-lava	infinitelava	无限熔岩	Infinite Lava	hmcl	20821
		infinite-light	infinite_light	无限光源	Infinite Light	hmcl	23287
		infinite-pie	infinite_pie	无限派	Infinite Pie	hmcl	27786
		infinite-pollution-filter	infilter	无限污染过滤器	Infinite Pollution Filter	hmcl	1753
		infinite-provider	infinite_provider	无限供应器	Infinite Provider	hmcl	23770
		infinite-refills	infinite_refills	无限续杯	Infinite Refills	hmcl	19854
		infinite-trading	infinitetrading	无限交易	Infinite Trading	hmcl	2866
		infinite-trading	infinitetrading-fabric	无限交易	Infinite Trading	hmcl	2866
		infinitefluids	infinitefluids	无限流体	InfiniteFluids	hmcl	10318
		infinitepower	infinitepower	无尽能源 / 能量叠生	Infinite Power	hmcl	20906
		infinitevillagertrading	infinitevillagertrading	无限村民交易	InfiniteVillagerTrading	hmcl	2865
		infinity-buttons	infinitybuttons	无限按钮	Infinity Buttons	hmcl	7466
		infinity-cave	infinity_cave	无限洞穴	Infinity Cave	hmcl	13110
		infinity-gauntlet-mod	infinitygauntlet	无限手套	Infinity Gauntlet	hmcl	1803
		infinity-item-editor	infinityeditor	无尽物品编辑器	Infinity Item Editor	hmcl	1182
		infinity-pattern-provider	infinitypatternprovider	无限样板供应器	Infinity Pattern Provider	hmcl	24573
		infinity-water-bucket	infinitywaterbucket	无限水桶	Infinity Water Bucket	hmcl	4209
		infinity-with-mending	infwithmend	无限与经验修补	Infinity With Mending	hmcl	7460
		infinitymending	infinitymending	无限+经验修补	InfinityMending	hmcl	3833
		infinityspell	infinityspell	无限魔咒	InfinitySpell	hmcl	14155
		informational-accessories	infoaccessories	信息饰品	Informational Accessories	hmcl	7873
		informed-load	informedload	更多加载信息	Informed Load	hmcl	1695
		infusinbrewing	InfusionBrewing	注魔酿造	Infusion Brewing	hmcl	559
		infusion-table	infusion_table	灌注祛魔台	Infusion Table	hmcl	8243
		ingame-biome-map-exporter	ingame_biome_map	群系地图一键导出	Ingame Biome Map	hmcl	6732
		ingame-info-reborn	ingameinfo	游戏信息显示复兴版	InGame Info Reborn	hmcl	17754
		ingame-info-xml	InGameInfoXML	游戏信息显示XML版	InGame Info XML	hmcl	1058
		ingame-info-xml	ingameinfoxml	游戏信息显示XML版	InGame Info XML	hmcl	1058
		ingame-info-xml-canoeedition	ingameinfoxml	游戏信息显示 独木舟版	InGame Info XML CanoeEdition	hmcl	24767
		ingame-mod-configs	InGameModConfigs	游戏内模组配置	InGame Mod Configs	hmcl	14881
		ingameconfigmanager	igcm	游戏内配置器	InGameConfigManager	hmcl	1913
		ingameime	ingameime	游戏内输入法	IngameIME	hmcl	3786
		ingameime-vintage	ingameime	游戏内输入法-1.12.2	IngameIME-Vintage	hmcl	20138
		inheritable-coat-color	inheritable_coat_color	可继承的绵羊毛色	Inheritable Coat Color	hmcl	23205
		inhrtburys-coin	inhrtburyscoin	Inhrtbury的金币	Inhrtbury's Coin	hmcl	21448
		inhrtburys-gilding	gildingmod	Inhrtbury 的镀金	Inhrtbury's gilding	hmcl	19043
		initial-house	initial_house	初始房屋	Initial House	hmcl	12078
		initial-inventory	initialinventory	自定义初始物品	Initial Inventory	hmcl	1510
		inner-voice	inner_voice	心声	Inner voice	hmcl	28507
		inputfix	InputFix	输入修正	InputFix	hmcl	6800
		insconfig	insconfig	即时重配	InsConfig	hmcl	25294
		insects	insects	昆虫	Insects	hmcl	2647
		inspirations	inspirations	灵感	Inspirations	hmcl	1122
		insta-house	instahouse	即时建造	Insta House	hmcl	420
		instant-bubble-studio	instantbubblestudio	瞬息气泡工坊	Instant Bubble Studio	hmcl	3009
		instant-unify	instantunify	瞬间统一+	InstantUnify+	hmcl	6795
		instantlava	instantlava	无限岩浆	InstantLava	hmcl	1942
		instantly-interact-internally	instantlyinteractinternally	随点随用	Instantly Interact Internally	hmcl	22070
		instantunify	instantunify	瞬间统一	InstantUnify	hmcl	1284
		instantworldmirror	instantworldmirror	瞬时世界之镜	Instant World Mirror	hmcl	24605
		instrument	ipp	更多乐器	Instrument++	hmcl	8416
		instrumental-mobs	instrumentalmobs	乐器怪物	Instrumental Mobs	hmcl	2991
		intact-ruined-nether-portal	intact_ruined_nether_portal	不破烂的废弃下界传送门	Intact Ruined Nether Portal	hmcl	28698
		intangible-effect	intangible	无实体	Intangible Effect	hmcl	27740
		integrated-additions	integratedadditions	集成扩展	Integrated Additions	hmcl	4101
		integrated-crafting	integratedcrafting	集成合成学	Integrated Crafting	hmcl	1613
		integrated-dynamics	integrateddynamics	动态联合/集成动力	Integrated Dynamics	hmcl	845
		integrated-dynamics	integrateddynamicscompat	动态联合/集成动力	Integrated Dynamics	hmcl	845
		integrated-nbt	integratednbt	NBT 联合	Integrated NBT	hmcl	3635
		integrated-proxy	integrated_proxy	集成代理器	Integrated Proxy	hmcl	3992
		integrated-terminals	integratedterminals	集成终端	Integrated Terminals	hmcl	1614
		integrated-tunnels	integratedtunnels	集成管道	Integrated Tunnels	hmcl	1450
		integrated-tunnels	integratedtunnelscompat	集成管道	Integrated Tunnels	hmcl	1450
		integration-foregoing	integrationforegoing	工业先锋集成附属	Integration Foregoing	hmcl	3298
		intelligent-energistics	intellie	智能能源	Intelligent Energistics	hmcl	1775
		interactions	interactions	自定义交互事件	Interactions	hmcl	3165
		interactive-block-prompt	ibp	可交互方块提示	Interactive Block Prompt	hmcl	21885
		interactive-corporea	interactive_corporea	交互多媒体	Interactive Corporea	hmcl	5598
		interactive-player-mobs	playermob	社交型虚拟玩家	Social Player Mobs	hmcl	28746
		interdimensional-wireless-transmitter	creativewirelesstransmitter	创造无线发送器	Interdimensional Wireless Transmitter	hmcl	9930
		interiors	extendedseating	机械动力：内饰	Create: Interiors	hmcl	11960
		interiors	interiors	机械动力：内饰	Create: Interiors	hmcl	11960
		interlace-spellweaves-irons-spells-and-spellbooks	iss_csw	交错织法	Interlace SpellWeaves	hmcl	25330
		interstellar-exoplanets	exoplanets	星际：系外行星	Interstellar: Exoplanets	hmcl	2392
		interworlds-splashscreens	interworldsplashscreen	进入维度加载界面	Interworlds Splashscreens	hmcl	14256
		into-the-maelstrom	mm	冒险漩涡	Into The Maelstrom	hmcl	5188
		invade	invade	入侵	Invade	hmcl	10067
		invasions	Invasion	入侵	Invasion	hmcl	191
		invasions	mod_Invasion	入侵	Invasion	hmcl	191
		inventory-crafting-grid	invcrafting	背包工作台	Inventory Crafting Grid	hmcl	1168
		inventory-crafting-grid	samsinvcrafting	背包工作台	Inventory Crafting Grid	hmcl	1168
		inventory-free	inventory_free	无物品栏	Inventory-Free	hmcl	3243
		inventory-home	inventoryhome	回归箱	Inventory Home	hmcl	5973
		inventory-hud-forge	inventoryhud	物品栏HUD+	Inventory HUD+	hmcl	3395
		inventory-interactions	inventory_interactions	物品栏互动	Inventory Interactions	hmcl	28666
		inventory-overlay	inventoryoverlay	背包显示	Inventory Overlay	hmcl	2586
		inventory-particles	inventory_particles	物品栏粒子	Inventory Particles	hmcl	23690
		inventory-pets	inventorypets	背包宠物	Inventory Pets	hmcl	521
		inventory-profiles	inventoryprofiles	一键背包整理	Inventory Profiles	hmcl	2888
		inventory-profiles-next	inventoryprofilesnext	一键背包整理Next	Inventory Profiles Next	hmcl	4104
		inventory-sort	inventory_sort	背包整理	Inventory Sort	hmcl	20714
		inventory-sort-nf		背包整理 (NeoForge 版)	Inventory Sort (NeoForge Edition)	hmcl	24829
		inventory-sorter	inventorysorter	物品分拣	Inventory Sorter	hmcl	2026
		inventory-stages	inventory_stages	背包阶段	Inventory Stages	hmcl	21266
		inventory-totem	inventorytotem	更好的图腾	Inventory Totem	hmcl	4318
		inventory-totem	inventorytotem-fabric	更好的图腾	Inventory Totem	hmcl	4318
		inventory-tweaks	inventorytweaks	R键整理	Inventory Tweaks	hmcl	73
		inventorytweak	inventorytweak	库存调整	InventoryTweak	hmcl	18008
		inverted-enchantments	ivrench	负魔书	InvertedEnchantments	hmcl	2430
		invisiblocks-1-2-1	invisibleblockmod	隐形方块	Invisiblocks	hmcl	23145
		invitemmark	invsee	物品标记	InvItemMark	hmcl	24099
		invmove	invmove	边拿边走	InvMove	hmcl	2809
		invmovecompats	invmove_compat	边拿边走兼容	InvMoveCompats	hmcl	9044
		inworldcrafting	inworldcrafting	世界合成	InWorldCrafting	hmcl	1916
		iodium	iodium	碘	Iodium	hmcl	28319
		ir-chinese-train-pack		三道岭余晖	JianShe in SanDaoLing	hmcl	10364
		ir-cr-ss8	ss8	中国铁路第一速	China Railways SS8	hmcl	18131
		ir-hxd3c-a-8161-locomotive-resource-package	atdhxd3ca8161	英雄运征程	Heroic Freight Voyage	hmcl	19798
		ir-iore		北欧12轴大力士		hmcl	17833
		iridium-source	iridiumsource	铱矿产	Iridium Source	hmcl	2588
		iridium-story	iridium	铱物语	Iridium Story	hmcl	24143
		irikana	irikana	伊利康纳	Irikana	hmcl	16391
		iron-and-gold-from-1-17	iron_and_gold	来自 1.17 的铁和金	iron and gold from 1.17	hmcl	4298
		iron-backpacks	ironbackpacks	特殊背包	Iron Backpacks	hmcl	538
		iron-backpacks-redone	ironbackpacksredone	特殊背包重做版	Iron Backpacks Redone	hmcl	6589
		iron-chest-minecarts	ironchestminecarts	更多箱子矿车	Iron Chest Minecarts	hmcl	1958
		iron-chest-unofficial		更多箱子非官方版	Iron Chest Unofficial	hmcl	17723
		iron-chests	IronChest	更多箱子	Iron Chests	hmcl	20
		iron-chests	ironchest	更多箱子	Iron Chests	hmcl	20
		iron-chests-fabric-edition		更多箱子 (Fabric 版)	Iron Chests (Fabric Edition)	hmcl	26114
		iron-furnaces	ironfurnaces	更多熔炉	Iron Furnaces	hmcl	3027
		iron-furnaces-fabric-neoforge		更多熔炉 (Fabric & NeoForge)	Iron Furnaces (Fabric & NeoForge)	hmcl	26112
		iron-ladders	ironladders	更多梯子	Iron Ladders	hmcl	16060
		iron-shulker-boxes	ironshulkerbox	更多潜影盒	Iron Shulker Boxes	hmcl	1974
		iron-shulkers		更多潜影盒 (Fabric & NeoForge)	Iron Shulkers (Fabric & NeoForge)	hmcl	26113
		iron-tanks	irontank	更多储罐	Iron Tanks	hmcl	998
		iron-tanks	irontanks	更多储罐	Iron Tanks	hmcl	998
		ironfist	IronFist	铁拳	Ironfist	hmcl	4229
		ironman	ironman	钢铁侠	IronMan	hmcl	1538
		irons-jewelry	irons_jewelry	Iron的宝石与饰品	Iron's Gems 'n Jewelry	hmcl	17280
		irons-spellbooks-ambidexterity	ambidexterity	允用对杖	Ambidexterity	hmcl	26275
		irons-spells-enchantments-irons-spells-addon	irons_spells_enchantments	奥法附魔	Iron's Spell's Enchantments - Iron's Spells Addon	hmcl	28844
		irons-spells-n-spellbooks	irons_spellbooks	Iron的法术与魔法书	Iron's Spells 'n Spellbooks	hmcl	10175
		irons-spells-spoken-sorcery	voicecastaddon	铁魔法：言出法随	Iron's Spells: Spoken Sorcery	hmcl	25501
		isd-irons-spells-delight	irons_spells_delight	奥法乐事	Iron's Spell's Delight - Iron's Spells Addon	hmcl	28459
		isleofberk	isleofberk	博克岛	Isle of Berk	hmcl	10360
		isometric-renders	isometric-renders	等轴渲染	Isometric Renders	hmcl	4504
		isometric-renders-forked	isometric_renders_forked	等轴渲染 - 分叉版	Isometric Renders - Forked	hmcl	26962
		iss-affiliated-distant-shock-barrier	distant_shock_barrier	远距冲击屏障	Distant Shock Barrier	hmcl	26555
		iss-food-spelling	iss_food_spelling	食施法	ISS: Food Spelling	hmcl	23888
		iss-tms-this-is-a-magic-staff	this_is_a_magic_staff	万法皆杖	This is a Magic Staff	hmcl	26576
		iss-ui-overhaul	iss_ui_overhaul	铁魔法UI重制	ISS UI Overhaul	hmcl	28843
		issrf-range-fix-irons-spells-n-spellbooks	issrangefix	铁魔法溢出射程修复	Range Fix - Iron's Spells 'n Spellbooks	hmcl	22581
		istc	istc	我说了算	I Said The Calculation	hmcl	5920
		it-seems-loosely-connected-to-the-ceiling	islcttc	与洞顶的连接似乎并不牢固	It seems loosely connected to the ceiling	hmcl	25041
		item-blacklist	itemblacklist	物品黑名单	Item Blacklist	hmcl	13498
		item-borders	itemborders	物品边框	Item Borders	hmcl	5073
		item-cooling-reduction	item_cooling_down	物品冷却缩减	Item Cooling Reduction	hmcl	20514
		item-counter	item_counter	物品计数器	Item Counter	hmcl	5147
		item-despawn-to-what	itemdespawntowhat	掉落物转化	Item Despawn To What	hmcl	24822
		item-entity-control	itementitycontrol	掉落物清理	Item Entity Control	hmcl	19589
		item-filters	itemfilters	物品过滤器	Item Filters​	hmcl	1605
		item-glint	itemglint	手持物品描边	Item Glint	hmcl	26012
		item-highlighter	highlighter	物品高亮	Item Highlighter	hmcl	6071
		item-icon-exporter	item_icon_exporter	物品图标导出器	Item Icon Exporter	hmcl	26333
		item-informations	iteminf	物品信息	Item Informations	hmcl	19694
		item-marks	itemmarks	物品标记	Item Marks	hmcl	23681
		item-model-fix	itemmodelfix	物品模型修复	Item Model Fix	hmcl	3845
		item-nameplate	item_nameplate	物品名称显示	Item Nameplate	hmcl	28675
		item-rarity	item_rarity	万象棱镜	Item Rarity	hmcl	24322
		item-recycler	itemcollectors	物品回收机	Item Recycler	hmcl	6889
		item-scroller	itemscroller	物品滚轮	Item Scroller	hmcl	1529
		item-split-bug-fix	item_split_bug_fix	物品分裂修复	Item Split Bug Fix	hmcl	16787
		item-stages	itemstages	物品阶段	Item Stages	hmcl	3171
		item-stitching-fix	itemstitchingfix	物品模型修复移植版	Item Stitching Fix	hmcl	4747
		itemblacklistfixed		物品黑名单修复版	ItemBlackListFIXED	hmcl	21422
		itemcleaner	itemcleaner	掉落物清洁者	ItemCleaner	hmcl	21673
		itemframeremover	itemframeremover	物品展示框移除器	ItemFrameRemover	hmcl	14758
		itemnamecopier	itemnamecopier	复制物品名称	ItemNameCopier	hmcl	23793
		itemphysic	itemphysic	物品物理掉落	ItemPhysic	hmcl	932
		itemphysic	itemphysiclite	物品物理掉落	ItemPhysic	hmcl	932
		itemphysic-1-7-10-unofficial		物品物理掉落非官方版	ItemPhysic Legacy Unofficial	hmcl	16798
		itemphysic-lite-fabric		物品物理掉落：轻量版 - Fabric	ItemPhysic Lite - Fabric	hmcl	6881
		items-displayed-fabric	items_displayed	物品陈列	Items Displayed	hmcl	11600
		itemzoom	itemzoom	物品缩放	ItemZoom	hmcl	3048
		itisme	itisme	强调	It Is Me	hmcl	25573
		its-not-long-enough	itsnotlongenough	与现实相同的昼夜交替	It's Not Long Enough	hmcl	2570
		iv-mts-q-m-p-qawsed-military-pack	mts	喀斯德军事附属包	Qawsed Military Pack	hmcl	26307
		iventory-vertical-swap	inventory_vertical_swap	垂直快捷栏	Iventory Vertical Swap	hmcl	27177
		ivtoolkit-arcana-rpg-continuation-edition	IvToolkit	IvToolkit：延续	IvToolkit Arcana Rpg Continuation Edition	hmcl	14772
		jabba	JABBA	更好的储物桶	Just Another Better Barrel Attempt	hmcl	346
		jackie-chan-adventures-talisman-legend	chen_mod	符咒传说	Jackie Chan Adventures: Talisman Legend	hmcl	26822
		jackie-chan-s-weapon	jackie_chans_weapon	成龙的武器	Jackie Chan's weapon	hmcl	4394
		jade	jade	玉 🔍	Jade 🔍	hmcl	3482
		jadeownerfix	jadeownerfix	一眼认主	JadeOwnerFix	hmcl	25689
		jaffa-foods-a-harvestcraft-addon	jaffa	更多有趣的食物	Just Another Fun Food Addon	hmcl	661
		jaopcaadditions		JAOPCA附属	JAOPCAAdditions	hmcl	1160
		jaopcacustom	jaopcacustom	JAOPCA自定义	JAOPCA Custom	hmcl	8276
		jaopcasingularities	jaopcasingularities	JAOPCA奇点	JAOPCA Singularities	hmcl	2286
		japanese-food-mod	japanese_food_mod	日式料理	Japanese Food Mod	hmcl	2762
		jargca	jaopca	JAOPCA神秘农业附属	Just A Resource Generation Compatibility Attempt	hmcl	1163
		jargca	oredictinit	JAOPCA神秘农业附属	Just A Resource Generation Compatibility Attempt	hmcl	1163
		jarsauth	jarsauth	客户端管理	JarsAuth	hmcl	11107
		jason-bot	jasonbot	Jason机器人	Jason Bot	hmcl	17965
		jcm	jsblock	常磐装饰	Joban Client Mod	hmcl	6670
		jea	jea	JEI进度	Just Enough Advancements	hmcl	3720
		jeb-cushions	jeb-cushions	jeb_坐垫	jeb_ Cushions	hmcl	28814
		jeb_-wool	jebwool	jeb_羊毛	jeb_ Wool	hmcl	16002
		jei	JEI	JEI物品管理器	Just Enough Items	hmcl	459
		jei	jei	JEI物品管理器	Just Enough Items	hmcl	459
		jei-bees	jeibees	JEI 蜜蜂	JEI Bees	hmcl	805
		jei-biome	jei_biome	JEI群系信息查询	JEI Biome	hmcl	28412
		jei-copy-recipe-json	jei_copy_recipe_json	JEI随意复制	JEI Copy Recipe Json	hmcl	23194
		jei-enchantment-info	jeienchantmentinfo	JEI 附魔信息	JEI Enchantment Info	hmcl	2855
		jei-integration	jeiintegration	JEI扩展	JEI Integration	hmcl	2077
		jei-integration-reborn	jei_integration_reborn	JEI扩展：重生	JEI Integration: Reborn	hmcl	20296
		jei-research	research	深度求索	Research	hmcl	25418
		jei-slashblade	jei_slashblade	JEI拔刀剑	JEI SlashBlade	hmcl	27270
		jei-swift-copy	jei_swift_copy	JEI迅速复制	JEI Swift Copy	hmcl	26068
		jei-trim-hider	jei_trim_hider	JEI 纹饰模板隐藏	JEI Trim Hider	hmcl	25067
		jei-utilities	jeiutilities	JEI实用设备	JEI Utilities	hmcl	6172
		jei-villagers	jeivillagers	JEI村民交易查看	JEI Villagers	hmcl	2143
		jeirecipemanager	jeirecipemanager	JEI配方管理器	JEIRecipeManager	hmcl	27617
		jellyfishing	jellyfishing	抓水母	Jellyfishing	hmcl	3653
		jellyfishing-delight	jellyfishingdelight	抓水母乐事	Jellyfishing Delight	hmcl	17790
		jepp	jepp	JEI绘画预览	Just Enough Painting Previews	hmcl	6858
		jer-integration	jerintegration	JER集成	JER Integration	hmcl	5611
		jerotes-village	jerotesvillage	Jerotes村庄-二轮世界	Jerotes Village - Second Round World	hmcl	14086
		jerotes-village-delight	jerotesdelight	Jerotes村庄乐事	Jerotes Village Delight	hmcl	22124
		jerotes-village-delight	jerotesvillagedelight	Jerotes村庄乐事	Jerotes Village Delight	hmcl	22124
		jerotes-village-golems	jerotes_village_golems	Jerotes村庄-傀儡装配	Jerotes Village Golems	hmcl	26245
		jerotes-villages-pillage	jerotesvillage	Jerotes村庄的掠夺	Jerotes Village's Pillage	hmcl	25986
		jerotes-warehouse	jerotes	Jerotes实用仓库	Jerotes Warehouse	hmcl	19502
		jetif	jetif	物品丢入流体	Just Enough Throwing In Fluids	hmcl	2094
		jewelcraft	jewelcraft	珠宝工艺	Jewelcraft	hmcl	9771
		jewelrycraft-2	jewelrycraft2	珠宝工艺2	Jewelrycraft 2	hmcl	13793
		jglrxavpoks-uncrafting-table	jordy141minecraftmagicwrench	jglrxavpok的拆解台	jglrxavpok's Uncrafting Table	hmcl	1101
		jglrxavpoks-uncrafting-table	uncraftingTable	jglrxavpok的拆解台	jglrxavpok's Uncrafting Table	hmcl	1101
		jiagu-reappearance	jiagureappear	岁在甲骨	Jiagu Reappearance	hmcl	20642
		jingames-dragon-block-c	jinryuudragonblockc	龙珠C	Dragon Block C	hmcl	847
		jingames-naruto-c		火影忍者C	Naruto C	hmcl	1003
		jinghui	jinghui	镜回	JingHui	hmcl	16931
		jkbw	mr_jkbw	起床战争工具包	JK's BedWars ToolPack	hmcl	10014
		johanness-renaissance-rebirth	johannessrenaissance	约翰内斯的文艺复兴：火器之重生	Johannes's Renaissance: Musket Rebirth	hmcl	20422
		johnnys-biological-notes	johnnys_biological_notes	Johnny的生物笔记	Johnny's biological notes	hmcl	12680
		joint-block-1-7-10	modJ_JBRobot	机器方块	JointBlock	hmcl	442
		joint-block-1-7-10	modJ_JointBlock	机器方块	JointBlock	hmcl	442
		joint-block-1-7-10	modj_jointblock	机器方块	JointBlock	hmcl	442
		jojo-hamon-era	jojohe	JoJo: 波纹时代	JoJo: Hamon Era	hmcl	2247
		journey-into-the-light-mod	eotg	光明之旅·神之本质	Journey Into the Light · Essence of the Gods	hmcl	2417
		journey-into-the-light-mod	essence	光明之旅·神之本质	Journey Into the Light · Essence of the Gods	hmcl	2417
		journey-into-the-light-mod	jitl	光明之旅·神之本质	Journey Into the Light · Essence of the Gods	hmcl	2417
		journey-into-the-light-mod	journey	光明之旅·神之本质	Journey Into the Light · Essence of the Gods	hmcl	2417
		journey-to-gensokyo	journeytogensokyo	幻想乡之旅	Journey to Gensokyo	hmcl	951
		journeymap	JourneyMapServer	旅行地图	JourneyMap	hmcl	198
		journeymap	journeymap	旅行地图	JourneyMap	hmcl	198
		journeymap-web-map	journeymap_webmap	旅行地图：网络地图	JourneyMap Web Map	hmcl	16257
		journeymapstages	jmapstages	旅行地图阶段控制	JourneyMapStages	hmcl	3313
		jousting	jousting	马术	Jousting	hmcl	3623
		joy-of-painting	xercapaint	绘画之乐	Joy of Painting	hmcl	6934
		json-entity-models-jems	jsonentitymodels	JSON实体模型	JSON Entity Models	hmcl	8968
		jumbo-furnace	jumbofurnace	巨型熔炉	Jumbo Furnace	hmcl	6164
		jump-efficiency	jump_efficiency	跳跳效率	Jump Efficiency	hmcl	22589
		jumpy-boats-fabric	jumpyboat	跳跃的船 (Fabric/Quilt)	Jumpy Boats(Fabric/Quilt)	hmcl	6702
		jungle-treehouse-village	jungle_treehouse_village	丛林树屋村庄	Jungle Treehouse Village	hmcl	26362
		jurassic-world-reborn-mod	rebornmod	侏罗纪重生	Jurassic Reborn	hmcl	3265
		jurassicraft	jurassicraft	侏罗纪时代	JurassiCraft	hmcl	560
		just-a-few-fish	jaff	只是一些鱼	Just a Few Fish	hmcl	1130
		just-another-random-spawn	randomspawn	遥缘调址/随机出生点	Just Another Random Spawn	hmcl	16525
		just-another-rotten-flesh-to-leather-mod	jrftl	腐肉换皮革	Just Another Rotten Flesh to Leather Mod	hmcl	3505
		just-another-vanilla-addon-java	java	迫真原版增强	Just Another Vanilla Addon	hmcl	5678
		just-enough-beacons	justenoughbeacons	JEI信标	Just Enough Beacons	hmcl	5612
		just-enough-buttons	justenoughbuttons	更多的按钮	Just Enough Buttons	hmcl	2121
		just-enough-characters	je_characters	通用拼音搜索	Just Enough Characters	hmcl	840
		just-enough-characters	jecharacters	通用拼音搜索	Just Enough Characters	hmcl	840
		just-enough-dimensions	justenoughdimensions	维度配置	Just Enough Dimensions	hmcl	2765
		just-enough-drags	justenoughdrags	更多JEI拖拽	Just Enough Drags	hmcl	3626
		just-enough-effect-descriptions-jeed	jeed	JEI药水效果	Just Enough Effect Descriptions	hmcl	5460
		just-enough-fuels	justenoughfuels	JEI匠魂燃料	Just Enough Fuels	hmcl	23852
		just-enough-harvestcraft	jehc	更多潘马斯配方查询	Just Enough HarvestCraft	hmcl	1224
		just-enough-piglin-bartering	jepb	JEI猪灵以物易物	Just Enough Piglin Bartering	hmcl	5634
		just-enough-professions-jep	justenoughprofessions	JEI工作方块	Just Enough Professions	hmcl	4464
		just-enough-tooltips	jett	提示酱	Just Enough Tooltips	hmcl	27605
		just-more-cakes	jmc	只是更多的蛋糕！	Just More Cakes!	hmcl	5013
		just-poop-mod	pm	屎!	Poop Mod!	hmcl	2913
		just-poop-mod	poop	屎!	Poop Mod!	hmcl	2913
		just-sleep	justsleep	我就睡个觉	Just Sleep	hmcl	1895
		just-some-chocolate	chocomod	只是一些巧克力	Just some Chocolate	hmcl	4360
		just-some-more-crops	justanothercropsmod	农务多多	Just Some More Crops	hmcl	23068
		just-what-i-needed-mod	JWIN	刚好是我所需要的	Just What I Needed Mod	hmcl	28022
		justhammers	justhammers	锤子合集	JustHammers	hmcl	8274
		justleveling-x-ironspell	justleveling_x_ironSpell	法有所归	Just Leveling x IronSpell	hmcl	16133
		justsink	just_sink	水槽	JustSink	hmcl	28096
		juv	juv_preserve	永雏	Juvenile Preserve	hmcl	21998
		jvs-pillage	jvpillage	J村的掠夺	JV's Pillage	hmcl	26055
		kaguyafd	kaguya	辉夜姬的五难题：重置	KaguyaFD	hmcl	23671
		kaimyentity	kaimyentity	KAI我的实体	KAIMyEntity	hmcl	3605
		kaleidoscope-bloodwine	kaleidoscope_bloodwine	森罗酒馆：血酒	Kaleidoscope: Bloodwine	hmcl	26574
		kaleidoscope-bountiful-vineyard	kaleidoscope_bountiful_vineyard	森罗酒馆：缤纷葡园	Kaleidoscope Bountiful Vineyard	hmcl	28697
		kaleidoscope-chinese-food	kaleidoscope_chinesefood	森罗物语：国味	Kaleidoscope Chinese Food	hmcl	24652
		kaleidoscope-compat	kaleidoscope_compat	森罗物语：兼容	Kaleidoscope Compat	hmcl	23009
		kaleidoscope-contraption	kaleidoscope_contraption	森罗物语：动态结构	Kaleidoscope Contraption	hmcl	25917
		kaleidoscope-cookery	kaleidoscope_cookery	森罗物语：厨房	Kaleidoscope Cookery	hmcl	20850
		kaleidoscope-cookery-automation	kaleidoscopecookery_automation	森罗厨房：自动化	Kaleidoscope Cookery: Automation	hmcl	24205
		kaleidoscope-cookery-refabricated	kaleidoscope_cookery	森罗物语：厨房——重织	Kaleidoscope Cookery Refabricated	hmcl	23718
		kaleidoscope-cookery-satiated-shield-tuner	kaleidoscope_cookery_satiated_shield_tuner	饱腹代偿调整器	Kaleidoscope Cookery: Satiated Shield Tuner	hmcl	25807
		kaleidoscope-deco	kaleidoscope_deco	森罗物语：装饰	Kaleidoscope Deco	hmcl	23160
		kaleidoscope-dimensions-wine	kaleidoscope_dim_wine	森罗物语：次元酒窖	Kaleidoscope Dimensions Wine	hmcl	26100
		kaleidoscope-doll	kaleidoscope_doll	森罗物语：玩偶	Kaleidoscope Doll	hmcl	19418
		kaleidoscope-doll-plus	kaleidoscope_doll_plus	森罗物语：玩偶+	Kaleidoscope Doll +	hmcl	28526
		kaleidoscope-doll-workshop	kaleidoscope_doll_workshop	森罗物语：玩偶工坊	Kaleidoscope Doll Workshop	hmcl	24158
		kaleidoscope-end	kaleidoscope_end	森罗物语：末地	Kaleidoscope End	hmcl	24680
		kaleidoscope-end-refabricated	kaleidoscope_end	森罗物语：末地——重织	Kaleidoscope End Refabricated	hmcl	27751
		kaleidoscope-fruit-brew	kaleidoscope_fruit_brew	森罗物语：果酒	Kaleidoscope Fruit Brew	hmcl	26642
		kaleidoscope-nether	kaleidoscope_nether	森罗物语：下界	Kaleidoscope Nether	hmcl	23825
		kaleidoscope-old-tavern	kaletaold	森罗酒馆：老牌酒馆		hmcl	28268
		kaleidoscope-tavern	kaleidoscope_tavern	森罗物语：酒馆	Kaleidoscope Tavern	hmcl	25200
		kaleidoscope-tavern-refabricated		森罗物语酒馆：重织	Kaleidoscope Tavern Refabricated	hmcl	26573
		kaleidoscope-tfc-cookery	ktfcc	森罗物语：群峦厨房	Kaleidoscope TFC Cookery	hmcl	25218
		kaleidoscope-twilight	kaleidoscope_twilight	森罗物语：暮色	Kaleidoscope Twilight	hmcl	26490
		kaleidoscope-world-liquor	kaleidoscope_world_liquor	森罗酒馆：世界名酒	Kaleidoscope World Liquor	hmcl	25477
		kamen-rider-craft	kamenridercraft	假面骑士工艺	Kamen Rider Craft	hmcl	1636
		kamen-rider-craft	kamenridercraft4th	假面骑士工艺	Kamen Rider Craft	hmcl	1636
		kamen-tinker	kamen_tinker	蓝钢匠艺/假面匠艺	Kamen Tinker	hmcl	19419
		kamenridercompletionplan	krp_i_wanna_be_your_hero	假面骑士补完计划	Kamen Rider Completion Plan	hmcl	22681
		kamenriderweaponcraft	kamen_rider_weapon_craft	假面骑士武器大全集	KamenRiderWeaponCraft	hmcl	18073
		kami-reborn	kami	神灵：重生	KAMI: Reborn	hmcl	27580
		karat-garden	karatgarden	克拉的花园	Karat Garden	hmcl	2608
		kcs-growable-ores	B0bGrowsOre	可生长矿石	Kc's Growable Ores / B0bGary's Growable Ores	hmcl	241
		kcs-growable-ores	growores	可生长矿石	Kc's Growable Ores / B0bGary's Growable Ores	hmcl	241
		keep-equipment	keepequipment	保留装备	Keep Equipment	hmcl	4529
		keep-my-soil-tilled	keepmysoiltilled	保持肥沃	Keep My Soil Tilled	hmcl	5358
		keepcuriosinventory	KeepCuriosInventory	饰品栏优化	KeepCuriosInventory	hmcl	10816
		keepcuriosinventory	keepcuriosinventory	饰品栏优化	KeepCuriosInventory	hmcl	10816
		keepinventorynext	keepinventorynext	死亡不掉落增强	Keeping Inventoiry Next	hmcl	19944
		keepmum	keepmum	三缄其口	KeepMum	hmcl	7721
		kelp-fertilizer	kelpfertilizer	海带肥料	Kelp Fertilizer	hmcl	22901
		kenergy-engineering-retechnicalized	kenergyengineering	科能工程：再技术化	Kenergy Engineering Retechnicalized	hmcl	27136
		kenshiro-mod	AS_KSM	北斗神拳	Kenshiro Mod	hmcl	16351
		kenshiro-mod	AS_Kenshiro	北斗神拳	Kenshiro Mod	hmcl	16351
		ketkets-player-shops	mr_ketkets_playershops	玩家商店	Player Shops / Ketket's Player Shops	hmcl	24360
		key-binding-patch	key_binding_patch	按键绑定补丁	Key Binding Patch	hmcl	12624
		keybinding-hider	key_binding_hider	按键绑定隐藏器	KeyBinding Hider	hmcl	19037
		keyboard-detector	keyboarddetector	键位检测器	Keyboard Detector	hmcl	21446
		keyboard-wizard	keywizard	按键精灵	Keyboard Wizard	hmcl	4387
		keyboard-wizard-ce	keyboard_wizard_ce	按键精灵社区版	Keyboard Wizard CE	hmcl	27931
		keyboard-wizard-legacy	keywizard	按键精灵旧版	Keyboard Wizard: Legacy	hmcl	7884
		keymacro	keymacro	按键宏	KeyMacro	hmcl	25661
		keymap	keymap	键盘映射	Keymap	hmcl	6879
		keypreset	keypreset	键位预设	KeyPreset	hmcl	17012
		kibe	kibe	羊肉面饼实用设备	Kibe Utilities	hmcl	4588
		kill-counter-kill-streak-announcer-mob-death	killcounter	连杀计数	Kill Counter	hmcl	19035
		killer-rabbit-transformation	killer_rabbit_transformation	转化杀手兔	Killer Bunny Tweaks	hmcl	13574
		kimetsu-animation-demon-slayer-animation	kimetsuanimationplayer	鬼灭动作	Kimetsu Animation	hmcl	5124
		kimetsu-no-yaiba-reload	knyr	鬼灭之刃 重制	Kimetsu No Yaiba Reload	hmcl	21682
		kind-seagull	kind_seagull	善良海鸥	Kind Seagull	hmcl	25317
		kinetic-pixel	pointblank	机素动能	Create Firearms-Kinetic Pixel	hmcl	17588
		kingdomcome-combat		天国的战斗	Kindomcome Combat	hmcl	28289
		kiss-mod-unofficial		Kiss Mod：非官方版	Kiss Mod Unofficial	hmcl	22246
		kitchen-karrot	kitchenkarrot	胡萝卜厨房	Kitchen Karrot	hmcl	6541
		kitchen-mod	kitchen	厨房	The Kitchen Mod	hmcl	2418
		kitchen-tools	kitchentools	厨师宝具	Kitchen Tools	hmcl	23353
		kjlib	kjlib	KJ库	KJLib	hmcl	1957
		kleeslabs	kleeslabs	更好地破坏半砖	KleeSlabs	hmcl	1169
		knight-bodyguard-forge	knight_mob	骑士保镖	Knight Bodyguard	hmcl	16654
		knowledges	knowledges	知识库	Knowledges	hmcl	16320
		kobolds	kobolds	狗头人！	Kobolds!	hmcl	9732
		kogtyv-tav	kogtyvtav	Kogtyv 的城镇与村庄	kogtyv-Towny and Village	hmcl	19422
		krypton	krypton	氪	Krypton	hmcl	3399
		krypton-foxified	krypton	氪 NeoForge 版	Krypton Foxified	hmcl	18193
		krypton-reforged	kryptonreforged	氪Forge版	Krypton Reforged	hmcl	5146
		kubejs-industrial-foregoing	kjsindustrialforegoing	KubeJS工业先锋	KubeJS Industrial Foregoing	hmcl	11271
		kubejs-offline	kubejsoffline	KubeJS 离线文档	KubeJS Offline Documentation	hmcl	8832
		kubejs-recipes-create	kubejs_recipes_create	KubeJS配方生成	KubeJS Recipes Create	hmcl	23764
		kurisus-passable-leaves	passableleaves	叶间穿梭	Passable Leaves	hmcl	11858
		kuvalich	kuvalich	赤毒玄骸	KuvaLich	hmcl	14140
		kvc-blocks	kvc-blocks	蛋挞君的原版补全方块篇	KVCBlocks	hmcl	4968
		kvc-equipment	kvc-equipment	蛋挞君的原版补全装备篇	KVCEquipment	hmcl	4949
		kylin-arm	kylin_arm	麒麟臂	Kylin Arm	hmcl	20798
		l2-archery	l2archery	莱特兰-弓艺	L2 Archery	hmcl	8802
		l2-artifacts	l2artifacts	莱特兰-古遗物	L2 Artifacts	hmcl	7128
		l2-backpack	l2backpack	莱特兰-背包	L2 Backpack	hmcl	7082
		l2-complements	l2complements	莱特兰-扩充	L2 Complements	hmcl	8797
		l2hostility	l2hostility	莱特兰-恶意	L2Hostility	hmcl	12008
		l2weaponry	l2weaponry	莱特兰-武器	L2 Weaponry	hmcl	9873
		labels	labels	存储标签	Storage Labels	hmcl	9114
		laggoggles	laggoggles	延迟监视	LagGoggles	hmcl	1995
		lagmeter	lagmeter	延迟表	LagMeter	hmcl	3897
		lains-random-creation	lain	LAIN的随意创作	Lain's random creation	hmcl	15325
		lakeside	lakeside	湖畔	Lakeside	hmcl	4956
		lambda-craft	lambdacraft	半条命	LambdaCraft	hmcl	1118
		lambdabettergrass	lambdabettergrass	Lambd 的更好的草方块	LambdaBetterGrass	hmcl	4238
		lambdacontrols	lambdacontrols	Lambd 的控制优化	LambdaControls	hmcl	5453
		lambdynamiclights	lambdynlights	Lambd的动态光源	LambDynamicLights	hmcl	2954
		lan-server-properties	lanserverproperties	自定义局域网联机	Lan Server Properties	hmcl	2754
		landing-mud	landingmud	落地泥！	Landing Mud	hmcl	25111
		landmines	landmines	地雷	Landmines	hmcl	11878
		lang_magic	language_arts	言灵	lang_magic	hmcl	2601
		lang_tool	lengthen	加长工具	lang_tool	hmcl	2476
		language-amend	lang_amend	译言订正	Language Amend	hmcl	25285
		lanteacraft	LanteaCraft	星际之门	LanteaCraft	hmcl	415
		lanteacraft	lanteacraft	星际之门	LanteaCraft	hmcl	415
		lanthanum	lanthanum	镧	Lanthanum	hmcl	12746
		large-ore-deposits	adlods	大型矿床	Large Ore Deposits	hmcl	2280
		large-super-potato	largesuperpotato	大型超级马铃薯	Large Super Potato	hmcl	15491
		largefluidtank	fluidtank	大型储罐	Large Fluid Tank	hmcl	1879
		laseas-wilderness-traders	wildernesstraders	Lasea的荒野商人	Lasea's Wilderness Traders	hmcl	22185
		laser-creeper-robot-dino-riders-from-space	lcrdrfs	来自外太空的激光爬行者机器恐龙骑士	Laser Creeper Robot Dino Riders From Space	hmcl	8454
		last-sword-you-will-ever-need-mo	theonlychaosmodforyou	最终之剑	The Last Sword You Will Ever Need Mod	hmcl	715
		latiao-craft	latiaocraft	辣条工艺	Latiao Craft	hmcl	552
		latiao-craft-2	ltc2	辣条工艺 2	Latiao Craft 2	hmcl	17541
		launch-time	launch_time	启动耗时	Launch Time	hmcl	15189
		lava-clear-view	clearview	熔岩下清晰视野	Lava Clear View	hmcl	5080
		lava-monsters	lava_monster	熔岩怪	Lava Monsters	hmcl	3039
		lava-picker-upper	lavacontainer	熔岩收集器	Lava Picker Upper	hmcl	4319
		lava-vision-enchantment	lavavision	附魔：熔岩明视	Lava Vision Enchantment	hmcl	26273
		lava-vision-enchantment	lavavisionenchantment	附魔：熔岩明视	Lava Vision Enchantment	hmcl	26273
		lava-waders-bauble	lavawaderbauble	熔岩魔靴饰品	Lava Waders Bauble	hmcl	4186
		lavaboat_mod	lavaboat	熔岩船	LavaBoat	hmcl	11134
		lavafishing	lavafishing	熔岩钓鱼	Lava Fishing	hmcl	7611
		lavalogged-blocks	lavalogging	岩浆充填	Lavalogged blocks	hmcl	4475
		lavamelon	lava_melon	熔岩西瓜	Lavamelon	hmcl	22103
		lavasweeper	lava_sweeper	熔岩清道夫	LavaSweeper	hmcl	22893
		lavatech	lavaplus	熔岩科技	Lava Tech	hmcl	6393
		lazierae2	lazierae2	懒人AE2 1.16+	Lazier AE2	hmcl	4017
		lazy-ae2	threng	懒人AE2	Lazy AE2	hmcl	1799
		lazy-ae2-patch	lazyae2patch	懒人AE2补丁	Lazy AE2 Patch	hmcl	11312
		lazy-crafting	lazy_crafting	懒人合成	Lazy Crafting	hmcl	20754
		lazy-dfu-forge		DFU载入优化 [FORGE]	Lazy DataFixerUpper(LazyDFU) [FORGE]	hmcl	16448
		lazy-item-generator	lazy_item_generator	咸鱼物品生成器	Lazy Item Generator	hmcl	19792
		lazy-item-generator	lazy_item_generator_1_19_2	咸鱼物品生成器	Lazy Item Generator	hmcl	19792
		lazy-item-generator	lazy_item_generator_neoforge	咸鱼物品生成器	Lazy Item Generator	hmcl	19792
		lazybank	lazybank	咸鱼银行	Lazybank	hmcl	21803
		lazybank	lazybank_1192	咸鱼银行	Lazybank	hmcl	21803
		lazybank	lazybank_1201	咸鱼银行	Lazybank	hmcl	21803
		lazybank	lazybank_1211	咸鱼银行	Lazybank	hmcl	21803
		lazydfu	lazydfu	DFU载入优化	LazyDFU	hmcl	3407
		lazyenergy	lazy_energy	懒人能源	LazyEnergy	hmcl	27276
		lc2h	lc2h	失落的城市：多线程	LC²H / Lost Cities: Multithreaded	hmcl	28606
		lead-beyond	lead_beyond	引向超越	Lead Beyond	hmcl	7806
		lead-villagers	leadvillagers	带领村民	Lead Villagers	hmcl	1652
		leaf-decay	leaf-decay	树叶速腐Fabric版	Leaf Decay	hmcl	3078
		leaf-pile	leafpile	落叶堆	Leaf Pile	hmcl	13917
		leafdecaystopper	leaf_decay_stopper	树叶腐烂抑制器	Leaf Decay Stopper	hmcl	16955
		leapoffaith-forge	lofaith	信仰之跃	Leap of Faith	hmcl	6050
		leather-works	leatherworks	皮革加工厂	Leather Works	hmcl	874
		leave-my-bars-alone	leavemybarsalone	改进的骑乘HUD	Leave My Bars Alone	hmcl	9900
		leawind-third-person	leawind_third_person	Leawind 的第三人称	Leawind's Third Person	hmcl	12699
		led	led	发光二极管	Light Emitting Diode	hmcl	7567
		led	led-common	发光二极管	Light Emitting Diode	hmcl	7567
		left-2-mine		求生之路	Left 2 Mine	hmcl	2293
		left-click-slashblade	leftsb	左键拔刀剑	SlashBlade Left Click	hmcl	27039
		legacy-boat-ruins	legacy-boat-ruins	特殊沉船遗迹	Legacy Boat Ruins	hmcl	28424
		legacycraft	LegacyCraft	传统工艺	LegacyCraft	hmcl	2210
		legendary-creatures	legendarycreatures	传说生物	Legendary Creatures	hmcl	17000
		legendary-item	legendarium	魔戒传说物品	Legendary Item	hmcl	14843
		legendary-mage	legendarymage	传奇法师	Legendary Mage	hmcl	25571
		legendary-monsters	legendary_monsters	传奇怪物	Legendary Monsters	hmcl	12933
		legendary-monsters-fix	pinebossfix	传奇怪物修改	Legendary Monsters Fix	hmcl	27496
		legendary-relics	legendary_relics	传说遗物	Legendary Relics	hmcl	20242
		legendary-spellbooks	legendary_spellbooks	传奇魔法书	Legendary Spellbooks	hmcl	25399
		legendary-survival-overhaul	legendarysurvivaloverhaul	传说生存	Legendary Survival Overhaul	hmcl	15700
		legendary-tabs	legendarytabs	传说选项卡	Legendary Tabs	hmcl	18010
		legendary-tooltips	legendarytooltips	传说提示框	Legendary Tooltips	hmcl	5396
		legendblade	legendblade	传世之刃	LegendBlade	hmcl	17167
		legendreliclib	legendreliclib	传世遗产库	LegendRelicLib	hmcl	20831
		lemon-kindom-artifacts	lemon_kindom_artifacts	柠檬王国：传说之物	Lemon Kindom: Artifacts	hmcl	13130
		lemonlib	lemonlib	柠檬库	LemonLib	hmcl	1891
		lemonskin	lemonskin	柠檬皮	LemonSkin	hmcl	21854
		lendercataclysm	cataclysm	灾变	L_Ender 's Cataclysm	hmcl	5214
		lenient-creepers	lenientcreepers	仁慈的苦力怕	Lenient Creepers	hmcl	3029
		leos-bosses	leosbosses	Leo的Boss	Leo's Bosses	hmcl	8899
		leos-craftable-chainmail	craftablechainmail	可制作的锁链甲	Leo's Craftable Chainmail	hmcl	4786
		leos-loot-bag	loot-bag	战利品袋	Loot Bag	hmcl	14252
		less-feature	lessfeatures	更少的特性	Less Features	hmcl	7181
		less-lag	lesslag	较少的滞后	Less Lag	hmcl	1764
		let-fish-love-reborn		鱼各有所爱	Let Fish Love Reborn	hmcl	27421
		let-me-feed-you	letmefeedyou	吃取送食/玩家喂食	Let Me Feed You!	hmcl	16577
		let-me-see-see-your-code	let_me_see_see	让我看看	LetMeSeeSee(YourCode)	hmcl	18120
		let-me-use-it	letmeuseit	亿用得纵	Let Me Use It!	hmcl	12949
		let-sleeping-dogs-lie	dogslie	嘘，别吵醒狗狗	Let Sleeping Dogs Lie	hmcl	2008
		lethalsteelproject	lethal_slash_project	致命拔刀计划	Lethal Steel Project	hmcl	20427
		letmecc	letmecc	让我看看	Let Me See See	hmcl	23101
		lets-do-addon-corn-expansion	cornexpansion	玉食俱馩	[Let's Do Addon] Corn Expansion	hmcl	16270
		lets-do-bakery-farm-charm-compat	bakery	馥郁烘焙	Let's Do: Bakery	hmcl	11101
		lets-do-brewery-farm-charm-compat	brewery	盛节精酿	Let's Do Brewery	hmcl	13710
		lets-do-camping	camping	摇曳露营	[Let's Do] Camping	hmcl	15960
		lets-do-candlelight-farm-charm-compat	candlelight	烛火晚宴	[Let's Do] Candlelight	hmcl	10035
		lets-do-farm-charm	farm_and_charm	沉浸农艺	[Let's Do] Farm & Charm	hmcl	16100
		lets-do-furniture	furniture	家居装饰	[Let's Do] Furniture	hmcl	15920
		lets-do-hearth-timber	hearth_and_timber	木工营造	[Let's Do] Hearth & Timber	hmcl	23799
		lets-do-herbal-brews	herbalbrews	煨茶酝露	HerbalBrews	hmcl	13099
		lets-do-herbal-brews	lets_do_herbal_brews	煨茶酝露	HerbalBrews	hmcl	13099
		lets-do-nethervinery	nethervinery	下界葡园	Let's Do: NetherVinery	hmcl	12702
		lets-do-tfc-farm-charm	tfc_farm_charm	群峦农艺	[Let's Do] TFC Farm Charm	hmcl	22873
		lets-do-wildernature	wildernature	野性自然	[Let's Do] WilderNature	hmcl	15970
		lets-do-wine	vinery	葡园酒香	Let's do Wine / Vinery	hmcl	8181
		letyourfriendeating	letyourfriendeating	让你的朋友吃！	Let Your Friend Eating!	hmcl	18722
		level-difficulty	leveldifficulty	难度存档化	Level Difficulty	hmcl	28705
		level-up	levelup2	升级！重置	Level Up!Reloaded	hmcl	1250
		level-up-hp-forge	leveluphp	生命提升	Level Up HP	hmcl	2251
		level-up-legacy	levelup	升级！前版	Level Up!Legacy	hmcl	1251
		levels	levels	装备等级	Levels	hmcl	522
		lglegacy	laggoggles	延迟监视：移植版	LagGogglesLegacy	hmcl	12835
		lh-miracle-road	lhmiracleroad	奇迹之路之魂系加点	LH Miracle Road	hmcl	14712
		lhmob-difficulty-increase	lhmobdifficultyincrease	变强的怪物	LH Mob Difficulty Increase	hmcl	14390
		lib-39	lib39	叁玖库	Lib39	hmcl	22766
		lib39	lib39	钇	Lib39	hmcl	23251
		lib39	lib39-core	钇	Lib39	hmcl	23251
		libertys-villagers	libertyvillagers	自由村民	Liberty's Villagers	hmcl	8169
		librarianlib	librarianlib	图书馆	LibrarianLib	hmcl	1266
		libraryex	libraryex	MineEx 通用库	LibraryEx	hmcl	1231
		life-bet	life_bet	我有一局，和你赌命	Life Bet	hmcl	25764
		life-fruits	lifefruit	生命果	Life Fruits	hmcl	17108
		life-is-precious	lip	生命是宝贵的	Life is precious	hmcl	14875
		life-leech-enchantment	lifeleech	生命汲取附魔	Life Leech Enchantment	hmcl	19781
		life-tech	lifetech	生命工艺	Life Tech	hmcl	2079
		lifted-restrictions-structure-block	better_structure	更好的结构方块	Better Structure Block	hmcl	4631
		lifts	lifts	电梯	Lifts	hmcl	4315
		light-level-overlay-reloaded	llor	简明直观的光照提示	Light Level Overlay Reloaded	hmcl	13532
		light-meals	lightmeals	轻食物语	Light Meals	hmcl	7065
		light-overlay	lightoverlay	亮度覆盖	Light Overlay	hmcl	3049
		light-point-shields	gytrinket	光点：护盾	Light Point: Shields	hmcl	28397
		lightarea	lightarea	点亮区域	LightArea	hmcl	1202
		lightbind	lightbind	亮度绑定	LightBind	hmcl	22469
		lighting-wand	lightingwand	照明魔杖 🌟	Lighting Wand 🌟	hmcl	1709
		lightning-bolt-mod	lightning_bolt	雷电攻击	Lightning Bolt Mod	hmcl	2319
		lightningcraft	LightningCraft	雷电工艺	LightningCraft	hmcl	854
		lightningcraft	lightningcraft	雷电工艺	LightningCraft	hmcl	854
		lightningsuperpeashooter	lightningsuperpeashooter	电能机枪豌豆	Lightning Super Peashooter	hmcl	22546
		lightshield	lightshield	光之护盾	LightShield	hmcl	13967
		lightweight-blood-mechanics	lbm	轻量级流血机制	Lightweight Blood Mechanics	hmcl	3420
		limbus-company-mod-lcm	lcm	边狱公司：麦块部门	Limbus Company Mine Section	hmcl	22691
		limi	LiMI	轻量化模组名称显示	Lightweight Mod Indicator	hmcl	13288
		limited-damage-indicator-particle	ldip	伤害粒子限制	Limited Damage Indicator Particle	hmcl	16288
		limited-lives	limitedlives	有限生命	Limited Lives	hmcl	9180
		limitless	limitless	无上限附魔	Limitless	hmcl	3646
		limitless-concert	ywzj_midi	永无止境: 音乐会	Limitless Concert	hmcl	12023
		limitless-vehicle	ywzj_vehicle	永无止境：载具	Limitless Vehicle	hmcl	24495
		linear	linear	线性放置	Linear	hmcl	2409
		linear-experience	linearxp	线性经验	Linear Experience	hmcl	22408
		linear-xp-forge	linearxpforge	验依定值/线性经验	Linear Xp Curve	hmcl	16425
		linweiyun-mod	linweiyun	Linweiyun的附魔		hmcl	18123
		liquid-enchanting	liquidenchanting	药水附魔	Liquid Enchanting	hmcl	3447
		litematica	litematica	投影	Litematica	hmcl	2261
		litematica-tool	litematicatool	投影工具	Litematica Tool	hmcl	5662
		lithium	lithium	锂	Lithium	hmcl	2292
		little-ants	ants	小蚂蚁	Little Ants	hmcl	7657
		littleframes	littleframes	小画	LittlePictureFrames	hmcl	4474
		littlemaidmobx	MMMLibX	女仆	LittleMaidMob	hmcl	331
		littlemaidmobx	lmmx	女仆	LittleMaidMob	hmcl	331
		littletiles	littletiles	LT小方块	LittleTiles	hmcl	1601
		living-enchantment	livingenchantment	生命附魔	Living Enchantment	hmcl	2607
		living-things	livingthings	自然生物	Living Things	hmcl	7262
		llama-steeds-forge	llamasteeds	骑羊驼	Llama Steeds	hmcl	4718
		llamarama	llamarama	羊驼！	Llamarama	hmcl	9714
		loaded-mods-checker	loadedmodschecker	存档模组核对	Loaded Mods Checker	hmcl	16784
		loading-backgrounds	loadingbackgrounds	加载背景	Loading Backgrounds	hmcl	11404
		loading-manager	loadingmgr	更多加载信息	Loading Manager	hmcl	5764
		loading-progress-bar	lpb	加载进度条	Loading Progress Bar	hmcl	7353
		loading-protection	loadingprotection	加载中保护	Loading Protection	hmcl	24377
		loading-screens	loadingscreens	自定义加载画面	Loading Screens	hmcl	3275
		loading-timer	lt	加载时长显示	Loading Timer	hmcl	3756
		loading-tips	tips	加载提示	Loading Tips / Pineapple Tips	hmcl	14668
		lob-corp	lob_mod	脑叶公司	Lob Corp	hmcl	19283
		lockaim	lock_aim	锁定瞄准	LockAim	hmcl	28577
		lockdown	lockdown	地图生成锁定	Lockdown	hmcl	504
		lockdown-reneoforged	lockdown	地图生成锁定	Lock Down Reneoforged	hmcl	25705
		locks	locks	锁	Locks	hmcl	1846
		locks-unofficial	locks	锁：非官方版	Locks-Unofficial	hmcl	16928
		lockyz-extra-dimensions-mod	lockyzextradimensionsmod	更多维度世界	Lockyz Extra Dimensions Mod	hmcl	1876
		lods-of-emone	lodsofemone	很多钱	Lods of Emone	hmcl	3166
		logic-chips	logicchips	逻辑芯片	Logic Chips	hmcl	7755
		logical-drops	logicaldrops	逻辑工艺	Logical Craft / Logical Drops	hmcl	2636
		login-protection	logprot	登录保护	Login Protection	hmcl	7802
		logistics-pipes	LogisticsPipes	物流管道	Logistics Pipes	hmcl	145
		logistics-pipes	logisticspipes	物流管道	Logistics Pipes	hmcl	145
		lollipop	lollipop	棒棒糖	Lollipop	hmcl	2328
		london-underground	londonunderground	伦敦地铁	MTR London Underground Addon	hmcl	5301
		lonely-biome	lonelybiome	孤独的生物群系	Lonely Biome	hmcl	8587
		longroad	longroad	前路已明	Road Is Ahead	hmcl	25014
		lookin-sharp	lookinsharp	锋芒毕露	Lookin' sharp	hmcl	12410
		loot-bag	loot_bag	战利品袋子	Loot Bag	hmcl	5318
		loot-bag	lootbag	战利品袋子	Loot Bag	hmcl	5318
		loot-bag-mod	lootbagmod	战利品包	Loot Bag Mod	hmcl	2356
		loot-beams	lootbeams	战利品光束	Loot Beams: Relooted!	hmcl	4690
		loot-beams-refork	lootbeams	战利品光束：Refork	Loot Beams: Refork	hmcl	24363
		loot-capacitor-tooltips	lootcapacitortooltips	电容信息显示	Loot Capacitor Tooltips	hmcl	1792
		loot-chest-item	loot_chest_item	战利品箱物品	Loot Chest Item	hmcl	27527
		loot-extra	loot_extra	战利品表拓展	LootExtra	hmcl	5540
		loot-games	lootgames	战利品游戏	Loot Games	hmcl	7138
		loot-goblins	lootgoblins	战利品哥布林	Loot Goblins	hmcl	6740
		lootbags	enhancedlootbags	战利品	Loot Bags	hmcl	449
		lootbags	lootbags	战利品	Loot Bags	hmcl	449
		lootbagsrenewal	lootbags	战利品袋重制版	LootBagsRenewal	hmcl	19179
		lootrbiggerchest	lootrbiggerchest	更大的战利品箱	Lootr Bigger Chest	hmcl	27116
		lootrun	lootrun	搜完就跑	LootRun	hmcl	28610
		lootstories	lootstories	遇言典著	LootStories	hmcl	22575
		lord-of-the-rings-craft-remastered		魔戒工艺：重制版	Lord Of The Rings Craft Remastered	hmcl	24321
		lord-of-the-rings-qualities-of-middle-earth	qualities_of_middleearth	魔戒：中洲特质	Lord of the Rings: Qualities of Middle-Earth	hmcl	19048
		lord-of-the-rings-qualities-of-middle-earth-1-7-10	qome	魔戒-中洲特质：传承	Lord of the Rings – Qualities of Middle-earth: Legacy	hmcl	19049
		lorespawn	lorespawn	怪物巢穴	Lorespawn	hmcl	4644
		lorrys-sword-breakers	sword_breakers	罗毅的锏	Lorry's sword breakers	hmcl	10774
		lost-and-fished	lost_found	失而钓得	Lost and Fished	hmcl	7066
		lost-cities-modern-tweaks	lcmt	失落的城市现代化调整	Lost Cities Modern Tweaks	hmcl	26630
		lost-cities-potato-edition	lostcities	失落的城市：土豆版	Lost Cities: Potato Edition	hmcl	9268
		lost-magic	lostmagic	失落的魔法	Lost Magic	hmcl	2336
		lost-souls	lostsouls	失落的灵魂	Lost Souls	hmcl	1774
		lost-trinkets	losttrinkets	遗失饰物	Lost Trinkets	hmcl	3589
		lostbladereborn	lostbladereborn	遗忘之刃重生	LostBladeReborn	hmcl	23267
		lotr-anvil-reforged	reforgealert	魔戒铁砧重铸高亮显示	LOTR Anvil Reforged	hmcl	27425
		lotr-attack-indicator-addon	attackindicator	魔戒攻击指示器	LOTR Attack Indicator Addon	hmcl	8284
		lotr-bane-viewer	lotrbaneviewer	魔戒克星信息查看器	LOTR Bane Viewer	hmcl	26509
		lotr-companions-renewed-addon	lotrcompanions	魔戒：同伴	LOTR: Companions	hmcl	14826
		lotr-extended	lotre	魔戒大陆拓展	LOTR Extended	hmcl	14829
		lotr-horse-heal-alert	horsehealalert	魔戒马匹喂食提醒	LOTR Horse Heal Alert	hmcl	27435
		lotr-improvements-lite	lotrimprovementslite	魔戒改进：轻量版	LOTR Improvements Lite	hmcl	19087
		lotr-journeymap-bridge	lotrjmbridge	魔戒旅行地图联动	LOTR-JourneyMap Bridge	hmcl	27426
		lotr-middleearth-tweaks	metweaks	中洲微调	MiddleEarth Tweaks	hmcl	14844
		lotr-modifier-highlights	lotrmodifierhighlights	魔戒装备修饰高亮显示	LOTR Modifier Highlights	hmcl	27419
		lotr-pouch-viewer-addon	pouchviewer	魔戒袋子内容展示	LOTR Pouch Viewer Addon	hmcl	8286
		lotr-race-abilities	lotrlegacysubmod	魔戒种族能力	LOTR Race Abilities	hmcl	25852
		lotr-renewed-class-mod	lotrclasses	魔戒种族	LOTR Races	hmcl	20511
		lotr-renewed-extended	lotrextended	魔戒：复兴拓展	LOTR: Renewed Extended	hmcl	14825
		lotr-reworked-new-beginning		魔戒：重置	LOTR Reworked	hmcl	22900
		lotr-trader-reset-status	traderresetalert	魔戒商人交易刷新进度显示	LOTR Trader Reset Status	hmcl	27424
		lotr-ucp	LOTR-UCP	魔戒非官方兼容性补丁	LOTR UCP	hmcl	14743
		lotr-valkyrien-compat	vlcompat	魔戒：瓦尔基里兼容	Lotr+Valkyrien Compat	hmcl	19067
		lotrextracoins-for-1-7-10	lotrextracoins	额外魔戒银币	[Legacy] LotRExtraCoins	hmcl	13301
		lotrimprovements	lotrimprovements	魔戒改进	LOTR Improvements	hmcl	13326
		lots-of-food	LotsOfFood	更多食物	Lots of Food	hmcl	278
		lots-of-food-revived	lotsoffoodrev	更多食物：复生	Lots of Food Revived	hmcl	5063
		lotweakr	lotweakr	魔戒微调	LOTweakR	hmcl	14824
		loud-leads	loud_leads	拴绳音效	Loud Leads	hmcl	7847
		love-me-love-my-wolf	love_wolf	爱屋及呜	Love me love my wolf	hmcl	10584
		lovely-snails	lovely_snails	可爱蜗牛	Lovely Snails	hmcl	4140
		lovely-sparkle-pieces	lovely_sparkle_pieces	璀璨饰品	Lovely Sparkle Pieces	hmcl	19947
		lovelyrobot	LovelyRobot	萌化机器人	LovelyRobot	hmcl	1060
		lovelyrobot	lovely_robot	萌化机器人	LovelyRobot	hmcl	1060
		low-latency	low_latency	低延迟	Low Latency	hmcl	27839
		lucisrenderlib	lucisrenderlib	光 渲染库	LucisRenderLib	hmcl	23791
		luckier-clover	luckier-clover	更幸运的四叶草	Luckier Clover	hmcl	24062
		luckier-clover	luckier_clover	更幸运的四叶草	Luckier Clover	hmcl	24062
		lucky-beans	luckybeans	幸运豆	Lucky Beans	hmcl	1830
		lucky-block	lucky	幸运方块	Lucky Block	hmcl	294
		lucky-block-avaritia		无尽幸运方块	Avaritia Lucky Block	hmcl	2824
		lucky-cat	lucky_cat	招财猫	Lucky Cat	hmcl	12649
		lucky-fishing-rod	luckyfishingrod	幸运钓竿	Lucky Fishing Rod	hmcl	23712
		luckyblock-fabric	luckyblocks	幸运方块	Lucky Blocks	hmcl	7318
		luggage	luggage	行李箱	Luggage	hmcl	9618
		lumen	lumen	流明	Lumen 🔥	hmcl	3344
		lumenized	lumenized	流光溢彩	Lumenized	hmcl	19509
		lumenized-continued		流光溢彩延续版	Lumenized Continued	hmcl	24088
		lumina-flow	lumina_flow	光影流转	Lumina Flow	hmcl	27014
		luminabox	luminabox	流光音匣	LuminaBox	hmcl	27968
		lunar-mana-generator	lunar_mana	月光魔能制造器	Lunar Mana Generator	hmcl	8639
		lunarinispread	lunarinispread	丰盛晚宴	Lunarini Spread	hmcl	21904
		lunchbox-sustenance-project	lunchboxsustenanceproject	好好吃饭	Lunchbox Sustenance Project	hmcl	23067
		luncheon-meat-s-delight	luncheonmeatsdelight	午餐肉乐事	Luncheon Meat 'S Delight	hmcl	16811
		luncheon-meat-s-delight-bedrock		午餐肉乐事基岩版	Luncheon Meat 's Delight Bedrock (Unofficial)	hmcl	19794
		lurker	lurkermod	Cold的潜伏者	Colds: Lurker	hmcl	4533
		lush-grass	lush_grass	茂盛草地	Lush Grass	hmcl	28877
		lush-scented-paradise	lushscentedparadise	芬芳茶园	Lush Scented Paradise	hmcl	18660
		luyubaubles	luyubaubles	语录签名	LuyuBaubles	hmcl	24261
		ly-target-dummy	mr_target_dummy	目标假人	Target Dummy	hmcl	22116
		lycanites-mobs	desertmobs	恐怖生物	Lycanites Mobs	hmcl	909
		lycanites-mobs	forestmobs	恐怖生物	Lycanites Mobs	hmcl	909
		lycanites-mobs	freshwatermobs	恐怖生物	Lycanites Mobs	hmcl	909
		lycanites-mobs	infernomobs	恐怖生物	Lycanites Mobs	hmcl	909
		lycanites-mobs	junglemobs	恐怖生物	Lycanites Mobs	hmcl	909
		lycanites-mobs	lycanitesmobs	恐怖生物	Lycanites Mobs	hmcl	909
		lycanites-mobs	mountainmobs	恐怖生物	Lycanites Mobs	hmcl	909
		lycanites-mobs	plainsmobs	恐怖生物	Lycanites Mobs	hmcl	909
		lycanites-mobs	saltwatermobs	恐怖生物	Lycanites Mobs	hmcl	909
		lycanites-mobs	swampmobs	恐怖生物	Lycanites Mobs	hmcl	909
		ma-enchants	maenchants	Ma 附魔	Ma Enchants	hmcl	5587
		macaws-bridges	mcwbridges	Macaw的桥梁	Macaw's Bridges	hmcl	2040
		macaws-bridges-abnormals	mcwbridgesabnormals	Macaw 的桥梁：Abnormals 附属	Macaw's Bridges - Abnormals	hmcl	8633
		macaws-bridges-aurora	mcwbridgesaurora	Macaw 的桥梁：Aurora 附属	Macaw's Bridges - Aurora	hmcl	8623
		macaws-bridges-biome-o-plenty	macawsbridgesbop	Macaw 的桥梁：超多生物群系附属	Macaw's Bridges - Biomes O' Plenty	hmcl	14756
		macaws-bridges-modding-legacy	mcwbridgesmoddinglegacy	Macaw 的桥梁：Modding Legacy 附属	Macaw's Bridges - Modding Legacy	hmcl	8622
		macaws-bridges-oh-the-biomes-youll-go	macawsbridgesbyg	Macaw 的桥梁：你将去的生物群系附属	Macaw's Bridges - Oh The Biomes You'll Go	hmcl	7119
		macaws-bridges-sajevius	mcwbridgessajevius	Macaw 的桥梁：Sajevius 附属	Macaw's Bridges - Sajevius	hmcl	11073
		macaws-doors	mcwdoors	Macaw 的门 / 麦考的门	Macaw's Doors	hmcl	2574
		macaws-fences-and-walls	mcwfences	Macaw 的栅栏与墙 / 麦考的栅栏与墙壁	Macaw's Fences and Walls	hmcl	4795
		macaws-fences-biomes-o-plenty	mcwfencesbop	Macaw 的栅栏与墙：超多生物群系附属	Macaw's Fences - Biomes O' Plenty	hmcl	8628
		macaws-fences-oh-the-biomes-youll-go	mcwfencesbyg	Macaw 的栅栏与墙：你将去的生物群系附属	Macaw's Fences - Oh The Biomes You'll Go	hmcl	7120
		macaws-furniture	mcwfurnitures	Macaw 的家具 / 麦考的家具	Macaw's Furniture	hmcl	2573
		macaws-furnitures-biomes-o-plenty	mcwfurnituresbop	Macaw 的家具：超多生物群系附属	Macaw's Furnitures - Biomes O' Plenty	hmcl	8609
		macaws-furnitures-oh-the-biomes-youll-go	mcwfurnituresbyg	Macaw 的家具：你将去的生物群系附属	Macaw's Furnitures - Oh The Biomes You'll Go	hmcl	8610
		macaws-lights-and-lamps	mcwlights	Macaw 的灯 / 麦考的灯具	Macaw's Lights and Lamps	hmcl	4221
		macaws-paintings	mcwpaintings	Macaw的画	Macaw's Paintings	hmcl	5498
		macaws-paths-and-pavings	macaws_paths_and_pavings	Macaw 的小径和路面	Macaw's Paths and Pavings	hmcl	12248
		macaws-paths-and-pavings	mcwpaths	Macaw 的小径和路面	Macaw's Paths and Pavings	hmcl	12248
		macaws-roofs	mcwroofs	Macaw的屋顶	Macaw's Roofs	hmcl	2043
		macaws-roofs-biomes-o-plenty	macawsroofsbop	Macaw 的屋顶：超多生物群系附属	Macaw's Roofs - Biomes O' Plenty	hmcl	8618
		macaws-roofs-oh-the-biomes-youll-go	macawsroofsbyg	Macaw 的屋顶：你将去的生物群系附属	Macaw's Roofs - Oh The Biomes You'll Go	hmcl	8617
		macaws-stairs	mcwstairs	Macaw 的楼梯与露台 / 麦考的楼梯与阳台	Macaw's Stairs	hmcl	16896
		macaws-trapdoors	mcwtrpdoors	Macaw 的活板门 / 麦考的活板门	Macaw's Trapdoors	hmcl	2918
		macaws-windows	mcwwindows	Macaw 的窗户	Macaw's Windows	hmcl	2565
		mace-backport	mace_backport	重锤移植	Mace Port	hmcl	14137
		mace-enchantment2-electric-boogaloo	mace_enchantments	超级重锤大坐第二季：谁问你了	Super Mace Slam Enchantment 2: Electric Boogaloo	hmcl	28753
		maced	maced	重锤一击	Maced	hmcl	14183
		macos-input-fixes	macos_input_fixes	MacOS 输入修复	MacOS Input Fixes	hmcl	13428
		mad-particle	madparticle	疯狂粒子	Mad Particle	hmcl	7482
		mad-science	madscience	疯狂科学	Mad Science	hmcl	288
		mad-villagers	mad_villagers	疯狂的村民	Mad Villagers	hmcl	2635
		magia-naturalis	magianaturalis	自然魔法	Magia Naturalis	hmcl	733
		magic-and-wand	tlot_magic_wand	法术与法杖	Magic&Wand	hmcl	8440
		magic-bees	MagicBees	魔法蜜蜂	Magic Bees	hmcl	148
		magic-bees	magicbees	魔法蜜蜂	Magic Bees	hmcl	148
		magic-circle	magiccircle	阵法	Magic Circle	hmcl	2817
		magic-clover	magicclover	幸运四叶草	Magic Clover	hmcl	1167
		magic-cookies	MagicCookie	魔法饼干	Magic Cookies	hmcl	585
		magic-crusade-rpg-mod	magiccrusade	魔法远征：魔法十字军	Magic Crusade	hmcl	190
		magic-seeds-for-electroblobs-wizardry	t3s4ebw	巫术学魔法种子	Magic seeds for Electroblobs Wizardry	hmcl	2396
		magical-crops	magicalcrops	魔法作物	Magical Crops	hmcl	430
		magical-crops	magicalcropsarmour	魔法作物	Magical Crops	hmcl	430
		magical-crops-regrowth-1-16-5	magicalcrops	魔法作物：重生	Magical Crops: Regrowth	hmcl	5058
		magical-forest	magicalforest	魔法森林	Magical Forest	hmcl	5039
		magical-instruments	minst	魔法乐器	Magical Instruments	hmcl	1886
		magicalsculpture		魔法雕像	MagicalSculpture	hmcl	1689
		magichem	magichem	魔法炼金	MagiChem	hmcl	18680
		magickcore	magickcore	魔法核心	MagickCore	hmcl	4265
		magiclib	magiclib	魔法类库	MagicLib	hmcl	6459
		magicraft-magic	magicfoods	魔法材料	Magical Materials	hmcl	3934
		magistics	magistics	魔法物流	Magistics	hmcl	23780
		magma-bucket	magmabucket	岩浆桶	Magma Bucket	hmcl	14703
		magnesium-extras	embeddiumextras	钠/Embeddium：附属	Sodium/Embeddium Extras	hmcl	5312
		magnesium-extras	magnesium_extras	钠/Embeddium：附属	Sodium/Embeddium Extras	hmcl	5312
		magnesium-extras	rubidium_extras	钠/Embeddium：附属	Sodium/Embeddium Extras	hmcl	5312
		magnesium-extras	sodiumextras	钠/Embeddium：附属	Sodium/Embeddium Extras	hmcl	5312
		magnet-craft	magnetcraft	磁铁工艺	Magnet Craft	hmcl	9857
		magneticraft	Magneticraft	磁场工艺	MagnetiCraft	hmcl	461
		magneticraft	magneticraft	磁场工艺	MagnetiCraft	hmcl	461
		magnum-torch-forge	magnumtorch	卓越火炬	Magnum Torch	hmcl	9896
		mahjongcraft	mahjongcraft	麻将工艺	MahjongCraft	hmcl	17179
		mahou-tsukai	mahoutsukai	魔法使	Mahou Tsukai	hmcl	2282
		maid-attributes	maid_attribute	女仆属性	Maid Attributes	hmcl	24005
		maid-beside	maid_beside	女仆伴行	Maid Beside	hmcl	21786
		maid-chunk-loader	maid_chunk_loader	车万女仆：区块加载	Maid Chunk Loader	hmcl	22018
		maid-command	maid_command	女仆指令	Maid Command	hmcl	20538
		maid-mana-source	maid_mana_source	女仆魔源	Maid Mana Source	hmcl	20444
		maid-please-help-me-forge	maidforge	女仆，请帮我打铁	Maid Please Help Me Forge	hmcl	23602
		maid-restaurant	maid_restaurant	女仆餐厅	Maid Restaurant	hmcl	24640
		maid-s-bakeries	maid_bakeries	女仆的烘焙坊	Maid's Bakeries	hmcl	21890
		maid-storage-manager	maid_storage_manager	女仆仓管	Maid Storage Manager	hmcl	18658
		maid-task-scrolling-helper	maidtaskscroll	女仆任务滚动助手	Maid Task Scrolling Helper	hmcl	22068
		maid-travel-camera	maid_travel_camera	女仆旅行相机	Maid Travel Camera	hmcl	22652
		maid-useful-tasks	maid_useful_task	女仆实用任务	Maid Useful Task	hmcl	19578
		maids-return	touhou_lost_maid	女仆归心	Maid's Return	hmcl	22814
		maidsconstruct	maidsconstruct	女仆匠魂	Maid's Construct	hmcl	25370
		maidsoul-kitchen	maidsoulkitchen	女仆厨房	Maidsoul Kitchen	hmcl	17633
		maidswordsoaring	maid_sword_soaring	女仆御剑	Maid Sword Soaring	hmcl	21740
		maidusehandcrank	muhc	女仆摇曲柄	MaidUseHandCrank	hmcl	22019
		maingraph	mgmc	麦块主图	Maingraph for MC	hmcl	24266
		majo-spell-enchantment	majospellenchantment	魔女的魔咒	Majo's Spell Enchantment	hmcl	21154
		majobroom-kots		魔女的扫帚 - 耕云钓月版	Majo's Broom KOTS	hmcl	25721
		majos-broom	majobroom	魔女的扫帚	Majo's broom	hmcl	3911
		majou-densetsu-3d	backtones	魔城传说3D	Majou Denetsu 3D	hmcl	4385
		majruszs-accessories	majruszs_accessories	Majrusz的配件	Majrusz's Accessories	hmcl	4568
		majruszs-accessories	majruszsaccessories	Majrusz的配件	Majrusz's Accessories	hmcl	4568
		majruszs-progressive-difficulty	majruszs_difficulty	Majrusz的进阶难度	Majrusz's Progressive Difficulty	hmcl	4525
		majruszs-progressive-difficulty	majruszsdifficulty	Majrusz的进阶难度	Majrusz's Progressive Difficulty	hmcl	4525
		make-ars-lectern-great-again	make_ars_lectern_great_again	新生魔艺：存储讲台拓展	Make Ars Lectern Great Again	hmcl	27151
		make-zoom-zoom	makezoomzoom	更快的加载	MakeZoomZoom	hmcl	1440
		makecold	ims	冷境	MakeCold	hmcl	11327
		malisisadvert	malisisadvert	广告牌	MalisisAdvert	hmcl	1805
		malisisdoors	malisisdoors	更多门	MalisisDoors	hmcl	659
		malstone	malstone	灵灾附属：异域	Malstone	hmcl	26143
		malum	malum	灵灾	Malum	hmcl	4712
		malum-skyland	malum_skyland	灵灾空岛	Maland	hmcl	9130
		man-from-the-fogs-delight	manfromthefogsdelight	雾中人乐事	Man From The Fog's Delight	hmcl	19245
		mana-and-artifice	mana-and-artifice	魔法艺术3：巧工魔艺	Mana and Artifice	hmcl	2773
		mana-jade	mana_jade	以玉定植	Mana Jade	hmcl	23525
		mana-liquidizer	manaliquidizer	魔力液化器	Mana Liquidizer	hmcl	3211
		manacraft		魔能工艺	ManaCraft	hmcl	2269
		manaita-plus	ManaitaPlus	更好的砧板	Manaita Plus	hmcl	1552
		manaita-plus-general	manaita_plus_general	更好的砧板经典版	Manaita Plus General	hmcl	26664
		manaitaplus-legacy	manaita_plus	砧板传承	ManaitaPlus Legacy	hmcl	21718
		manametal	manametalmod	魔法金属	ManaMetalMod	hmcl	1111
		manametalmod-tweaks-m3-t	mmmtweaks	魔金微调	ManaMetalMod Tweaks	hmcl	16166
		mankini	mankini	曼基尼	Mankini	hmcl	24752
		mantle	Mantle	地幔	Mantle	hmcl	329
		mantle	mantle	地幔	Mantle	hmcl	329
		manure	manure	粪便	Manure	hmcl	8407
		manure	manure-fabric	粪便	Manure	hmcl	8407
		maophone-trial-version	maophone_trial	MaoPhone体验版	MaoPhone - Trial Version	hmcl	24013
		map-atlases-forge	map_atlases	地图册	Map Atlases	hmcl	7286
		map-making-tools	MapMakingTools	地图制作工具	Map Making Tools	hmcl	18730
		map-making-tools	mapmakingtools	地图制作工具	Map Making Tools	hmcl	18730
		mapfrontiers	mapfrontiers	地图边界	MapFrontiers	hmcl	4578
		maple	maple	枫	Maple	hmcl	11807
		maple-forest	maple_forest	枫林	Maple Forest	hmcl	7908
		maple-syrup	maplesyrup	枫糖	Maple Syrup	hmcl	2399
		mapletree	mapletree	枫树	Mapletree	hmcl	19122
		mapmakers-gadgets	mapgadgets	地图作者小帮手	Mapmaker's Gadgets	hmcl	1425
		mapwriter-2	MapWriter	地图作者2	Mapwriter 2	hmcl	1785
		marblegates-exotic-enchantment-flowing-agony	flowingagony	白门的奇异附魔：苦痛长河	MarbleGate's Exotic Enchantment: Flowing Agony	hmcl	3872
		marblegates-exotic-enchantment-reborn	flowingagony_reborn	白门的奇异附魔：苦痛长河：重生	MarbleGate's Exotic Enchantment: Flowing Agony: Reborn	hmcl	18692
		march-of-the-ents	marchofents	恩特的进军	March Of The Ents	hmcl	13424
		mariculture	Mariculture	海洋物语	Mariculture	hmcl	351
		marine-iguana	marine_iguana	海鬣蜥	Marine Iguana	hmcl	11674
		mariums-soulslike-weaponry	soulsweapons	Marium的魂类武器	Marium's Soulslike Weaponry	hmcl	7850
		market-crates	marketcrates	集市板条箱	Market Crates	hmcl	9174
		marvelous-menagerie-paradoxical	marvelous_menagerie	绝妙的生物群：悖论	Marvelous Menagerie: Paradoxical	hmcl	24040
		matchlock-guns	matchlockguns	火绳枪	Matchlock Guns	hmcl	4102
		matchlock-guns	matchlockweapons	火绳枪	Matchlock Guns	hmcl	4102
		materialisation	materialisation	物质化	Materialisation	hmcl	4060
		materials-integration	materials_integration	资源统合	Materials Integration	hmcl	19635
		matmos	matmos	真实环境音效	MAtmos	hmcl	1198
		matter-overdrive-community-edition	matteroverdrive	超能物质社区版	Matter Overdrive: Community Edition	hmcl	5526
		matteroverdrive-17-edition	matteroverdrive	超能物质	Matter Overdrive	hmcl	416
		matteroverdrive-17-edition	mo	超能物质	Matter Overdrive	hmcl	416
		maturi-delight	maturi_delight	祭典乐事	Maturi Delight	hmcl	11462
		maxims-core	maxims_core	箴言与本源	Maxims&Core	hmcl	18088
		maxs-armory	max_armory	Max 的武器库	Max's Armory	hmcl	9934
		maxs-armory-expansion	max_armory_exp	Max 的扩展武器库	Max's Armory Expansion	hmcl	9950
		maxs-deco	maxs_deco	Max的装饰	Max's deco	hmcl	11442
		mb-battlegear-2	battlegear2	挖矿与砍杀：双持与战备 2	Mine & Blade: Battlegear 2	hmcl	192
		mbd2thread	mbd2thread	MBD2 线程拓展	Mbd2Thread	hmcl	24875
		mc-box	mc_box	我的世界开箱模拟器	MC Box	hmcl	28725
		mc-dungeons-enchanting	mc_dungeons_enchantments	我的世界：地下城附魔	MC Dungeons Enchanting	hmcl	11320
		mc-dungeons-enchanting	mcd_enchantments	我的世界：地下城附魔	MC Dungeons Enchanting	hmcl	11320
		mc-music-player	musicplayer	网易云音乐播放器	Minecraft Music Player	hmcl	25448
		mc-paint	mcpaint	涂鸦	MC Paint	hmcl	1905
		mc-so-easy	mc_so_easy	MC易如反掌	MC SO EASY	hmcl	27231
		mca-cobblemon	mca_cobblemon	凡家物语：方块宝可梦	MCA: Cobblemon	hmcl	27566
		mca-romantic-expansion	mcaromanticexpansion	凡家物语：浪漫扩展	MCA: Romantic Expansion	hmcl	28199
		mcbot	mcbot	群服互联🔗	McBot🔗	hmcl	4903
		mcda	mcda	我的世界：地下城盔甲	MC Dungeons Armors	hmcl	6995
		mcdar	mcdar	我的世界：地下城法器	MC Dungeons Artifacts	hmcl	12484
		mcdoom	doom	MC 毁灭战士	MCDoom	hmcl	5185
		mcdw	mcdw	我的世界：地下城武器	MC Dungeons Weapons	hmcl	5494
		mcef	mcef	Minecraft Chromium 嵌入式框架	Minecraft Chromium Embedded Framework	hmcl	8644
		mchce	mcheli	MC 直升机：社区版	McHeli: Community Edition	hmcl	24050
		mcheli-minecraft-helicopter-mod	mcheli	MC直升机	MC Helicopter Mod	hmcl	347
		mcicraft	mcicraft	MCI工艺	MCI Craft	hmcl	309
		mcicraft	mcicraft_farming	MCI工艺	MCI Craft	hmcl	309
		mcicraft	mcicraft_machines	MCI工艺	MCI Craft	hmcl	309
		mcicraft	mcicraft_redstone	MCI工艺	MCI Craft	hmcl	309
		mcmod-search-reborn	mcmodwiki	MC百科资料搜索-重生	MCMOD Search Reborn	hmcl	6184
		mcmod-search-reborn	msr	MC百科资料搜索-重生	MCMOD Search Reborn	hmcl	6184
		mcmod-splash-plus-plus	mcmodsplashpp	百科闪烁标语++	MCMod Splashes PlusPlus	hmcl	18211
		mcmtfabricce	mcmtce	Minecraft多线程增强Mod兼容性增强分支	Minecraft Multi-Threading Mod Fabric Port Compatibility Enhancement	hmcl	6413
		mcplus-remastered	mc+base	MCPlus：重置版	MCPlus Remastered	hmcl	17408
		mcplus-remastered	mc+region	MCPlus：重置版	MCPlus Remastered	hmcl	17408
		mcree_highnoons-enchantments	mrhnsenchantments	McRee_HighNoon的附魔	McRee_HighNoon's Enchantments	hmcl	7597
		mcwifipnp	mcwifipnp	更高级联机设置	LAN World Plug-n-Play	hmcl	4498
		me-beam-former	me_beam_former	ME光束	ME Beam Former	hmcl	22204
		me-infinity-cell	meinfinitycell	ME无限元件	ME Infinity Cell	hmcl	21298
		me-placement-tool	meplacementtool	ME放置工具	ME Placement Tool	hmcl	23826
		meanmobs	meanmobs	残忍怪物	MeanMobs	hmcl	1075
		mebahels-creatures-draugr	mebahel_creatures_draugr	Mebahel 的生物 - 尸鬼	Mebahel's Creatures - Draugr Invasion	hmcl	24540
		mechanical-clothesline	clothesline	机械晾衣绳	Mechanical Clothesline	hmcl	7352
		mechanical-tech	mechanicaltech	机械科技	Mechanical Tech	hmcl	4959
		mechanization-datapack	mechanization	机械工厂	Mechanization	hmcl	2804
		mechanized-steam-power	mechanized	机械化蒸汽动力	Mechanized Steam Power	hmcl	2846
		mechtech	mechtech	机械工程	MechTech	hmcl	5174
		medieval-healing	medieval_healing	中世纪治疗	Medieval Healing	hmcl	26751
		medieval-madness	the_medieval_times	中世纪的疯狂	Medieval Madness	hmcl	2456
		medieval-siege-machines	siegemachines	中世纪攻城机器	Medieval Siege Machines	hmcl	6049
		medievalglass	medievalglass	中世纪玻璃	Medieval Glass	hmcl	27508
		medievalweapons	medievalweapons	中世纪武器	MedievalWeapons	hmcl	10076
		medievial-entity-forge	medievalentity	中世纪生物	Medieval Entity	hmcl	5288
		meds-and-herbs-automated	mh_automated	机械动力：药物和草药自动化	Create: Meds and Herbs: Automated	hmcl	28714
		meecreeps	meecreeps	使命必达先生	MeeCreeps	hmcl	971
		meet-your-fight	meetyourfight	迎战	Meet Your Fight	hmcl	4204
		mega-cells	megacells	MEGA存储单元	MEGA Cells	hmcl	6792
		megaloot	megaloot	超级战利品	MegaLoot	hmcl	2633
		mek-energistics	mekenergistics	通用数据	Mek Energistics	hmcl	27603
		mekanica		通用机械：DZ版	Mekanica	hmcl	1600
		mekanism	Mekanism	通用机械	Mekanism	hmcl	187
		mekanism	mekanism	通用机械	Mekanism	hmcl	187
		mekanism-additions	mekanismadditions	通用机械附加	Mekanism Additions	hmcl	2437
		mekanism-advanced-configuration-card	mekanism_advanced_configuration_card	通用机械高级配置卡	Mekanism Advanced Configuration Card	hmcl	26712
		mekanism-advancedgenerators	solarpanels	通用机械-更多太阳能板	Mekanism Advanced Generators / Mekanism-MoreSolarPanels	hmcl	9892
		mekanism-card	mekanism_card	通用机械：实用卡	Mekanism Card	hmcl	26468
		mekanism-ce	Mekanism	通用机械：社区版	Mekanism Community Edition	hmcl	6007
		mekanism-ce-generators	MekanismGenerators	通用机械发电机：社区版	Mekanism Community Edition: GENERATORS	hmcl	9059
		mekanism-ce-tools	MekanismTools	通用机械工具：社区版	Mekanism Community Edition: TOOLS	hmcl	9058
		mekanism-ce-unofficial		通用机械社区版：非官方	Mekanism CE Unofficial	hmcl	8934
		mekanism-config-card-upgrades	mekccupgrades	通用机械配置卡扩展	Mekanism Config Card Upgrades	hmcl	26305
		mekanism-elements	mekanismelements	通用机械：元素	Mekanism Elements	hmcl	18630
		mekanism-elements	mekanismscience	通用机械：元素	Mekanism Elements	hmcl	18630
		mekanism-empowered	mekanism_empowered	通用机械：增强	Mekanism: Empowered	hmcl	25816
		mekanism-empowered-core	mekanism_empowered_core	通用机械：增强核心	Mekanism: Empowered Core	hmcl	25817
		mekanism-explosives	mekanismexplosives	通用机械：炸药	Mekanism Explosives	hmcl	14949
		mekanism-extras	mekanism_extras	通用机械：扩展	Mekanism Extras	hmcl	14916
		mekanism-fluxified	mekanismfluxified	“通量”机械	Mekanism Fluxified	hmcl	2783
		mekanism-generators	mekanismgenerators	通用机械发电机	Mekanism Generators	hmcl	1323
		mekanism-matter	mekanismmatter	通用机械：物质拓展	Mekanism Matter	hmcl	5392
		mekanism-more-machine	mekmm	通用机械：更多机器	Mekanism: More Machine	hmcl	20094
		mekanism-sun	mekanismsun	通用机械：人造太阳	Mekanism Sun	hmcl	25473
		mekanism-tools	MekanismTools	通用机械工具	Mekanism Tools	hmcl	1615
		mekanism-tools	mekanismtools	通用机械工具	Mekanism Tools	hmcl	1615
		mekanism-trimming	mekanism_trimming	通用机械纹饰	Mekanism Trimming	hmcl	21097
		mekanism-unleashed	mekanism_unleashed	通用机械：解放	Mekanism Unleashed	hmcl	16084
		mekanism-upgrades-reborn	mekanismupgradesreborn	通用机械升级突破：重生	Mekanism Upgrades: Reborn	hmcl	17706
		mekanism-weapons	mekaweapons	通用机械武器	Mekanism: Weapons	hmcl	12800
		mekanism-x-create-northstar	mek_x_star	通用机械：北极星	Mekanism x Create: Northstar	hmcl	17186
		mekanismceu-ae-upgrade	mekceuaeupgrade	通用机械CEu：AE升级	MekanismCeu AE Upgrade	hmcl	28718
		mekanismceu-moremachine	mekceumoremachine	通用机械：更多机械	Mekanism-CE-Unofficial-MoreMachine	hmcl	22841
		mekanismores	mekores	通用机械矿石	MekanismOres	hmcl	1720
		melius-commands	melius-commands	更好的自定义命令	MeliusCommands	hmcl	25830
		melodymagic	melodymagic	旋律魔法	MelodyMagic	hmcl	16377
		melon-melon	melon_melon	种瓜得瓜	Melon Melon	hmcl	28636
		melon-slabs	melonslabs	西瓜台阶	Melon Slabs	hmcl	2953
		mememobs	meme_mobs	迷因生物	MemeMobs	hmcl	25518
		memento-mori-remember-death	mementomori	人终有一死/记住死亡	Memento Mori / Remember Death	hmcl	5320
		memory-cleaner-mod	memorycleaner	内存自动清理	Memory Cleaner Mod	hmcl	3233
		memory-settings	memorysettings	内存设置	Memory Settings	hmcl	8837
		memory-usage-title	memoryusagetitle	标题显示内存	Memory Usage Title	hmcl	13732
		memoryclear-refabricated	memory_clear	内存清理：重织	Memory Clear : Refabricated	hmcl	9224
		memoryleakfix	memoryleakfix	内存泄漏修复	Memory Leak Fix	hmcl	6593
		memorysweep	memorysweep	内存清扫	Memory Sweep	hmcl	8653
		memorysweeper	memorysweeper	区块清理	MemorySweeper	hmcl	27403
		mending-fix	mendingfix	经验修补修复	Mending Fix	hmcl	20109
		mending-for-1-7-10		给老版本的经验修补	Mending for Older Version	hmcl	4728
		mending-mirror	mendingmirror	破镜重圆	Mending Mirror	hmcl	20747
		mengsamanetmusic	mengsamanetmusic	音乐机	MengSamaNetMusic	hmcl	28345
		mentalillness	mentalillness	精神病	Mental illness	hmcl	5050
		menumobs	menumobs	主菜单生物渲染	MenuMobs	hmcl	5522
		meowfish	MeowFish	喵鱼-自动钓鱼	MeowFish	hmcl	23173
		meowmere	meowmere	彩虹猫之刃	Meowmere	hmcl	20647
		merchant-markers	merchantmarkers	商人标记	Merchant Markers	hmcl	5317
		merciful-void	mercifulvoid	渊佑堕者/慈悲的虚空	Merciful Void	hmcl	16483
		mermaid-legend	mermaidlegend	人鱼传说	Mermaid Legend	hmcl	15152
		merry-christmas	merrychristmas	圣诞箱子	Merry Christmas!	hmcl	1072
		merry-snow	merrysnow	瑞雪物语	Merry Snow	hmcl	23430
		metabolism	metabolism	新陈代谢	Metabolism	hmcl	13136
		metal-barrels	metalbarrels	金属储物桶	Metal Barrels	hmcl	5086
		metal-barrels-legacy	metalbarrels	金属储物桶：传承	Metal Barrels: Legacy	hmcl	7804
		metal-bundles	metal_bundles	高级收纳袋	Metal Bundles	hmcl	11355
		metal-bushes	metalbushesmod	金属灌木	Metal Bushes	hmcl	3769
		metallics-arts	metallics_arts	金属技艺	Metallics Arts	hmcl	10058
		metallurgy	Metallurgy	冶金4	Metallurgy 4	hmcl	322
		metallurgy	Metallurgy3Base	冶金3	MetallurgyIII	hmcl	214
		metallurgy	Metallurgy3Core	冶金3	MetallurgyIII	hmcl	214
		metallurgy	Metallurgy3Machines	冶金3	MetallurgyIII	hmcl	214
		metallurgy	Metallurgy3Vanilla	冶金3	MetallurgyIII	hmcl	214
		metallurgy	MetallurgyCore	冶金4	Metallurgy 4	hmcl	322
		metallurgy	metallurgy	冶金4	Metallurgy 4	hmcl	322
		metallurgy	metallurgycm	冶金4	Metallurgy 4	hmcl	322
		metallurgy-4-reforged	metallurgy	冶金4：重铸	Metallurgy 4: Reforged	hmcl	5105
		metallurgy-core	MetallurgyCore	冶金核心	MetallurgyCore	hmcl	2162
		metallurgylegend	metallurgy_legend	冶金传奇	Metallurgy Legend	hmcl	6466
		metalmith	metalmith	铜铁新生	Metalmith	hmcl	22387
		metamorph	metamorph	变形	Metamorph	hmcl	1153
		metamorph-max	metamorphmax	变形拓展	Metamorph Max	hmcl	8026
		metaworlds-mixins	metaworlds	元世界 - Mixin 重制版	MetaWorlds - Mixins	hmcl	19275
		metaworlds-mod	metaworlds	元世界 / 变幻世界	Metaworlds Mod	hmcl	19298
		metaworlds-unofficial	mwtestmod	元世界：非官方版	Metaworlds Unofficial	hmcl	9440
		meteorcraft	MeteorCraft	陨石工艺	MeteorCraft	hmcl	554
		methane-ice	methane_ice	可燃冰	Methane Ice	hmcl	27963
		mets-blade	mets_blade	拔刀剑：更多电力工具	MoreElectricTools Blade	hmcl	25018
		mi-item-hatch-stack-upgrade	mi_oversize_hatch	现代工业化物品堆叠升级	Modern Industrialization Item Hatch Stack Upgrade	hmcl	26908
		mianbaos-modernwarfare	mianbaos_modernwarfare	面包军火库	Mianbao's ModernWarfare	hmcl	19834
		miaomodifiesironspellsartifacts	portable_inscription_table	铁魔法修改器	miaoModifiesIronspellsArtifacts	hmcl	28567
		middle-earth	middle-earth	中洲	Middle-earth	hmcl	14800
		middle-earth-additions-factions	me-factions	中洲拓展：派系	Middle-Earth Additions: Factions	hmcl	21923
		middle-earth-additions-npc	me-npc	中洲拓展：NPC	Middle-Earth Additions: Npc	hmcl	21922
		middle-earth-additions-war	me-war	中洲拓展：战争	Middle-Earth Additions: War	hmcl	21924
		middle-earth-industry	mei	中洲工业	Middle-Earth Industry	hmcl	2491
		middle-earth-thaumaturgy	mett	中土神秘学	Middle-Earth Thaumaturgy	hmcl	1382
		middle-key-ping	middle_key_ping	中键标点	MiddleKeyPing	hmcl	22059
		mighty-ender-chicken	mightyenderchicken	强大的末影鸡	Mighty Ender Chicken	hmcl	1804
		mild	mild	轻世	Mild	hmcl	28176
		milkcarton	milkcarton	牛奶盒	Milkcarton	hmcl	24492
		milkspray	milkspray	牛奶喷雾	Milk Spray	hmcl	23407
		millenaire	millenaire	千年村庄	Millénaire	hmcl	46
		milometer	milometermod	计程器	Milometer	hmcl	20572
		mine-and-slash-auto-compatibility	azurecompat	挖矿与砍杀自动兼容	Mine and Slash Auto Compatibility	hmcl	2161
		mine-and-slash-expansion	mineandslashexpansion	挖矿与砍杀拓展	Mine and Slash - Expansion Mods	hmcl	5180
		mine-and-slash-reloaded	mmorpg	挖矿与砍杀	Mine and Slash	hmcl	1998
		mine-blade-battlegear-2-reforged		挖矿与砍杀：双持与战备 2 - 重铸版	Mine & Blade: Battlegear 2 (Reforged)	hmcl	28166
		mine-mine-no-mi	mineminenomi	恶魔果实	Mine Mine no Mi	hmcl	593
		mine-mod-translator	mmt	模组翻译	Mine Mod Translator	hmcl	27911
		mine-reputation	minereputation	失去的声望	Mine Reputation	hmcl	19384
		mine-souls	minesouls	黑魂战斗	Mine Souls	hmcl	1051
		mineamp	MineAmp	我的音乐	MineAmp	hmcl	967
		mineamp	jukebox	我的音乐	MineAmp	hmcl	967
		minebackup	minebackup	存档时光机	MineBackup	hmcl	21386
		minecards	minecards	我的卡牌	Minecards	hmcl	23050
		minecells	minecells	我的细胞	Mine Cells - Dead Cells Mod	hmcl	8492
		minechem-recompile	minechem	化学	MineChem	hmcl	19
		minechess	MineChess	国际象棋	MineChess	hmcl	155
		minecolonies	minecolonies	模拟殖民地	MineColonies	hmcl	682
		minecolonies-modernitzation-update	minecolonies_modernization_update	殖民地现代化更新	Minecolonies Modernization Update	hmcl	23721
		mineconf	mineconf	我的配置	MineConf	hmcl	25912
		minecoprocessors	minecoprocessors	微处理器	Minecoprocessors	hmcl	1717
		minecraft-add	minecraft_add	原版补充	Minecraft Add	hmcl	17939
		minecraft-comes-alive-mca	mca	虚拟人生/凡家物语	Minecraft Comes Alive	hmcl	100
		minecraft-comes-alive-reborn	mca	凡家物语：重生	MCA Reborn	hmcl	5099
		minecraft-comes-alive-reforged		凡家物语·重制	Minecraft Comes Alive Reforged	hmcl	21341
		minecraft-dark-souls	darksouls	黑暗之魂	MC: Dark Souls	hmcl	7437
		minecraft-dungeons-content	dungeons	地下城内容	Dungeons Content	hmcl	4705
		minecraft-dungeons-mod	duneons	我的世界地下城	Minecraft Dungeons Mod	hmcl	2358
		minecraft-earth-mod	minecraft_earth_mod	Derec 的地球生物	Derec's Earth Mobs	hmcl	3891
		minecraft-flight-simulator	mfs	飞行模拟	Minecraft Flight Simulator	hmcl	506
		minecraft-minions	minions	召唤奴仆	Minecraft Minions	hmcl	75
		minecraft-story-mode-mod	StoryModeMod	故事模式模组	Minecraft Story Mode Mod	hmcl	26947
		minecraft-transit-railway	mtr	我的世界铁路	Minecraft Transit Railway	hmcl	2157
		minecraft-transport-simulator	mts	沉浸车辆	Immersive Vehicles	hmcl	1186
		minecraft-transport-simulator	mtsofficialpack	沉浸车辆	Immersive Vehicles	hmcl	1186
		minecraft-virtual-machines	mcvm	Minecraft虚拟机	Minecraft Virtual Machines	hmcl	1441
		minefactory-reloaded	MineFactoryReloaded	我的工厂2	MineFactoryReloaded 2	hmcl	32
		minefactory-reloaded	MineFactoryReloaded|CompatAppliedEnergistics	我的工厂2	MineFactoryReloaded 2	hmcl	32
		minefactory-reloaded	MineFactoryReloaded|CompatAtum	我的工厂2	MineFactoryReloaded 2	hmcl	32
		minefactory-reloaded	MineFactoryReloaded|CompatBackTools	我的工厂2	MineFactoryReloaded 2	hmcl	32
		minefactory-reloaded	MineFactoryReloaded|CompatBuildCraft	我的工厂2	MineFactoryReloaded 2	hmcl	32
		minefactory-reloaded	MineFactoryReloaded|CompatChococraft	我的工厂2	MineFactoryReloaded 2	hmcl	32
		minefactory-reloaded	MineFactoryReloaded|CompatExtraBiomes	我的工厂2	MineFactoryReloaded 2	hmcl	32
		minefactory-reloaded	MineFactoryReloaded|CompatForestry	我的工厂2	MineFactoryReloaded 2	hmcl	32
		minefactory-reloaded	MineFactoryReloaded|CompatForestryPre	我的工厂2	MineFactoryReloaded 2	hmcl	32
		minefactory-reloaded	MineFactoryReloaded|CompatForgeMicroblock	我的工厂2	MineFactoryReloaded 2	hmcl	32
		minefactory-reloaded	MineFactoryReloaded|CompatIC2	我的工厂2	MineFactoryReloaded 2	hmcl	32
		minefactory-reloaded	MineFactoryReloaded|CompatMagicalCrops	我的工厂2	MineFactoryReloaded 2	hmcl	32
		minefactory-reloaded	MineFactoryReloaded|CompatMystcraft	我的工厂2	MineFactoryReloaded 2	hmcl	32
		minefactory-reloaded	MineFactoryReloaded|CompatPams	我的工厂2	MineFactoryReloaded 2	hmcl	32
		minefactory-reloaded	MineFactoryReloaded|CompatRP2	我的工厂2	MineFactoryReloaded 2	hmcl	32
		minefactory-reloaded	MineFactoryReloaded|CompatRailcraft	我的工厂2	MineFactoryReloaded 2	hmcl	32
		minefactory-reloaded	MineFactoryReloaded|CompatSufficientBiomes	我的工厂2	MineFactoryReloaded 2	hmcl	32
		minefactory-reloaded	MineFactoryReloaded|CompatThaumcraft	我的工厂2	MineFactoryReloaded 2	hmcl	32
		minefactory-reloaded	MineFactoryReloaded|CompatThermalExpansion	我的工厂2	MineFactoryReloaded 2	hmcl	32
		minefactory-reloaded	MineFactoryReloaded|CompatVanilla	我的工厂2	MineFactoryReloaded 2	hmcl	32
		minefactory-reloaded	minefactoryreloaded	我的工厂2	MineFactoryReloaded 2	hmcl	32
		minefantasy-reforged	minefantasyreforged	我的幻想重铸版	MineFantasy Reforged	hmcl	5305
		minefantasy2	minefantasy2	我的幻想2	MineFantasy2	hmcl	547
		minegicka-iii	minegicka3	魔能3	Minegicka III	hmcl	9557
		minemention	minemention	提及	MineMention	hmcl	8545
		minemenu	minemenu	我的菜单	MineMenu	hmcl	342
		minemenu-no-shift-conflict-patch		我的菜单 - 非官方按键冲突优化补丁	MineMenu: No-Shift-Conflict Patch	hmcl	24546
		minemenufabric	modmenu	我的菜单Fabric版	MineMenuFabric	hmcl	4088
		minemenureforged		我的菜单 重制	MineMenuReforged	hmcl	21632
		minepulse	minepulse	一脉相挖	Mine Pulse	hmcl	18935
		miner-golems	minergolems	矿工傀儡	Miner Golems	hmcl	3119
		miner-watcher	miner_watcher	矿工监视者	Miner Watcher	hmcl	5319
		miners-delight-plus	miners_delight	矿工乐事	Miner's Delight / Miner's Delight +	hmcl	8216
		miners-delight-plus	minersdelight	矿工乐事	Miner's Delight / Miner's Delight +	hmcl	8216
		miners-glasses	miners_glasses	矿工眼镜	Miner's Glasses	hmcl	12206
		miners-helmet	mining_helmet	矿工头盔	Miner's Helmet	hmcl	3419
		miners-lung	minerslung	矿工之肺	Miner's Lung	hmcl	7038
		minersadvantage	minersadvantage	矿工的优势	MinersAdvantage	hmcl	2662
		mineshot-reforged	mineshotreforged	高清截图Forge	Mineshot Reforged	hmcl	14321
		minesia	minesia	创世	Minesia	hmcl	24983
		minesweeper-mod	MinesweeperMod	扫雷	Minesweeper	hmcl	154
		minetraps	minetraps	我的陷阱	MineTraps	hmcl	13032
		minetweaker-recipemaker	MTRM	可视化合成表编辑器	MineTweaker RecipeMaker	hmcl	518
		mini-mob	mini_mob	迷你生物	Mini Mob	hmcl	25832
		minihud	minihud	迷你HUD	MiniHUD	hmcl	2311
		minimalism-leaf-decay	minimalism_leaf_decay	极简快速落叶	Minimalism Leaf Decay	hmcl	15429
		mining-gadgets	mininggadgets	采矿小工具	Mining Gadgets	hmcl	4978
		mining-progress-hud	block-breaking-progress	挖掘进度 HUD	Mining Progress HUD	hmcl	22918
		miningspeedtweak	mining_speed_tweak	挖掘速度调整	MiningSpeedTweak	hmcl	25743
		miniutilities	miniutilities	迷你实用设备	Mini Utilities	hmcl	4273
		minor-alchemy	MA	小型炼金术	Minor Alchemy	hmcl	303
		minor-alchemy	MinorAlchemy	小型炼金术	Minor Alchemy	hmcl	303
		mishang-urban-construction	mishanguc	迷上城建	Mishang Urban Construction	hmcl	5743
		missing-wilds	missingwilds	遗落荒野	Missing Wilds	hmcl	9090
		misttaczskills	misttaczskills	TaCZ：圣化技能扩展	MistCloud Tacz Skills Extension	hmcl	20919
		misty-world	mist	朦胧世界	Misty World	hmcl	1107
		mixed-magic	mixedmagic	混合魔法	Mixed Magic	hmcl	667
		mixin-0-7-0-8-compatibility	mixincompat	兼容Mixin0.7-0.8	Mixin 0.7-0.8 Compatibility	hmcl	3951
		mixing-and-cutting	mixing_cutting	混合切制	Mixing and Cutting!	hmcl	22622
		mjsygo	mjsygo	棉叫兽的游戏王	MYSYGO	hmcl	26916
		mjsygo	ygogacha	棉叫兽的游戏王	MYSYGO	hmcl	26916
		mlp-mythical-creatures-updated-to-1-7-10	MLPMod	神话生物	Mythical Creatures	hmcl	1152
		mltpojectmonster	mltpojectmonster	銘洛天的怪物增强	MLTPojectMonster	hmcl	12451
		mme	mme	我的更多附魔	My More Enchantments	hmcl	18933
		mmmmmmmmmmmm	dummmmmmy	试验假人	MmmMmmMmmMmm / Target Dummy	hmcl	1139
		mmmmmmmmmmmm	testdummy	试验假人	MmmMmmMmmMmm / Target Dummy	hmcl	1139
		mmmmmmmmmmmmpatch	m12patch	试验假人补丁	MmmMmmMmmMmmPatch	hmcl	18978
		mmt-more-materials-tetra-new	more_mod_tetra	更多Tetra模组锻造材料	More Mod Tetra/More Mod Tetra New	hmcl	20916
		mna-arcane-adornment	arcado	奥术饰品	MnA: Arcane Adornment	hmcl	26038
		mna-integrated-adventures	mia	冒险者魔艺	MnA Integrated Adventures	hmcl	28828
		mo-bees	mobees	更多蜜蜂	Mo' Bees	hmcl	19610
		mo-bends	mobends	更多弯曲	Mo' Bends	hmcl	526
		mo-bends-unofficial-modern-port	mobends	更多弯曲 [现代化移植]	Mo' Bends [MODERN PORT]	hmcl	25011
		mo-cakes	mocake	更多蛋糕	Mo' Cake	hmcl	5462
		mo-creatures	mocreatures	更多生物	Mo' Creatures	hmcl	48
		mo-creatures-modern	mocreatures	更多生物现代版	Mo' Creatures Modern	hmcl	28847
		mo-glowstone	moglowstone	更多萤石	Mo' Glowstone	hmcl	27639
		mo-structures-forge	mostructures	更多自然生成结构	Mo' Structures	hmcl	3485
		mo-villager	redstonevillager	更多村民	Mo' Villager	hmcl	9107
		mo-villages	movillages	更多村庄	Mo' Villages	hmcl	3273
		mo-withers	mowithers	更多凋灵	Mo' Withers	hmcl	1002
		moar-boats	moarboats	模块化船	Moar Boats	hmcl	1252
		moarrecipes	MoarRecipes	更多的配方	MoarRecipes	hmcl	4126
		moarsigns	moarsigns	更多告示牌	MoarSigns	hmcl	1635
		mob-amputation	mobamputation	怪物截肢	Mob Amputation	hmcl	3101
		mob-amputation-reborn		怪物截肢：重生	Mob Amputation (Reborn)	hmcl	26658
		mob-battle-mod	mobbattle	生物大乱斗	Mob Battle Mod	hmcl	1085
		mob-battle-music	mobbattlemusic	战斗音乐	Mob Battle Music	hmcl	14624
		mob-buckets-fabric	mobbuckets	生物桶	Mob Buckets	hmcl	5404
		mob-captains	mob_captains_mr	怪物队长	Mob Captains	hmcl	9200
		mob-captains	mobcaptains	怪物队长	Mob Captains	hmcl	9200
		mob-controller-mob-pet	mob_controller	驭役斗战·万物皆驯！	Mob Controller	hmcl	25583
		mob-dismemberment	mobdismemberment	怪物肢解	Mob Dismemberment	hmcl	1975
		mob-dismemberment-fabric-neoforge	mobdismemberment	怪物肢解 (Fabric & NeoForge)	Mob Dismemberment (Fabric & NeoForge)	hmcl	26178
		mob-dismemberment-unofficial-modern-port	mobdismemberment	怪物肢解 [非官方现代化移植]	Mob Dismemberment [UNOFFICIAL MODERN PORT]	hmcl	25341
		mob-drops	md	自定义生物战利品	Mob Drops Your Way	hmcl	3316
		mob-effects-modifier	mob_effects_modifier	生物效果编辑器	Mob Effects Modifier	hmcl	28302
		mob-farm	mobfarm	生物农场	Mob Farm	hmcl	2349
		mob-farm-helpers-forge	mobfarmutilities	刷怪塔小帮手	Mob Farm Helpers	hmcl	3768
		mob-farm-trap	ms	香草刷怪塔陷阱强化：涌渊敌冢	Mob Farm Trap	hmcl	21253
		mob-grinding-utils	mob_grinding_utils	刷怪塔实用设备	Mob Grinding Utils	hmcl	817
		mob-heads	mobheads	生物头颅	Mob Heads	hmcl	4770
		mob-journal	journal	生物图鉴	Mob Journal	hmcl	19335
		mob-lassos	moblassos	生物套索	Mob Lassos	hmcl	10080
		mob-origins	moborigins	生物起源	Mob Origins	hmcl	3603
		mob-pets	mob_pets	驯兽师	Mob Pets	hmcl	12882
		mob-properties	MobProperties	怪物属性	Mob Properties	hmcl	620
		mob-properties	mob_properties	怪物属性	Mob Properties	hmcl	620
		mob-rebirth	mobrebirth	怪物重生	Mob Rebirth	hmcl	636
		mob-spawner-control	spawnercontrol	刷怪箱控制与修改	Mob Spawner Control	hmcl	3069
		mob-spawning-fix	mobspawningfix	生物生成修复	Mob Spawning Fix	hmcl	14711
		mob-stages	mobstages	生物阶段	Mob Stages	hmcl	3879
		mobdrops	MobDrops	更多掉落	MobDrops	hmcl	1286
		mobdrops	mobdrops	更多掉落	MobDrops	hmcl	1286
		mobreaker	mob_breaker	坚壁重构	Mobreaker	hmcl	19244
		mobs-info	mobsinfo	生物信息	Mobs Info	hmcl	11030
		mobs-of-sins-alexs-mobs-integration-forge	mobs_of_sins	七罪之子: Alex的生物集成	Mobs of Sins: Alex's Mobs  Integration  [Forge]	hmcl	17094
		mobspawnswitch	mobspawnswitch	生物生成开关	Mob Spawn Switch	hmcl	27614
		mobtalker2	mobtalker2	怪物交谈2	MobTalker 2	hmcl	234
		mobultion	mobultion	进化怪物	mobultion	hmcl	1640
		mochila	mochila	简彩跃光	Mochila	hmcl	20278
		mod-browser	modbrowser	模组浏览器	Mod Browser	hmcl	9028
		mod-change-log	modchangelog	模组变更记录	Mod Change Log	hmcl	22831
		mod-control	modcontrol	模组控制	Mod Control	hmcl	13622
		mod-menu-neoforge-edition		模组菜单 (NeoForge 版)	Mod Menu (NeoForge Edition)	hmcl	24196
		mod-migrator	modmigrator	Mod迁移	Mod Migrator	hmcl	28482
		mod-name-tooltip	modnametooltip	模组名称显示	Mod Name Tooltip	hmcl	1446
		mod-required	modrequired	模组依赖导出	Mod Required	hmcl	26948
		mod-sets	mod-sets	模组集	Mod Sets	hmcl	11249
		mod-sets	mod_sets	模组集	Mod Sets	hmcl	11249
		mod-whitelist	mod_whitelist	模组白名单	Mod Whitelist	hmcl	13026
		modclassifier	modclassifier	模组分类器	ModClassifier	hmcl	22545
		modern-cave-terrain	moderncaveterrain	现代洞穴地形	Modern Cave Terrain	hmcl	28468
		modern-damage-control	moderndamage	现代伤害控制	Modern Damage Control	hmcl	26706
		modern-delight	bakingdelight	现代乐事	Modern Delight	hmcl	13865
		modern-delight	moderndelight	现代乐事	Modern Delight	hmcl	13865
		modern-dynamics	moderndynamics	现代动力学	Modern Dynamics	hmcl	6614
		modern-elevators-and-escalators		现代电梯与扶梯	Modern Elevators and Escalators	hmcl	6744
		modern-furniture-survival-addon		现代家具	Modern Furniture	hmcl	6964
		modern-glass-doors	glassdoor	时尚玻璃门	Modern Glass Doors	hmcl	1890
		modern-industrialization	modern_industrialization	现代工业化	Modern Industrialization	hmcl	3472
		modern-industrialization-emc-machine-condition	miemcgenerate	现代工业化EMC支持	Modern Industrialization EMC Machine Condition	hmcl	27289
		modern-industrialization-hand-crank-power	mihandcrank	现代工业化：曲柄动力！	Modern Industrialization Hand Crank Power!	hmcl	27086
		modern-industrialization-parallel-hatch	bingxing	现代工业化并行仓扩展	Modern Industrialization Parallel Hatch	hmcl	26268
		modern-keybinding	mkb	现代化按键绑定	Modern KeyBinding	hmcl	7840
		modern-keywizard	mkw	现代化按键精灵	Modern KeyWizard	hmcl	10460
		modern-life	modernlife	摩登生活	Modern Life	hmcl	4614
		modern-life-patch	modernlifepatch	摩登生活补丁	Modern Life Patch	hmcl	16691
		modern-loading-screen	modernloadingscreen	现代加载界面	Modern Loading Screen	hmcl	4370
		modern-metals	modernmetals	现代金属	Modern Metals	hmcl	2934
		modern-multitools	mr_modern_multitools	现代化多功能工具	Modern Multitools	hmcl	14639
		modern-splash	modernsplash	高版本加载界面	Modern Splash	hmcl	6538
		modern-ui	modernui	现代化 UI	Modern UI	hmcl	2454
		modern-villager-house	modern_villager_house	现代村民房屋	Modern Villager House	hmcl	26428
		modern-warfare-cubed	mwc	现代战争方块化	Modern Warfare Cubed	hmcl	10297
		modernfix	modernfix	现代化修复	ModernFix	hmcl	8714
		moderngamingworlds-nether-portal-restrictor	netherportalnomore	下界传送门限制器	Nether Portal Restrictor	hmcl	26579
		modernindustrialization-item-fluid-combined-hatch	mi_item_fluid_hatch	现代工业化物品流体总成仓	Modern Industrialization Item-Fluid Combined Hatch	hmcl	26524
		modernindustrialization-multi-slot-fluid-hatch	mimsf	现代工业化多槽流体仓	Modern Industrialization Multi-Slot Fluid Hatch	hmcl	26269
		modernindustrialization-parallel-control-hatch	miparallelhatch	现代工业化并行控制仓	Modern Industrialization Parallel Control Hatch	hmcl	26302
		modernindustrialization-structure-exporter	mikubejsextend	现代工业化结构导出工具		hmcl	26739
		modification-of-critical-hit	modification-of-critical-hit	暴击改革	Modification Of Critical Hit	hmcl	12189
		modification-of-critical-hit	modification_of_critical_hit	暴击改革	Modification Of Critical Hit	hmcl	12189
		modifiers	modifiers	重铸	Modifiers	hmcl	5414
		modlistmemory	modlistmemory	模组列表记忆	Mod List Memory	hmcl	22610
		modmenu	modmenu	模组菜单	Mod Menu	hmcl	1675
		modonomicon	modonomicon	模组秘典	Modonomicon	hmcl	10920
		modpack-manager	packmger	模组管理器	Modpack Manager	hmcl	8391
		modular-armour	ModularArmour	模块化装甲	Modular Armour	hmcl	28011
		modular-assembly	modularassembly	模块化组装	Modular Assembly	hmcl	5210
		modular-bees	modularbees	模块化蜜蜂	Modular Bees	hmcl	24263
		modular-controller	modularcontroller	模块化控制器	Modular Controller	hmcl	4699
		modular-diversity	modulardiversity	模块化多样性	Modular Diversity	hmcl	2034
		modular-flower-pots	modularpots	模组化花盆	Modular Flower Pots	hmcl	15837
		modular-forcefield-system	modularforcefieldsystem	模块化力场系统	Modular Forcefield System	hmcl	18
		modular-machinery	modularmachinery	模块化机械	Modular Machinery	hmcl	1288
		modular-magic	modularmagic	模块化魔法	Modular Magic	hmcl	2036
		modular-materials	modularmaterials	模块化材料	Modular Materials	hmcl	13804
		modular-powersuits	powersuits	模块化动力套装	Modular Powersuits	hmcl	124
		modular-routers	modularrouters	模块化路由器	Modular Routers	hmcl	892
		modular-systems	modularsystems	模块化系统	Modular Systems	hmcl	315
		modulargolems	modulargolems	傀儡装配	Modular Golems	hmcl	8310
		modulargolemsmassivestorageupgrade	modulargolemsmassivestorageupgrade	傀儡装配：海纳百川	ModularGolems: MassiveStorageUpgrade	hmcl	27058
		modularmachinery-community-edition	modularmachinery	模块化机械：社区版	Modular Machinery: Community Edition	hmcl	8902
		modularmachinery-community-edition-complement	mmce_complement	模块化机械：社区版：补充	MMCE Complement	hmcl	27593
		modularmachinery-terminal	modularmachinery_terminal	模块化机械终端	Modular Machinery Terminal	hmcl	27583
		modularmovements	modularmovements	模块化动作	Modular Movements	hmcl	6697
		modularvoicechat	modularvc	模块化语音聊天	ModularVoiceChat	hmcl	3922
		modularwarfare	modularwarfare	模块化战争/模块化武装	ModularWarfare	hmcl	3999
		mojangdark	mojangdark	暗色加载	MojangDark	hmcl	3788
		mojangster	mojangster	加载界面动画	Mojangster (Animated Loading Screen)	hmcl	4914
		momentum-parkour	momentum	动量	Momentum	hmcl	28222
		momotinker	momotinker	墨工坊	momotinker	hmcl	17969
		moms-love	momlove	母爱	Mom's Love	hmcl	8019
		monazite	monazite	独居石	Monazite	hmcl	14104
		monospace-font	monospacefont	等宽字体	Monospace font	hmcl	3209
		monster-girl	monstergirl	怪物女孩	Monster Girl	hmcl	21971
		monster-hunter-frontier-craft	mhfc	怪物猎人边境工艺	Monster Hunter Frontier Craft	hmcl	297
		monster-swarm	monsterswarm	怪物云集	Monster Swarm	hmcl	2000
		monster-tinker	tinkers_monster	怪物工匠	Monster Tinker	hmcl	24264
		moobloom	moobloom	哞菇与哞花	Mooblooms and Mooshrooms	hmcl	18814
		mooblooms-and-mooshrooms-bop-edition	mooshroombloombop	哞菇与哞花BoP版	Mooblooms and Mooshrooms (BoP Edition)	hmcl	18815
		moolands	moolands	奶牛世界	Moolands	hmcl	2149
		moon-and-space-dimensions-fabric	agape_space	星际次元	Space Dimensions / Moon and Space Dimensions	hmcl	3875
		moon-between-medicine	moonbetweenmedicine	在月亮之间：药学拓展	Moon Between : medicine	hmcl	15913
		moonbetween	moonbetween	在月亮之间	Moon Between	hmcl	13914
		mooncake-delight	mooncake_delight	月饼乐事	Mooncake Delight	hmcl	25735
		moonstone-other	moonstone_other	月之石：乱七八糟	Moonstone: Other	hmcl	27064
		moonstonemod	moonstone	月之石	MoonStone	hmcl	6532
		moonstonemod	moonstonemod	月之石	MoonStone	hmcl	6532
		mooshroom-spawn	mooshroomspawn	哞菇生成微调	Mooshroom Spawn	hmcl	3988
		mooshroom-spawn	mooshroomspawn-fabric	哞菇生成微调	Mooshroom Spawn	hmcl	3988
		mooshroomcraft	mooshroomcraft	哞菇工艺	Mooshroomcraft	hmcl	4950
		more-and-more-minerals	more minerals	越来越多的矿物	more and more minerals	hmcl	4542
		more-and-more-minerals	more_mineral	越来越多的矿物	more and more minerals	hmcl	4542
		more-apples-hyj	more_tools_hyj	更多苹果	More Apples	hmcl	15241
		more-armor-trims	more_armor_trims	更多盔甲纹饰	More Armor Trims	hmcl	10811
		more-banner-features	morebannerfeatures	更多旗帜功能	More Banner Features	hmcl	5666
		more-barrels	barrels	更多桶	More Barrels	hmcl	7379
		more-bees	morebees	蜜蜂拓展	More Bees	hmcl	1244
		more-berries	moreberries	更多浆果	More Berries	hmcl	2367
		more-berry-uses	sweetberryuses	更多浆果用途	More Berry Uses	hmcl	2678
		more-bows-restrung	morebows	更多弓：重振旗鼓！	More Bows: Restrung!	hmcl	5084
		more-brushes	morebrushes	更多刷子	More Brushes	hmcl	27637
		more-buckets	morebuckets	更多桶	More Buckets	hmcl	1994
		more-candles	morecandles	更多蜡烛	More Candles	hmcl	24880
		more-carrots	more_carrots	更多的萝卜	More Carrots	hmcl	1825
		more-cauldrons	morecauldrons	更多炼药锅	More Cauldrons	hmcl	2223
		more-charcoal	morecharcoal	更多木炭	More Charcoal	hmcl	1745
		more-chat-history	morechathistory	更多聊天记录	More Chat History	hmcl	5476
		more-chickens	morechickens	更多鸡扩展	More Chickens	hmcl	2243
		more-cloud-layers	morecloudlayers	更多云层	More Cloud Layers	hmcl	28779
		more-cobblestone	cm	更多圆石	More Cobblestone	hmcl	3939
		more-colorful	morecolorful	更加多彩的世界	More Colorful	hmcl	16250
		more-cookies	morecookies	更多饼干	More Cookies	hmcl	2654
		more-crafting-tables-for-forge	mctb	更多工作台	More Crafting Tables for Forge!	hmcl	4517
		more-create-burners	moreburners	机械动力：更多燃烧室	More Create Burners	hmcl	17155
		more-create-stuffs	morecreatestuffs	更多机械动力物品	More Create Stuffs	hmcl	3781
		more-creepers		更多苦力怕	More Creepers	hmcl	11901
		more-critters	more_critters	更多异兽	More Critters	hmcl	21420
		more-delight-fabric	moredelight	多趣乐事	More Delight	hmcl	13470
		more-discs-mod	more_music_disc	更多唱片	More discs mod	hmcl	2668
		more-dogs		更多狗狗	More Dogs	hmcl	1901
		more-dragon-eggs	moredragoneggs	更多的龙蛋	More Dragon Eggs	hmcl	3793
		more-dungeons		更多地牢	More Dungeons	hmcl	2419
		more-electric-tools	mets	更多电力装置	More Electric Tools	hmcl	2217
		more-enchantment-info	more_enchantment_info	更多附魔信息	More Enchantment Info	hmcl	24929
		more-enchantments_	more_enchantments	更多附魔	More Enchantments	hmcl	13736
		more-flowers	moreflowers	更多功能花	More Flowers	hmcl	2324
		more-flux-storage	more_flux_storage	更多通量存储	More Flux Storage	hmcl	25702
		more-frogs-fabric	morefrogs	更多青蛙	More Frogs	hmcl	7175
		more-fun-quicksand-mod	MFQM	更多流沙	More Fun Quicksand Mod	hmcl	435
		more-functional-storage	morefunctionalstorage	更多功能性存储	More Functional Storage	hmcl	19879
		more-functional-storage-upgrade	more_functionalstorage_upgrade	更多功能性存储升级	More Functional Storage Upgrade	hmcl	24637
		more-furnaces	morefurnaces	更多熔炉	More Furnaces	hmcl	1612
		more-gems-fabric	more_gems	更多宝石	More Gems	hmcl	2618
		more-glowstone	moreglowstone	更多荧石	More Glowstone	hmcl	1939
		more-harnesses	moreharnesses	更多挽具	More Harnesses	hmcl	21353
		more-hitboxes	morehitboxes	更多碰撞箱	More Hitboxes	hmcl	18206
		more-jellyfish	more_jellyfish	更多水母	More Jellyfish	hmcl	3673
		more-mc-music-discs	morediscs	更多音乐唱片	More Music Discs	hmcl	23902
		more-mob-variants	moremobvariants	更多生物变种	More Mob Variants	hmcl	9122
		more-mounted-storages	moremountedstorages	更多存储挂载	More Mounted Storages	hmcl	5098
		more-murphy-pumpkins	morepumpkins-mod	更多南瓜	morepumpkins	hmcl	18981
		more-nugget	more_nuggets	更多矿物粒	More Nugget	hmcl	11443
		more-nugget	morenugget	更多矿物粒	More Nugget	hmcl	11443
		more-observers	moreobservers	更多侦测器	More Observers	hmcl	5262
		more-ornamental-plants	more_orn_plants	观赏植物	Ornamental Plants	hmcl	23370
		more-overlays	moreoverlays	更多叠加层	More Overlays	hmcl	2597
		more-pads	jump_pad	更多Pad	More Pads	hmcl	6085
		more-planets-gc-addon	MorePlanet	更多行星	More Planets	hmcl	424
		more-planets-gc-addon	moreplanets	更多行星	More Planets	hmcl	424
		more-plates-revamped	moreplates	更多金属板重置版	More Plates Revamped	hmcl	8839
		more-player-models	moreplayermodels	更多玩家模型	More Player Models	hmcl	3417
		more-potion-effects	more_potion_effects	更多药水效果	More Potion Effects	hmcl	15841
		more-rarities	more_rarities	更多稀有度	More Rarities	hmcl	26009
		more-red	More_Red	更多红石	More Red	hmcl	3794
		more-red	morered	更多红石	More Red	hmcl	3794
		more-redstone-lamps	moreredlamps	更多红石灯	More Redstone Lamps	hmcl	7505
		more-respawn-anchors	morerespawnanchors	更多重生锚	More Respawn Anchors	hmcl	5195
		more-respawn-anchors-remastered	morerespawnanchors	更多重生锚重制版	More Respawn Anchors Remastered	hmcl	24915
		more-runes-more-magic-series	morerunes	更多符文	More Runes	hmcl	16004
		more-rust	rust	锈	Rust	hmcl	21735
		more-shearables	shear	更多的剪刀用途	More Shearables	hmcl	820
		more-slashblade-ex-enchantment-effects	more_slashblade_ex_enchantment_effects	超多附魔增效	More SlashBlade Ex Enchantment Effects	hmcl	23833
		more-sleeps	more_sleeps	睡眠质量 / 更多睡眠	Sleep Quality / More Sleeps	hmcl	12374
		more-sleeps	sleepquality	睡眠质量 / 更多睡眠	Sleep Quality / More Sleeps	hmcl	12374
		more-sniffer-flowers	moresnifferflowers	更多嗅探兽花卉	More Sniffer Flowers	hmcl	21300
		more-swords-legacy	msmlegacy	更多剑：传承	More Swords Legacy	hmcl	2869
		more-swords-mod	MSM3	更多剑	MoreSwords	hmcl	474
		more-tcon	moretcon	更多匠魂材料	Moar TCon	hmcl	5427
		more-tcon	tconmaterial	更多匠魂材料	Moar TCon	hmcl	5427
		more-tier-upgrade	more_tier_upgrade	更多精妙堆叠	More Tier Upgrade	hmcl	24636
		more-tool	moretool	更多工具	More Tool	hmcl	8739
		more-totems-of-undying	moretotems	更多的不死图腾	More Totems Of Undying	hmcl	3104
		more-upgrade	mut	更多锻造模板|重生	MoreUpgradeTemplate	hmcl	26328
		more-upgrade	update	更多锻造模板	MoreUpgrade	hmcl	15876
		more-useful-copper-2-0	more_useful_copper	更有用的铜	More Useful Copper	hmcl	20551
		more-vanilla-armor-fabric	morevanillaarmorfabric	更多原版盔甲 Fabric	More Vanilla Armor Fabric	hmcl	25736
		more-villagers	morevillagers	更多村民	More Villagers	hmcl	4435
		more-wandering-trades	more_wandering_trades	更多流浪商人交易	More Wandering Trades	hmcl	9924
		more-wolf-armors	more_wolf_armors	更多狼铠	More Wolf Armors	hmcl	17685
		more-world-crafting	more_world_crafting	更多世界合成	More World Crafting	hmcl	21933
		more-zombie-villagers	morezombievillagers	更多僵尸村民	More Zombie Villagers	hmcl	2698
		more-zombies-legacy	mozombies	更多僵尸	Mo' Zombies	hmcl	27434
		morebeeinfo	bee_info	更多蜜蜂信息	MoreBeeInfo	hmcl	7526
		moreblock	moreblock	更多方块	MoreBlock	hmcl	27288
		morecars	morecars	更多车	morecars	hmcl	24774
		morechickens	chickens	更多鸡	MoreChickens	hmcl	4432
		morechisels	morechisels	更多凿子	More Chisels	hmcl	24969
		morecoal	morecoal	更多煤炭	More Coal	hmcl	15802
		morecrashinfo	morecrashinfo	更多崩溃报告信息	MoreCrashInfo	hmcl	8910
		morefarming	morefarming	更多农耕	MoreFarming	hmcl	16088
		moreleads	moreleads	拴绳增强	More Leads	hmcl	6113
		morematerials-reborn	mmt	更多材料：重生	MoreMaterials Reborn	hmcl	26173
		moremekasuitmodules	moremekasuitmodules	更多 MekaSuit 模块	MoreMekaSuitModules	hmcl	18592
		moreplates	moreplates	更多金属板	More Plates	hmcl	1358
		moreplayermodels-plus	moreplayermodels	更多玩家模型+	MorePlayerModels+	hmcl	7334
		moreswordonline	swordcraftonline	动漫神域	SwordCraftOnline	hmcl	2847
		moreupgradetemplate-abovethesky	mut_ats	更多锻造模板：凌空之上	MoreUpgradeTemplate-AboveTheSky	hmcl	26682
		morevanillaarmor	morevanillaarmor	更多原版盔甲	MoreVanillaArmor	hmcl	4602
		morevanillatools	morevanillatools	更多原版工具	MoreVanillaTools	hmcl	3689
		morevanillaweapons	mvw	更多原版武器	MoreVanillaWeapons	hmcl	5276
		morezombies	morezombies	更多僵尸	More Zombies	hmcl	9025
		morph	Morph	变身	Morph	hmcl	171
		morph-o-tool	Morphtool	变形工具	Morph-o-Tool	hmcl	689
		morph-o-tool	morphtool	变形工具	Morph-o-Tool	hmcl	689
		morph-reforged		变身：重铸版	Morph (Reforged)	hmcl	28164
		morphe-lins-ron-rts-tools	rw_fix	墨灵的RTS优化		hmcl	17113
		mortis-fix	mortis_fix	毋畏死亡	MortisFix	hmcl	27916
		moss-layers	moss_layer	苔藓层	Moss Layers	hmcl	11769
		motion-capture-mod-mocap	mocap	动作捕捉	Motion Capture	hmcl	8701
		motionblur-fabric	motionblur	动态模糊	Motion Blur	hmcl	8338
		mountain-sea-and-continent-two	shanhaicontinent	山海大陆2	Mountain Sea and Continent Two	hmcl	14648
		mountain-sea-and-continent-two	shanhaicontinent	山海大陆3	Mountain Sea and Continent Three	hmcl	16521
		mountains-poem	mountains_poem	青丘辞	Mountain's Poem	hmcl	15910
		mouse-tweaks	mousetweaks	鼠标手势	Mouse Tweaks	hmcl	1162
		mouse-tweaks-unofficial		鼠标手势非官方版	Mouse Tweaks Unofficial	hmcl	17464
		mouse-wheelie	mouse-wheelie	急速滚轮	Mouse Wheelie	hmcl	1679
		move-minecarts	moveminecarts	可移动的矿车	Move Minecarts	hmcl	4317
		move-plus	moveplus	移动方式增强	Move Plus	hmcl	1495
		moves-like-mafuyu	moveslikemafuyu	高速企鹅	Moves Like Mafuyu	hmcl	19258
		movie-discs	minecraft_movie_discs	Minecraft 大电影插曲唱片	A Minecraft Movie Discs	hmcl	19632
		movingquickly	movingquickly	禁用快速移动检查	MovingQuickly	hmcl	16908
		mowzies-cataclysm	mowzies_cataclysm	Mowzie的灾变	Mowzie's Cataclysm	hmcl	17305
		mowzies-mobs	mowziesmobs	Mowzie的生物	Mowzie's Mobs	hmcl	984
		mowzies-mobs-baubles	mmbaubles	Mowzie 的生物饰品	Mowzie's Mobs' Baubles	hmcl	17747
		mowzies-mobs-the-broken-blade	broken_blade	断刃	Mowzie's Mobs: The Broken Blade	hmcl	10372
		mpm-lotr	mpmLotr	更多玩家模型：魔戒兼容	MPM LOTR	hmcl	6068
		mqs-appleskin		MQ的苹果皮	MQ's AppleSkin	hmcl	19871
		mqs-decrafting-table	mq_decrafting_table	MQ的分解台		hmcl	16783
		mrcrayfish-furniture-mod	cfm	MrCrayfish 的家具	MrCrayfish's Furniture Mod	hmcl	263
		mrcrayfish-more-furniture-mod	morecfm	MrCrayfish 的更多家具	MrCrayfish's More Furniture Mod	hmcl	4554
		mrcrayfishs-device-mod	cdm	MrCrayfish 的设备	MrCrayfish's Device Mod	hmcl	1277
		mrcrayfishs-gun-mod	cgm	MrCrayfish的枪	MrCrayfish's Gun Mod	hmcl	1215
		mrcrayfishs-gun-mod-unofficial	cgm	MrCrayfish的枪：非官方版	MrCrayfish's Gun Mod: Unofficial	hmcl	12928
		mrcrayfishs-jumping-castle-mod	cjcm	MrCrayfish的充气城堡	MrCrayfish's Jumping Castle	hmcl	3515
		mrcrayfishs-vehicle-mod	vehicle	MrCrayfish的载具	MrCrayfish's Vehicle Mod	hmcl	1680
		mrcrayfishs-vehicle-unofficial	vehicle	MrCrayfish 的载具非官方版	MrCrayfish's Vehicle Unofficial	hmcl	27126
		mrmc	mrmc	世界之心	Aether Cores	hmcl	24016
		mrqx-s-slashblade-core	sbr_core	墨染琴弦的拔刀剑核心	mrqx's Slashblade Core	hmcl	19213
		mt-garden-arsenal-forge	gardenarsenal	MT：花园军火库	MT: GardenArsenal	hmcl	7964
		mte-more-tetra-effects	more_tetra_effects	更多Tetra词条	More Tetra Effects	hmcl	22886
		mtr-station-decoration	msd	MTR车站装饰	Station Decoration	hmcl	8823
		mtr-yomi-utility-mod	mtryum	Yomi的MTR实用拓展	MTR Yomi Utility Mod	hmcl	22183
		mtt-more-tetra-tools-new	more_tetra_tools	更多Tetra工具	More Tetra Tools	hmcl	22628
		much-more-spiders-v2	muchmorespiders	更多种类的蜘蛛	Much More Spiders	hmcl	2136
		multi-builder-tool	mbtool	多方块构建工具	Multi Builder Tool	hmcl	10227
		multi-hotbar	multihotbar	多重快捷栏	Multi-Hotbar	hmcl	19340
		multi-mine	multimine	多人开采	Multi Mine	hmcl	1779
		multi-page-chest	MultiPageChest	多页箱子	Multi-Page Chest	hmcl	421
		multi-page-chest	multipagechest	多页箱子	Multi-Page Chest	hmcl	421
		multibags	multibags	多重背包	MultiBags	hmcl	4736
		multifarm-crops	multifarmcrops	多功能农场兼容	Multifarm Crops	hmcl	1258
		multiplayer-boss-attribute-modifier	multiplayer_boss_fight	多人Boss属性修改器	Multiplayer Boss Attribute Modifier	hmcl	27092
		multiplayer-server-pause-forge	serverpause	多人服务器暂停	Multiplayer Server Pause	hmcl	6038
		multiscoreboard	multiscoreboard	多重计分板	MultiScoreboard	hmcl	14083
		multishot	multishot	延时摄影	Multishot	hmcl	2766
		multiverse-pouch	qwebnm_multiversepouch	多元宇宙袋	Multiverse Pouch	hmcl	2341
		mumblelink	mumblelink	Mumble语音链接	Mumblelink	hmcl	180
		murasama-daker	murasama	鬼妖村正	Murasama	hmcl	16864
		museum-curator	museumcurator	琳琅满目	Museum Curator	hmcl	13522
		music-control	music_control	音乐控制	Music Control	hmcl	14105
		music-player	musicplayer	音乐播放器	Music Player	hmcl	2566
		music-triggers	musictriggers	音乐触发器	Music Triggers	hmcl	7027
		musicbridge	musicbridge	音乐桥	MusicBridge	hmcl	28540
		musiccraft-mod	musiccraft	音乐工艺	MusicCraft mod	hmcl	1666
		musicevents	musicevents	音乐事件	MusicEvents	hmcl	27954
		musicpower	musicpower	音乐之力	MusicPower	hmcl	15276
		mut-create-power	mutcreate	更多锻造模板：齿轮力量	MUT Create Power	hmcl	28516
		mutant-beasts	mutantbeasts	突变生物重置版	Mutant Beasts	hmcl	2076
		mutant-creatures-mod	MutantCreatures	突变生物	Mutant Creatures	hmcl	143
		mutant-creatures-reforged		突变生物：重铸版	Mutant Creatures (Reforged)	hmcl	27823
		mutant-more	mutantmore	更多突变生物	Mutant More	hmcl	5026
		mutehotkey-fabric	mutehotkey	静音快捷键	MuteHotkey	hmcl	26707
		muya1-7-10	Muya	姆亚核心	MuyaCore	hmcl	2572
		my-little-mob-grinder	mylittlemobgrinder	小怪物粉碎机	My Little Mob Grinder	hmcl	1035
		mycelial-crisis	myceliumwar	菌丝危机：崛起	Mycelial Crisis: Mushroom Rising	hmcl	20425
		mycommands	mycommands	我的命令	MyCommands	hmcl	1964
		myec	myec	更多渴望：附魔与制造	More of Yearn: Enchants & Crafts	hmcl	20548
		mygo-mine-fargo-new	mine_fargo	我的魂石	Mine Fargo/Mine Fargo New	hmcl	24445
		myhead	myhead	持器射首 / MyGO 你个头	BanG Dream! It's MyHead!!!	hmcl	21042
		myluckyblock	myluckyblock	我的幸运方块	MyLuckyBlock	hmcl	19857
		mystcraft	mystcraft	神秘岛	Mystcraft	hmcl	150
		mystcraft-reborn	mystcraft_reborn	神秘岛：重生	Mystcraft Reborn	hmcl	25482
		mysterious-mountain-lib	mmlib	妖怪之山通用库	MysteriousMountainLib	hmcl	2303
		mysterious-mountain-lib	mysterious_mountain_lib	妖怪之山通用库	MysteriousMountainLib	hmcl	2303
		mystias-izakaya	mystias_izakaya	夜雀乐事	Mystias Izakaya	hmcl	13707
		mystic-divination	eangel	秘契占星术	Mystic Divination	hmcl	863
		mystical-adaptations	mysticaladaptations	更好的神秘农业	Mystical Adaptations	hmcl	1898
		mystical-agradditions	mysticalagradditions	神秘农业扩展	Mystical Agradditions	hmcl	1222
		mystical-agriculture	mysticalagriculture	神秘农业	Mystical Agriculture	hmcl	929
		mystical-agriculture-community-edition		神秘农业社区版	Mystical Agriculture Community Edition	hmcl	24054
		mystical-agriculture-refabricated	mysticalagriculture	神秘农业：Fabric版	Mystical Agriculture: Refabricated	hmcl	3827
		mystical-automation	mysticalautomation	神秘自动化	Mystical Automation	hmcl	21548
		mystical-machinery	mysticalmachinery	神秘机械	Mystical Machinery	hmcl	9922
		mystical-nature	mysticalcrops	神秘自然	Mystical Nature	hmcl	8119
		mystical-pumpkins	mystical_pumpkins	神秘南瓜	Mystical Pumpkins	hmcl	4665
		mystical-wildlife	mysticalwildlife	神秘的野生动物	Mystical Wildlife	hmcl	28562
		mystical-world	mysticalworld	魔幻世界	Mystical World	hmcl	2522
		mystical-world-reborn	mysticalworldreborn	魔幻世界重置版	Mystical World Reborn	hmcl	27932
		mysticalmechanics	mysticalmechanics	奇械学	Mystical Mechanics API	hmcl	2227
		mythic-charms	mythic_charms	神话护符	Mythic Charms	hmcl	17935
		mythicalaccessories	mythicalaccessories	神话饰品	Mythical Accessories	hmcl	24653
		mythicbotany	mythicbotany	神话植物学	MythicBotany	hmcl	3644
		mythicmetals	mythicmetals	神话金属	Mythic Metals	hmcl	5297
		myths-n-legends	mythsandlegends	神话与传说	Myths & Legends	hmcl	20930
		nae2	nae2	Neeve的AE2:EL附加工具	Neeve's AE2: Extended Life Additions	hmcl	11824
		nakaroths-herdcraft-l	herdcraft	群兽行为L	Nakaroths Herdcraft L	hmcl	9498
		naked-gauntlet	naked_gauntlet	焰眼掉装	Naked Gauntlet	hmcl	21593
		nakranoths-herdcraft	herdCraft	群兽行为	Nakranoth's Herdcraft	hmcl	4237
		name-tag-tweaks	nametagtweaks	命名牌调整	Name Tag Tweaks	hmcl	10095
		nametag-tweaks	nametagtweaks	名称标签调整	Nametag (Display) Tweaks	hmcl	16952
		nan-health-fixer	nanhealthfixer	假死修复：土豆版	Potato NaN Health Fix	hmcl	9381
		nanbin-create-mod	liehnanbin	南滨创意	Nanbin Create Mod	hmcl	25167
		nanbin-create-mod	nanbin	南滨创意	Nanbin Create Mod	hmcl	25167
		narcissus-farewell	narcissus_farewell	水仙辞	Narcissus Farewell	hmcl	18210
		narcissusfarewell-reflorescence	narcissus_farewell	水仙辞：重绽	NarcissusFarewell: Reflorescence	hmcl	19222
		naruto-enhanced-extension	nmee	火影增强拓展	Naruto Enhanced Extension	hmcl	27381
		narutofix	narutofix	火影修复	NarutoFix	hmcl	18861
		natura	Natura	自然	Natura	hmcl	114
		natura	natura	自然	Natura	hmcl	114
		natural-absorption	naturalabsorption	伤害吸收天赋	Natural Absorption	hmcl	2795
		natural-pledge	naturalpledge	自然誓约	Natural Pledge	hmcl	2366
		naturalist	naturalist	自然主义	Naturalist	hmcl	6840
		naturally-charged-creepers	naturallychargedcreepers	自然生成闪电苦力怕	Naturally Charged Creepers	hmcl	2699
		naturally-spawning-withers	naturallyspawningwithers	自然生成凋灵	Naturally Spawning Withers	hmcl	21482
		nature-horizons	nature_horizons	自然地平线	Nature Horizons	hmcl	26945
		natures-appetite	natures_appetite	生灵食性	Nature's Appetite	hmcl	26207
		natures-aura	naturesaura	自然灵气	Nature's Aura	hmcl	1547
		natures-aura-simplified		自然灵气：简化	Nature's Aura Simplified	hmcl	21511
		natures-compass	naturescompass	自然罗盘/生物群系指南针	Nature's Compass	hmcl	754
		natures-delight	natures_delight	生灵乐事	Nature's Delight	hmcl	15084
		natures-melody	natures_melody	自然旋律	Nature's Melody	hmcl	13526
		natures-spirit	natures_spirit	自然之灵	Nature's Spirit	hmcl	12113
		nautec	nautec	海蓝科技	NauTec	hmcl	18460
		nautilium	Nautilium	鹦鹉螺	Nautilium	hmcl	4164
		nautilium-spirits	nautilium_spirits	鹦鹉螺重置版	Nautilium Spirits	hmcl	14223
		nautilus-spears-mounts-of-mayhem	mounts_of_mayhem	鹦鹉螺&矛 | 群骑纷争	Nautilus & Spears | Mounts of Mayhem	hmcl	22389
		nbt-crafting	nbtcrafting	数据包 NBT 合并	Nbt Crafting	hmcl	3309
		nbt-exporter	nbt_exporter	NBT导出	NBT Exporter	hmcl	27672
		nbtech2fix	nbtech2fix	超级牛逼的科技整合包2 一些修复	nbtech2fix	hmcl	26674
		nbtedit-reborn	nbtedit	游戏内NBT编辑器重制版	In-game NBTEdit Reborn	hmcl	10401
		ncm-for-mc	ncm	NCM播放器	Ncm for Mc	hmcl	22102
		neapolitan	neapolitan	那不勒斯风味	Neapolitan	hmcl	3212
		neat	neat	极简血量显示	Neat	hmcl	619
		neat-shaders-fix	Neat	极简血量显示 - 光影修复版	Neat - Shaders-Fix	hmcl	14752
		nei-addons	NEIAddons	NEI扩充	NEI Addons	hmcl	1206
		nei-addons	NEIAddons|AppEng	NEI扩充	NEI Addons	hmcl	1206
		nei-addons	NEIAddons|Botany	NEI扩充	NEI Addons	hmcl	1206
		nei-addons	NEIAddons|CraftingTables	NEI扩充	NEI Addons	hmcl	1206
		nei-addons	NEIAddons|Developer	NEI扩充	NEI Addons	hmcl	1206
		nei-addons	NEIAddons|ExNihilo	NEI扩充	NEI Addons	hmcl	1206
		nei-addons	NEIAddons|Forestry	NEI扩充	NEI Addons	hmcl	1206
		nei-lotr	nei-lotr	魔戒NEI插件	NEI LotR	hmcl	2484
		nei-lotr-fa		魔戒：第一纪元 NEI 插件	NEI LOTR FA	hmcl	9458
		nekomusume	nekomusume	猫娘	Nekomusume	hmcl	28246
		nekoration	nekoration	猫咪装饰	Nekoration	hmcl	4649
		nekoration-reborn	nekoration	猫咪装饰：重生	Nekoration-Reborn	hmcl	19383
		nekoration-remastered		猫咪装饰：重置	Nekoration Remastered	hmcl	27431
		neo-ae2-toogleable-view-cell	ae2_toggleable_view_cell	AE2可切换显示原件-Neo	Neo AE2 Toogleable View Cell	hmcl	22627
		neo-the-titans	thetitans	新泰坦生物：撼世之物	Neo Titans Mod：Earthshak Creature	hmcl	20584
		neo-titans-variant	thetitans_variant	新泰坦生物-变种	NeoTitansVariantMod	hmcl	25075
		neoa-ban	naban	机器码封禁Neo版	NeoABan	hmcl	22282
		neodymium-unofficial	neodymium	钕：非官方版	Neodymium Unofficial	hmcl	15974
		neofavoriteitems	neo_favorite_items	Neo物品收藏	Neo Favorite Items	hmcl	26639
		neogrid	neogrid	自动电网	NeoGrid	hmcl	25599
		neokuayue	kuayue	跨越	KuaYue	hmcl	7737
		neon-craft-mod	neoncraft	霓虹灯艺	Neon Craft Mod	hmcl	2876
		neon-craft-ultimate	neoncraft2	霓虹灯艺2	Neon Craft Ultimate/Neon Craft 2 Mod	hmcl	5464
		neopasterdream	pasterdream	新帕斯特之梦	NeoPasterDream	hmcl	27240
		neoshot	neoshot	高清截图NeoForge	Neoshot	hmcl	28256
		neostructuremapper	neostructuremapper	结构注解	NeoStructureMapper	hmcl	27549
		neotech	neotech	全新科技	NeoTech	hmcl	640
		net-music	netmusic	网络音乐机	Net Music	hmcl	4935
		net-music-play-list	net_music_list	网络音乐机：播放列表	NetMusic: Play List	hmcl	20566
		nether-agriculture	netheragriculture	下界农业	Nether Agriculture	hmcl	4989
		nether-alloy-totem	nether_alloy_totem	下界合金图腾	Nether Alloy Totem	hmcl	25509
		nether-chest	netherchest	下界箱子	Nether Chest	hmcl	1959
		nether-chested	netherchest	下界箱子	Nether Chested	hmcl	10265
		nether-chested	netherchested	下界箱子	Nether Chested	hmcl	10265
		nether-core-useful-nether-rock	corep	下界核心	Nether Core	hmcl	19584
		nether-depths-upgrade	netherdepthsupgrade	炽海生机	Nether Depths Upgrade	hmcl	7717
		nether-mushroom-stew	nether_mushroom_stew	下界蘑菇煲	Nether Mushroom Stew	hmcl	8295
		nether-sheep	nethersheep	暗黑羊	Nether Sheep	hmcl	13555
		nether-sky-block	skyland	下界空岛	Nether Sky Block	hmcl	6824
		nether-tears	ntrs	下界遗泪	NetherTears	hmcl	6811
		netherex	netherex	下界拓展	NetherEX	hmcl	942
		netherex	nex	下界拓展	NetherEX	hmcl	942
		netherite-compass	netherite_compass	下界合金指南针	Netherite Compass	hmcl	15434
		netherite-elytra	netherelytra	下界合金鞘翅	Netherite Elytra	hmcl	5425
		netherite-extension	netherite_ext	下界合金拓展续作	Netherite Extension	hmcl	16289
		netherite-horse-armor	netheritehorsearmor	下界合金马铠	Netherite Horse Armor	hmcl	2922
		netherite-horse-armor-fabric	nha	下界合金马铠	Netherite Horse Armor	hmcl	5424
		netherite-horse-armor-mod	netheritehorsearmor	下界合金马铠	Netherite Horse Armor Mod	hmcl	5257
		netherite-nuggets-fabric	netherite_nugget	下界合金粒	Netherite Nuggets	hmcl	3569
		netherite-plus-mod	netherite_plus	下界合金拓展	Netherite Plus Mod	hmcl	3424
		netherite-road-2	netheriteroad2	下界之路2	Netherite Road 2	hmcl	8921
		netherite-road-2	netheriteroadii	下界之路2	Netherite Road 2	hmcl	8921
		netheriteroad	netherite_road	下界之路	Netherite Road	hmcl	6244
		netherores	NetherOres	下界矿石	NetherOres	hmcl	766
		netherportalfix	netherportalfix	下界传送门修正	NetherPortalFix	hmcl	811
		nethers-delight	nethers_delight	下界乐事	Nether's Delight	hmcl	4563
		nethers-delight	nethersdelight	下界乐事	Nether's Delight	hmcl	4563
		nethers-delight-fabric	nethersdelight	下界乐事 (Fabric 版)	Nether's Delight (Fabric)	hmcl	8139
		nethers-delight-refabricated	nethersdelight	下界乐事：重织	Nethers Delight Refabricated	hmcl	14342
		netherstar-crafting	craftablenetherstar	可合成的下界之星	Netherstar Crafting	hmcl	20741
		networkblocker	networkblocker	网络拦截器	Network Blocker	hmcl	24733
		neubulaeko-slime	neubulaeko_slime	星云子史莱姆	Neubulaeko Slime	hmcl	4458
		never-break	neverbreak	损坏防护	Never Break	hmcl	2692
		never-enough-currency	currency	货币多多	Never Enough Currency	hmcl	4635
		never-enough-currency-2	currency	货币多多2	Never Enough Currency 2	hmcl	6381
		never-enough-currency-lite	currency	货币多多：精简版	Never Enough Currency Lite	hmcl	4636
		new-better-combat	neobettercombat	新更好的战斗	New Better Combat	hmcl	28185
		new-sim-u-kraft	simukraft	新：模拟大都市	New: Sim-U-Kraft	hmcl	24995
		new-thin-air	thinair	稀薄的空气	Thin Air	hmcl	10845
		new-visual-keybing	newvisualkeybing	可视化按键绑定管理	New Visual Keybing	hmcl	27226
		newflatworld		新开山棒	NewFlatWorld	hmcl	25437
		nextspring	nextspring	化作春泥更护花	NextSpring	hmcl	6284
		nff-girls-grimoire-of-gaia-extension	nffgirlsgaia	NFF: Girls - 盖亚魔典扩展	NFF: Girls - Grimoire of Gaia Extension	hmcl	18853
		nickname	nickname	昵称	Nickname	hmcl	25063
		night-repair	nightrepair	夜视修复	Night Repair	hmcl	22876
		night-vision-decay-fix	nvfix	夜视衰减修复	Night Vision Decay Fix	hmcl	21037
		nightfall-invade	nightfall_invade	史诗战斗：夜幕入侵	NightFall : Invade	hmcl	23636
		nightlights	nightlights	小夜灯	Night Lights	hmcl	7660
		nightmares	nightmares	噩梦	Nightmares	hmcl	19398
		nimble-fabric	nimble	灵活	Nimble	hmcl	5085
		nine-nether-regions	nine_nether_regions	九幽引	Nine-nether Regions	hmcl	23649
		ninjinentities-unofficial	ninjinentities-Unofficial	Ninjin Entities-非官方版	ninjinentities-Unofficial	hmcl	14804
		no-32768-limit	no_32768_limit	没有32768限制	No 32768 Limit	hmcl	15901
		no-advancements	noadvancements	移除进度机制	No Advancements	hmcl	3181
		no-ai-guess	no_ai_guess	禁止 AI 胡扯	No AI Guess	hmcl	23792
		no-auto-jump	noautojump	禁止自动跳跃	No Auto Jump	hmcl	26721
		no-beacon-beams	nobeam	无信标光柱	No Beacon Beams	hmcl	6736
		no-capes	nocapes	禁用披风	No Capes	hmcl	7595
		no-caves-mod	no_caves	无洞穴	No Caves Mod	hmcl	22615
		no-chat-reports	nochatreports	禁用聊天举报	No Chat Reports	hmcl	6756
		no-creativity-and-adventure-datapack	ncaa	无创造和冒险	No creativity and adventure	hmcl	22201
		no-damage-immunity-reload		伤害免疫机制移除重制版	No Damage Immunity Reload	hmcl	6149
		no-darkness-effect-mod	removewardeneffect	无黑暗效果	No darkness effect	hmcl	10851
		no-end	noend	我的末地呢？！	No End	hmcl	23387
		no-fishing-delays	nfd	没有钓鱼等待	No Fishing Delays	hmcl	26226
		no-fishing-delays	quick_fish	没有钓鱼等待	No Fishing Delays	hmcl	26226
		no-gui-chest	noguichest	沉浸箱子	No Gui Chest	hmcl	14115
		no-gui-fd	noguifd	沉浸乐事	No Gui FD	hmcl	14310
		no-hostiles-around-campfire	nhacampfire	围火无怪	No Hostiles Around Campfire	hmcl	2091
		no-hostiles-around-campfire	nohostilesaroundcampfire	围火无怪	No Hostiles Around Campfire	hmcl	2091
		no-hostiles-around-campfire	nohostilesaroundcampfire-fabric	围火无怪	No Hostiles Around Campfire	hmcl	2091
		no-jumping-allowed	nojumpingallowed	禁止跳跃	No Jumping Allowed	hmcl	2777
		no-lan-cheats	nolancheats	禁用局域网作弊	No LAN Cheats	hmcl	3840
		no-lapis-lazuli	no_lapis_lazuli	无青金石	No Lapis Lazuli	hmcl	26033
		no-mans-land	nomansland	无人之境	No Man's Land	hmcl	19426
		no-mob-spawning-on-trees	nmsot	树枝树干不刷怪	No Mob Spawning on Trees	hmcl	5469
		no-more-magic-choices	nomoremagicchoices	更好的铁魔法UI	No More Magic Choices	hmcl	21121
		no-more-meshes	no_more_meshes	不再有筛网	No More Meshes	hmcl	28038
		no-name-tags	no-name-tags	隐藏名称标签	No Name Tags	hmcl	7341
		no-nether-portals	nonetherportals	没有下界传送门	No Nether Portals	hmcl	4152
		no-no-ai-spawn	spider2fix	镇压前端召唤	No No-AI Spawn	hmcl	4049
		no-nv-flash	no_nv_flash	无夜视闪烁	No Night Vision Flashing	hmcl	1376
		no-oceans	noocean	无海洋的世界	No Oceans	hmcl	8976
		no-particle	no_particle	无粒子	No Particle	hmcl	27085
		no-random-drop-offset	norandomdropoffset	垂直落下/移除掉落随机偏移	No Random Drop Offset	hmcl	16743
		no-recipe-book	norecipebook	没有配方书	No Recipe Book	hmcl	2102
		no-recipe-book-reborn	norecipebookreborn	没有配方书重制版	No Recipe Book Reborn	hmcl	6769
		no-recipe-book-system	norecipebooksystem	再见，配方书系统	No Recipe Book System	hmcl	27016
		no-recipe-guide		没有合成指南	No Recipe Guide	hmcl	1239
		no-report-button	noreportbutton	无举报按钮	No Report Button	hmcl	7576
		no-sleeping-allowed	nsa	禁止睡觉	No Sleeping Allowed	hmcl	1037
		no-slow-down	no_slow_down	不减速	No Slow Down	hmcl	7535
		no-smithing-template-refabriced	no_smithing_template_refabriced	无锻造模板 (非官方Fabric移植)	No Smithing Template ReFabriced	hmcl	25737
		no-sun	no_sun	暗无天日	No Sun	hmcl	20699
		no-tree-punching	notreepunching	无树可撸	No Tree Punching	hmcl	2138
		nochatlag	nochatlag	聊天无卡顿	NoChatLag	hmcl	8918
		nochatlag	nochatlagforge	聊天无卡顿	NoChatLag	hmcl	8918
		nocurse	nocurse	不诅咒	NoCurse	hmcl	2722
		nodal-mechanics	NodalMechanics	节点力学	Nodal Mechanics	hmcl	750
		nodami	nodami	伤害免疫机制移除	No Damage Immunity	hmcl	3252
		nodami-remake	nodami_remake	伤害免疫机制移除重制版	NoDamIRemake	hmcl	5880
		noexpensive	noexpensive	不昂贵	NoExpensive	hmcl	2602
		nofog	nofog	没有雾	NoFog	hmcl	1820
		nogravity-mod	nogravity	零重力	NoGravity	hmcl	9459
		noguievolution	noguievolution	沉浸进化	NoGuiEvolution	hmcl	13647
		nohurtred	nohurtred	没有受击变红	NoHurtRed	hmcl	25296
		nolocalizationconflict	nolocalizationconflict	本地化冲突消除	NoLocalizationConflict	hmcl	6368
		nomad-books	nomadbooks	游牧之书	Nomad Books	hmcl	4275
		nomadic-tents	nomadictents	游牧帐篷	Nomadic Tents	hmcl	2083
		nomadic-tents	yurtmod	游牧帐篷	Nomadic Tents	hmcl	2083
		nomorebook	nomorebook	帕秋莉：不要这么多书	NoMoreBook	hmcl	26443
		nomoref3-f4	nomoref3f4	旁观时间管理大师	NoMoreF3+F4	hmcl	24725
		non-update	non_update	不再有更新	Non Update	hmcl	532
		nonausea	nonausea	没有反胃	NoNausea	hmcl	1737
		nonconflictkeys	nckey	全键无冲	NonConflictKeys	hmcl	10445
		nonupdate-retro	NonUpdate-Retro	不再有更新：Retro 版	NonUpdate-Retro	hmcl	22991
		noodles-apex	apex	面条的Apex系列	Noodles'Apex Series	hmcl	5100
		nopackcompatcheck	nopackcompatcheck	禁用资源包兼容性检查	NoPackCompatCheck	hmcl	21433
		norecipebook-fabric	norecipebook	没有配方书Fabric版	NoRecipeBook (Fabric)	hmcl	6645
		northstar-redux	northstar	机械动力：北极星 - 重制版	Create: Northstar - Redux	hmcl	23656
		nosecrets	nosecrets	不秘密	NoSecrets	hmcl	8256
		noshelter	noshelter	无庇护所	NoShelter	hmcl	1399
		noshelter-reborn	noshelter	无庇护所：重生	NoShelter Reborn	hmcl	6039
		nosleep	nosleep	禁止睡觉	No Sleep	hmcl	2661
		nosmithing-template	no_smithing_template	无锻造模板	No Smithing Template	hmcl	25402
		not-enough-animations	notenoughanimations	更多动画	Not Enough Animations	hmcl	4378
		not-enough-bandwidth	neb	网络包优化	Not Enough Bandwidth	hmcl	25120
		not-enough-bandwidth-legacy	nebl	网络包优化重制版	Not Enough Bandwidth Legacy	hmcl	25893
		not-enough-characters	nechar	NEI 拼音搜索	Not Enough Characters	hmcl	2198
		not-enough-crashes	notenoughcrashes	崩溃优化	Not Enough Crashes	hmcl	2441
		not-enough-items-1-8	NotEnoughItems	NEI物品管理器	Not Enough Items	hmcl	41
		not-enough-items-1-8	nei	NEI物品管理器	Not Enough Items	hmcl	41
		not-enough-pets	notenoughcats	更多宠物	Not Enough Pets	hmcl	2577
		not-enough-rtgs	notenoughrtgs	更多RTG	Not Enough RTGs	hmcl	2560
		not-enough-wands	notenoughwands	更多魔杖	Not Enough Wands	hmcl	1693
		not-mutually-exclusive	nme	不冲突	Not Mutually Exclusive	hmcl	7013
		notenoughids	neid	增加ID上限	NotEnoughIDs	hmcl	1443
		notenoughids-unofficial-1-7-10		增加ID上限非官方版	NotEnoughIDs Unofficial	hmcl	17724
		notenoughitems-gtnh	NotEnoughItems	NEI物品管理器非官方版	NotEnoughItems Unofficial	hmcl	7107
		notenoughkeys	notenoughkeys	更好的按键控制	Not Enough Keys	hmcl	373
		notenoughluck	notenoughluck	更多幸运	NotEnoughLuck	hmcl	7265
		notenoughthaumcrafttabs	bt	无限神秘标签页	Not Enough Thaumcraft Tabs	hmcl	753
		notes	notes	笔记	Notes	hmcl	3240
		notexturerotations	notexturerotations	无纹理旋转	NoTextureRotations	hmcl	22754
		novalogin	novalogin	新星登录	Nova Login	hmcl	14385
		npc-variety-port	npcvariety	NPC变体	NPC Variety	hmcl	5017
		ns-cr-rc	mr_ns_crrc	自然之灵-机械动力配方兼容	Nature's Spirit - Create Recipe Compat	hmcl	13986
		nsprefab	nsprefab	建造蓝图	NSPrefab	hmcl	26997
		nsr-no-respawn-screen	norespawnscreen	无重生屏幕	No Respawn Screen	hmcl	1243
		ntm-space		HBM的核科技航天	HBM's Nuclear Tech Mod Space	hmcl	16041
		nuclear-control-2	IC2NuclearControl	核电控制2	Nuclear Control 2	hmcl	24
		nuclear-science	nuclearscience	核科学	Nuclear Science	hmcl	3513
		nuclearcraft-helper	nuclearcraft_helper	核电助手	NuclearCraft Helper	hmcl	2513
		nuclearcraft-mod	nuclearcraft	核电工艺	NuclearCraft	hmcl	388
		nuclearcraft-overhauled	nuclearcraft	核电工艺：重制版	NuclearCraft: Overhauled	hmcl	2483
		nuclearcraft-reactor-builder	reactorbuilder	核电工艺反应堆建造机	NuclearCraft Reactor Builder	hmcl	3248
		nuggets-repair-items	nuggets-repair-items	矿粒修复物品	Nuggets Repair Items	hmcl	20586
		nuggets-repair-items	nuggets_repair_items	矿粒修复物品	Nuggets Repair Items	hmcl	20586
		nullpointer-fix-for-mio	nullpointerfixformio	澪的空指针修复	NullPointer Fix for Mio	hmcl	27882
		nullscape-end-reborn	nullscape	空无之景	Nullscape	hmcl	5555
		nullscape-end-reborn	nullscape_forge	空无之景	Nullscape	hmcl	5555
		numberblocks		数字方块	Numberblocks	hmcl	19180
		numen-ai	numen	言出法随	Numen	hmcl	28136
		numina	numina	模块化动力装甲前置	Numina	hmcl	1253
		numismatic-overhaul	numismatic-overhaul	货币学拓展	Numismatic Overhaul/Numismatic Overhaul: Reforged（forge）	hmcl	9804
		numismatic-overhaul	numismatic_overhaul	货币学拓展	Numismatic Overhaul/Numismatic Overhaul: Reforged（forge）	hmcl	9804
		nutrition-unofficial-extended-life	nutrition	营养学非官方延续版	Nutrition Unofficial Extended Life	hmcl	16165
		nuvem-voadora-flying-cloud	nuvemwukong	筋斗云	Nuvem Voadora (Flying Cloud)	hmcl	25909
		nyfs-quivers	nyfsquiver	Nyf的箭袋	Nyf's Quivers	hmcl	6031
		ob-aquamirae	aquamirae	海灵物语	Aquamirae	hmcl	5011
		ob-aquamirae	ob_aquamirae	海灵物语	Aquamirae	hmcl	5011
		observable	observable	可视性能侦测	Observable	hmcl	4832
		obsidian-boat	ObsidianBoat	黑曜石船	Obsidian Boat	hmcl	18506
		obsidian-equipment	obsidianequipment	黑曜石装备	Obsidian Equipment	hmcl	17866
		obsidiplates	ObsidiPlates	黑曜石压力板	ObsidiPlates	hmcl	134
		oc2	oc2	开放式电脑 II	OpenComputers II	hmcl	4707
		occultism	occultism	神秘学	Occultism	hmcl	3986
		occultism-ritual-satchel	occultism_rs	神秘学 仪式挎包	Occultism Ritual Satchel	hmcl	24759
		ocean-blender	oceanblender	海洋搅拌机	OceanBlender	hmcl	6827
		ocean-world	oceanworld	海洋的世界	Ocean World	hmcl	6694
		oceancraft-mod	Oceancraft	海洋世界	Oceancraft	hmcl	491
		oceanic-delight	oceanic_delight	海之乐事	Oceanic Delight	hmcl	16971
		oceanic-expanse	oe	海洋拓展	Oceanic Expanse	hmcl	10025
		oceans-delight	oceansdelight	海洋乐事	Ocean's Delight	hmcl	9830
		odd-accessories	oddaccessories	古怪饰品	Odd Accessories	hmcl	26926
		of-beasts-and-wild-things	wild-things	荒灵野物	Of Beasts and Wild Things	hmcl	28528
		ofaw-of-faith-and-war-1237	ofaw	信仰与战争1237	Of Faith and War 1237	hmcl	17640
		off-hand-combat	offhandcombat	副手战斗	Off Hand Combat	hmcl	4283
		offhandbanning	offhandbanning	禁手令	Off Hand Banning	hmcl	14664
		official-divinerpg	divinerpg	神圣RPG	DivineRPG	hmcl	529
		offlineskins	OfflineSkins	离线皮肤	OfflineSkins	hmcl	7197
		offlineskins	offlineskins	离线皮肤	OfflineSkins	hmcl	7197
		ofms-crisis-ridden	ofms_crisis_ridden	OFMS:危机重重	OFMS:crisis-ridden	hmcl	3276
		ofms-crisis-ridden	ofms_crisisridden	OFMS:危机重重	OFMS:crisis-ridden	hmcl	3276
		ogdragon	ogdragon	OG龙+	OGDragon+	hmcl	3311
		oh-more-wandering-trades	omwt	更多游商交易	Oh More Wandering Trades	hmcl	20774
		oh-the-biomes-weve-gone	biomeswevegone	我们走过的生物群系	Oh The Biomes We've Gone	hmcl	15810
		oh-the-biomes-youll-go	byg	你将去的生物群系	Oh The Biomes You'll Go	hmcl	1618
		oh-the-biomes-youll-go-fixes		你将去的生物群系修复版	Oh The Biomes You'll Go Fixes	hmcl	4605
		old-beacon	oldbeacon	旧信标	Old Beacon	hmcl	4706
		old-loading-progress-bar	og-progress-bar	旧版加载进度条	Old Loading Progress Bar	hmcl	18404
		old-walking-animation	oldwalkinganimation	旧版行走动画	Old Walking Animation	hmcl	4778
		oldjavawarning	oldjavawarning	旧Java警告	OldJavaWarning	hmcl	5515
		omlib	omlib	开放式炮台库	OMLib	hmcl	1070
		omni-cells	ae2omnicells	OMNI 存储元件	OMNI Cells	hmcl	22450
		omni-hopper	omnihopper	万向漏斗	Omni-Hopper	hmcl	6251
		omnibed	omnibed	拼好床	Omnibed	hmcl	28788
		omnipotent-card	omni_card	万用卡牌	Omnipotent Card	hmcl	5197
		omnis	omnis	灾厄村民拓展	Omnis	hmcl	4293
		omnisearch	omnisearch	万象搜索	Omnisearch	hmcl	23059
		omnisprint	omnisprint	四向疾跑	OmniSprint	hmcl	23768
		omnitool	omnitools	全能工具	OmniTools	hmcl	23642
		omnitranslation	ot	万能翻译	OmniTranslation	hmcl	2511
		omniwand	omniwand	全能魔杖	Omniwand	hmcl	12620
		omocha-no-shugosha	uut	Omocha no Shugosha / おもちゃの守護者		hmcl	24244
		ompd	ompd	开放式模块化被动防御	Open Modular Passive Defense	hmcl	5386
		on1chest	on1chest	唯一箱子	Only Need One Chest	hmcl	11877
		one-click-crafting	oneclickcrafting	一键合成	One click crafting	hmcl	740
		one-click-one-block-1c1b	oneclickoneblock	点到为止	One Click One Block	hmcl	21282
		one-click-one-block-legacy	oneclickoneblock	点到为止：遗产	One Click One Block Legacy	hmcl	24258
		one-enough-hand	oneenoughhand	只手遮天	One Enough Hand	hmcl	20885
		onebar	onebar	单条	OneBar	hmcl	8046
		oneiricconcept	oneiricconcept	梦华构想	OneiricConcept	hmcl	17477
		onekeyminer	onekeyminer	一键矿工	OneKeyMiner	hmcl	6479
		onekeyminer-chainable-visuals	onekeyminer_chainable_visual	一键连锁：可视化	OneKeyMiner Chainable Visuals	hmcl	22233
		onekeyminer-nf	onekeyminer	一键连锁(Neo)Forge	OneKeyMiner(Neo)Forge	hmcl	15461
		online-card	onlinecard	网络卡片	Online Card	hmcl	3121
		online-picture-frame	opf	在线相框显示2	Modern Online Picture Frame	hmcl	4792
		onlinepictureframe	opframe	在线相框显示	OnlinePictureFrame	hmcl	679
		only-crates	onlycrates	储物板条箱	Only Crates	hmcl	27169
		onlyoneitem	only_one_item	仅存一物	Only One Item	hmcl	21289
		opack2reload	opack2reload	资源包惰性重载/抑验怠载	0Pack2Reload/OPack2Reload	hmcl	12555
		open-elevator-fabric	elevator233	Fabric版开放式电梯	OpenElevator (Fabric)	hmcl	5553
		open-glider	openglider	滑翔翼	Open Glider	hmcl	797
		open-loader	openloader	开放式加载	Open Loader	hmcl	3002
		open-terrain-generator	openterraingenerator	开放式地形生成器	Open Terrain Generator	hmcl	1397
		open-tower-defence	opentd	开放式塔防	Open Tower Defence	hmcl	8822
		openblocks	OpenBlocks	开放式方块	OpenBlocks	hmcl	222
		openblocks	openblocks	开放式方块	OpenBlocks	hmcl	222
		openblocks-elevator	elevatorid	开放式电梯	OpenBlocks Elevator / ElevatorMod	hmcl	3345
		opencomputers	OpenComputers	开放式电脑	Open Computers	hmcl	389
		opencomputers	OpenComputers|Core	开放式电脑	Open Computers	hmcl	389
		opencomputers	opencomputers	开放式电脑	Open Computers	hmcl	389
		opencomputers	opencomputers|core	开放式电脑	Open Computers	hmcl	389
		opencomputers-ce		开放式电脑社区版	OpenComputers Community Edition	hmcl	27944
		openeye	OpenEye	错误报告器	OpenEye	hmcl	2007
		openeye	OpenEyePlugin	错误报告器	OpenEye	hmcl	2007
		openeye	openeye	错误报告器	OpenEye	hmcl	2007
		openfm	openfm	开放电台	OpenFM	hmcl	2032
		openlink	openlink	开放式联机	OpenLink	hmcl	17345
		openlink-chmlfrp-extension	openlink_chmlfrp_extension	开放式联机：Chmlfrp扩展	OpenLink Chmlfrp Extension	hmcl	25188
		openmodslib	OpenMods	开放式模组库	OpenModsLib	hmcl	617
		openmodslib	OpenModsCore	开放式模组库	OpenModsLib	hmcl	617
		openmodslib	openmods	开放式模组库	OpenModsLib	hmcl	617
		openmodslib	openmodscore	开放式模组库	OpenModsLib	hmcl	617
		openmodularturrets	openmodularturrets	开放式炮台	OpenModularTurrets	hmcl	539
		openperipheralcore	OpenPeripheralAddons	开放式电脑外设	OpenPeripheral	hmcl	123
		openperipheralcore	OpenPeripheralCore	开放式电脑外设	OpenPeripheral	hmcl	123
		openperipheralcore	OpenPeripheralIntegration	开放式电脑外设	OpenPeripheral	hmcl	123
		ophiopogon-wooden-anvil	ophiopogonwoodenanvil	麦冬木砧	Ophiopogon Wooden Anvil	hmcl	27236
		opotato	opotato	哦，土豆！	Opotato	hmcl	9541
		opposing-force	opposing_force	针锋相对	Opposing Force	hmcl	20700
		optifine-checker	optcheck	高清修复检测	OptiFine Checker	hmcl	6939
		optimization-of-campfire-smoke	ocs	营火烟雾优化	Optimization of Campfire Smoke	hmcl	21109
		optimized-cushions	optimizedcushions	坐垫优化	Optimized Cushions	hmcl	28580
		oraculumworktables	oraculumworktables	神谕工作台	OraculumWorktables	hmcl	27604
		order-to-cook	ordertocook	下单了	Order To Cook	hmcl	25025
		ordinary-coins	ordinarycoins	普通硬币	Ordinary Coins	hmcl	2168
		ordinary-firearms	ordinary_firearms	普通枪械2	Ordinary Firearms 2	hmcl	2948
		ore-biome		矿石生态群系	Ore Biome	hmcl	1661
		ore-control	orecontrol	矿物控制	Ore Control	hmcl	3278
		ore-core	orecore	矿石核心	Ore Core	hmcl	2167
		ore-creeper	ore_creeper	矿石苦力怕	Ore Creeper	hmcl	5638
		ore-excavation	oreexcavation	矿石挖掘	Ore Excavation	hmcl	1955
		ore-farm	orefarm	矿石农场	Ore Farm	hmcl	1404
		ore-flowers	oreflowers	矿物花卉	Ore Flowers	hmcl	3234
		ore-highlight	light_ore	矿石发亮	Ore Highlight	hmcl	5653
		ore-prospecting-stick-forge	oreprospectingstick	探矿之戒	Rings Of Prospecting	hmcl	5282
		ore-reeds	ore_reeds	矿石甘蔗	Ore Reeds	hmcl	5244
		ore-spawn-confusion	ore-spawn-confusion	矿异位	Ore Spawn Confusion	hmcl	24447
		ore-stages	orestages	矿石阶段	Ore Stages	hmcl	4582
		ore-tree	ore_tree	矿物树	Ore Tree	hmcl	4106
		ore-tree-reborn	ore_tree	矿物树：重制	Ore Tree:Reborn	hmcl	5277
		ore-zombies	OreZombies	矿石僵尸	Ore Zombies	hmcl	25754
		oreberries	oreberries	矿莓	Oreberries	hmcl	3290
		oreberries-replanted	oreberriesreplanted	矿莓重制版	Oreberries Replanted	hmcl	5206
		orechidendium	orechidendium	影矿兰	Orechid Endium	hmcl	14696
		orecrop	orecrop	矿石作物	OreCrop	hmcl	16194
		oreexcavation-integration	oeintegration	矿物开凿	Ore Excavation Integration	hmcl	2058
		oreganized-mod	oreganized	井然有矿	Oreganized Mod	hmcl	7034
		oreregen	oreregen	再生矿石	OreRegen	hmcl	5715
		ores-above-diamonds	oresabovediamods	超越钻石	Ores Above Diamonds	hmcl	4750
		orespawn	orespawn	矿石菌种	OreSpawn	hmcl	524
		organic-creepers	organiccreepers	苦力怕蕨	Organic Creepers	hmcl	1591
		origincore	origincore	起源核心	Origincore	hmcl	17471
		originium-materials	originium	源石：材料	Originium Materials	hmcl	26281
		originiumarts	ognmarts	源石技艺	OriginiumArts	hmcl	21880
		originjs	originjs	起源JS	OriginJs	hmcl	22883
		origins	origins	起源	Origins (Fabric)	hmcl	3111
		origins-accessibilities	oriacs	起源：通行	Origins: Accessibilities	hmcl	7380
		origins-classes	origins-classes	起源：职业	Origins: Classes	hmcl	3134
		origins-classes-forge	origins_classes	起源：职业非官方Forge版	Origins: Classes (Forge)	hmcl	6121
		origins-forge	origins	起源非官方Forge版	Origins (Forge)	hmcl	4032
		origins-full-moon	originsfullmoon	起源：满月	Origins: Full Moon	hmcl	8547
		origins-neoforge	origins	起源 (NeoForge)	Origins (NeoForge)	hmcl	25903
		origins-plus-plus	origins_plus_plus	起源++	Origins++	hmcl	6993
		origins-umbrellas	originsumbrellas	起源：雨伞	Origins: Umbrellas	hmcl	9240
		origins-vampire	origins_vampire	起源：吸血鬼	Origins: Vampire	hmcl	10028
		originspe-be-add-on-1-2		起源：基岩版	OriginsPE	hmcl	7790
		orochimaru-addon	orochimarumod	大蛇丸模组	Orochimaru Addon	hmcl	27384
		osce		矿石菌种社区版	OreSpawn Community Edition	hmcl	20696
		osmiummod	osmium	锇	Osmium	hmcl	8343
		otaku-craft-mod	otaku_craft	御宅工艺	Otaku Craft	hmcl	249
		out-of-combat	out_of_combat	脱战	Out of Combat	hmcl	16722
		outer-rim	outerrim	Sown 的星球大战	Sown's Star Wars Mod	hmcl	24917
		outvoted	outvoted	落选生物	Outvoted	hmcl	3223
		overground-ores	oo	地表矿石	Overground Ores	hmcl	1795
		overloaded	overloaded	超限存储	Overloaded	hmcl	1311
		overloaded-armor-bar	overloadedarmorbar	护甲显示上限突破	Overloaded Armor Bar	hmcl	3131
		overlord	overlord	不死者之王	Overlord	hmcl	1257
		oworld2create	oworld2create	别创建新世界！	OWorld2Create	hmcl	12532
		oxygen	oxygen	氧	Oxygen	hmcl	6361
		oxygen-core	oxygen_core	氧气核心	Oxygen Core	hmcl	1651
		p2pdetails	p2pdetails	P2P详细信息	P2PDetails	hmcl	25464
		pack-up	pack_up	场取速拾	Pack Up	hmcl	23856
		packaged-acceleration	packaged_acceleration	封包加速	PackagedAuto Acceleration	hmcl	28418
		packagedastral	packagedastral	封包星辉魔法	PackagedAstral	hmcl	9891
		packagedauto	packagedauto	封包合成	PackagedAuto	hmcl	2974
		packagedauto-wireless	packagedautowireless	ME无线封包供应器	PackagedAuto Wireless	hmcl	28807
		packagedavaritia	packagedavaritia	封包无尽贪婪	PackagedAvaritia	hmcl	7826
		packagedbotania	packaged_botania	封包植物魔法	PackagedBotania	hmcl	27144
		packageddraconic	packageddraconic	封包龙之进化	PackagedDraconic	hmcl	9883
		packagedexcrafting	packagedexcrafting	封包合成拓展	PackagedExCrafting	hmcl	2975
		packagedfluidcrafting	packagedfluidcrafting	封包流体合成	Packaged Fluid Crafting	hmcl	21828
		packagedmekemicals	packagedmekemicals	封包通用化学品	PackagedMekemicals	hmcl	9890
		packagedtacz	packagedtacz	封包TaCZ	PackagedTacz	hmcl	24306
		packagedthaumic	packagedthaumic	封包神秘时代	PackagedThaumic	hmcl	12009
		packages	packages	自定义包裹	Packages	hmcl	8353
		packagingprovider	packagingprovider	封包供应器	Packaging Provider	hmcl	21829
		packmodemenu	packmodemenu	PackMode 菜单	PackModeMenu	hmcl	3226
		paginated-advancements	paginatedadvancements	分页进度	Paginated Advancements & Custom Frames	hmcl	8062
		paimeng	paimeng	应急食物	PaiMeng	hmcl	6621
		paimon	paimon	派蒙！	Paimon	hmcl	12636
		paimonfood	paimonfood	应急食品	PaimonFood	hmcl	4466
		pakcagedfaa	packaged_faa	封包禁忌与奥秘	PackagedFAA	hmcl	24799
		paladins-furniture	pfm	Paladin的家具	Paladin's Furniture	hmcl	8455
		palmon	palmon	帕鲁梦	Palmon	hmcl	22015
		pams-bonecraft	bonecraft	潘马斯骨头工艺	Pam's BoneCraft	hmcl	2642
		pams-brewcraft	pambrewcraft	潘马斯酿造工艺	Pam's Brewcraft	hmcl	2309
		pams-desertcraft	desertcraft	潘马斯沙漠工艺	Pam's DesertCraft	hmcl	2641
		pams-harvestcraft	harvestcraft	潘马斯农场	Pam's HarvestCraft	hmcl	218
		pams-harvestcraft-2-crops	pamhc2crops	潘马斯农场2 - 作物	Pam's HarvestCraft 2 - Crops	hmcl	2909
		pams-harvestcraft-2-food-core		潘马斯农场2	Pam's HarvestCraft 2	hmcl	2372
		pams-harvestcraft-2-food-core	pamhc2foodcore	潘马斯农场2 - 食物核心	Pam's HarvestCraft 2 - Food Core	hmcl	3249
		pams-harvestcraft-2-food-extended	pamhc2foodextended	潘马斯农场2 - 食物拓展	Pam's HarvestCraft 2 - Food Extended	hmcl	2930
		pams-harvestcraft-2-trees	pamhc2trees	潘马斯农场2 - 果树	Pam's HarvestCraft 2 - Trees	hmcl	2931
		pams-weee-flowers	weeeflowers	潘马斯花园	Pam's Weee! Flowers	hmcl	1341
		pandoras-box	pandorasbox	潘多拉的魔盒	Pandora's Box	hmcl	9014
		pandoras-creatures	pandoras_creatures	潘多拉生物	Pandoras Creatures	hmcl	2763
		pangteens-immortal-adventure	imm	PangTeen的平凡冒险	PangTeen's Immortal Adventure	hmcl	12857
		panorama	panorama	全景图	Panorama	hmcl	3799
		panorama-creator	spanorama	全景图创建器	Panorama Creator	hmcl	6619
		panoramic-screenshot	panoramic_screenshot	万能截图	Power Screenshot	hmcl	24790
		panthalassa	panthalassa	泛古洋	Panthalassa	hmcl	5639
		paper-kite-manor	papercraft_magic_decoration	纸鸢庄园	Paper Kite Manor	hmcl	25318
		paperdoll	paperdoll	纸娃娃	PaperDoll	hmcl	6264
		papers-please	papers_please	请出示证件	Papers, Please	hmcl	17743
		parachutemod	parachutemod	降落伞	Parachute	hmcl	395
		paradise-lost	paradise_lost	天境：重生	Paradise Lost	hmcl	3670
		paragliders	paraglider	滑翔伞	Paragliders	hmcl	1344
		paranoia	paranoia	偏执狂	Paranoia	hmcl	19191
		paranoid	paranoia	偏执狂	Paranoid	hmcl	28685
		parasites-addon-overlast	overlast	寄生兽：末世扩展	OverLast	hmcl	5694
		parasites-delight	parasitesdelight	寄体乐事	Parasites' Delight	hmcl	28465
		parcool	parcool	跑酷！	ParCool!	hmcl	5958
		parcoolskill	parcoolskill	跑酷技能	ParCoolSkill	hmcl	22782
		parry-us	parry	予以刀振/格挡！	Parry	hmcl	16222
		particle-culling	particleculling	粒子渲染机制优化	Particle Culling	hmcl	3056
		particle-rain	particlerain	粒子雨	Particle Rain	hmcl	4897
		particle-storm	particlestorm	粒子风暴	Particle Storm	hmcl	16865
		particlelib	particlelib	粒子库	ParticleLib	hmcl	1098
		passable-foliage	passablefoliage	叶间穿行 🌳	Passable Foliage 🌳	hmcl	3162
		passable-leaves	passableleaves	叶间穿行	Passable Leaves	hmcl	1464
		passable-leaves	passableleavescore	叶间穿行	Passable Leaves	hmcl	1464
		passive-endermen	passiveendermen	被动型末影人	Passive Endermen	hmcl	10642
		passive-searchbar	passivesearchbar	被动搜索栏	Passive SearchBar	hmcl	12691
		passive-shield	passiveshield	被动盾牌	Passive Shield	hmcl	17018
		passive-skill-tree	skilltree	被动技能树	Passive Skill Tree	hmcl	10961
		pastel	pastel	彩绘世界	Pastel	hmcl	20826
		pasteljei	pasteljei	彩绘世界JEI	PastelJEI	hmcl	20881
		pasterdream	pasterdream	帕斯特之梦	PasterDream	hmcl	8530
		pasterdream-recipe-repair-and-addition	pasterdreamreciperepairandaddition	帕斯特之梦：配方修复与扩展	Pasterdream: Recipe Repair And Addition	hmcl	27865
		patchouli	patchouli	帕秋莉手册	Patchouli	hmcl	1388
		patchouli-quests	patchoulitask	帕秋莉任务手册	Patchouli Quests	hmcl	2530
		patchoulibutton	patchoulibutton	帕秋莉手册按钮	PatchouliButton	hmcl	8694
		pathfinder-navigation	pathfinder_navigation	寻路者导航	Pathfinder Navigation	hmcl	20195
		pathfinding-edition-for-minecolonies	colonypathingedition	殖民地寻路大修	Pathfinding Edition For Minecolonies	hmcl	21162
		patina-pipeworks	patinapipeworks	古铜管道	Patina Pipeworks	hmcl	6033
		pattern-encoding-terminal-quick-math	pattern_encoding_terminal_quick_math	AE2：畅起速式	Pattern Encoding Terminal Quick Math	hmcl	28755
		pattern-uploader	pattern_uploader	样板自动上传	Pattern Uploader	hmcl	25668
		patternbetter	pattern_better	更好的ME样板供应器	Pattern Better	hmcl	21122
		patternbetter	patternbetter	更好的ME样板供应器	Pattern Better	hmcl	21122
		patternprovidersave	patternprovidersave	样板供应器保存	PatternProviderSave	hmcl	23849
		pchan3-steamship-steamboat-pirates	pchan3	飞艇与汽船	SteamShip - SteamBoat and Pirates	hmcl	274
		peaceful-depletion	peaceful_depletion	和平消耗	Peaceful Depletion	hmcl	19955
		peacegiver	peacegiver	和平方块	PeaceGiver	hmcl	22726
		peanut-mod	peanutmod	花生！	Peanuts!	hmcl	2169
		pearload	pearload	实体区块加载	Pearload	hmcl	22423
		peculiars	peculiars	独特风味	Peculiars	hmcl	4653
		per-fabrica-ad-astra-geologica	PFAAGeologica	自合成至星辰：真实地理	Per Fabrica Ad Astra: Geologica	hmcl	267
		per-world-game-rules	pdgamerules	游戏规则分身	Per-Dimension Game Rules	hmcl	26866
		perfect-dodge	perfect_dodge	完美闪避	Perfect Dodge	hmcl	21412
		performant	performant	性能优化	Performant	hmcl	2385
		permanent-chat-logs	permanent-chat-logs	聊天记录保存	Permanent ChatLogs	hmcl	12718
		permanent-light-generator	plg	恒久光发电机	Permanent Light Generator	hmcl	5592
		permanent-status-effect	permanent_status_effect	永久状态效果	Permanent Status Effect	hmcl	13585
		persistentcooldowns	persistentcooldowns	物品冷却持久化	Persistent Cooldowns	hmcl	12328
		personal-cloud-storage	personalcloudstorage	个人云存储	Personal Cloud Storage	hmcl	17860
		personal-space	personalspace	私人维度	Personal Space	hmcl	10127
		pet-bats	petbat	宠物蝙蝠	Pet Bats	hmcl	375
		pet-connect	petconnect	收容宠物	Pet Connect	hmcl	17473
		pet-names	petnames	宠物名字	Pet Names	hmcl	2651
		pet-rocktm	petrock	宠物石	Pet Rock™	hmcl	22687
		petite-inventory	petiteinventory	真实物品栏 / 娇小物品栏	Petite Inventory	hmcl	23210
		petphrasex	petphrasex	口癖X	PetPhraseX	hmcl	16747
		petrolpark-library	petrolpark	Petrolpark 的库	Petrolpark's Library	hmcl	16346
		petrols-parts	petrolsparts	Petrol 的机件	Petrol's Parts	hmcl	16333
		pewter	pewter	魔法匠魂	Pewter	hmcl	1155
		peyros-scythe	peyroscythe	佩伊洛的镰刀	Peyro's Scythe	hmcl	21466
		peyros-scythe-fix	peyro'sscythefix	铁镰兼容	Peyro's Scythe Fix	hmcl	25246
		phantom-blood	phantomblood	幻影之血	Phantom Blood	hmcl	4096
		phantomfaces	phantomfaces	幻灵接口	Phantomfaces	hmcl	4194
		phantomrains-worldgen-lib	ptrlib_wg	筑界基石	PhantomRain's Worldgen Lib	hmcl	28681
		phantoms	phantoms	幻翼	Phantoms	hmcl	25895
		phantomtweaks	removephantoms	移除幻翼	RemovePhantoms	hmcl	21713
		pharmacist	pharmacist	药师	Pharmacist	hmcl	4526
		phase-potion	phase	相位药水	Phase Potion	hmcl	3871
		philia-amulet	philiaamulet	友爱护符	PhiLia Amulet	hmcl	20546
		phosphor	phosphor	磷	Phosphor	hmcl	1766
		phosphor	phosphor-lighting	磷	Phosphor	hmcl	1766
		phosphor-reforged	phosphor	硫	Sulfuric/Phosphor Reforged	hmcl	4899
		phosphor-reloaded	phosphor_reloaded	磷重制版	Phosphor Reloaded	hmcl	5477
		photon	photon	光子	Photon	hmcl	10618
		physics-mod	physicsmod	真实物理	Physics Mod	hmcl	3460
		pi-privateisland	private_island	私人空岛	PrivateIsland	hmcl	13275
		pick-block-pro	pickblockpro	选择方块专业版	Pick Block Pro	hmcl	11439
		pick-command	pickcommand	俺拾的指令	Pick Command	hmcl	14956
		pick-pocketer	pickpocketer	扒手	Pick Pocketer	hmcl	2554
		pick-up-notifier	pickupnotifier	拾取提示	Pick Up Notifier	hmcl	5216
		pick-up-the-hint	pick_up_the_hint	物品拾取提示	Pick Up the Hint	hmcl	21759
		piggybanks	piggybanks	存钱罐	Piggybanks	hmcl	3825
		piglin-expansion	piglin_expansion	猪灵扩展	Piglin Expansion	hmcl	7921
		piglin-join-wto	pjwto	猪灵加入了WTO	Piglin Join WTO	hmcl	21445
		piglin-outpost	piglin_outpost	猪灵前哨站	Piglin Outpost	hmcl	21374
		piglin-quartz-tower	piglin_quartz_tower	猪灵石英塔	Piglin Quartz Tower	hmcl	26431
		piglin-safety-reburn	piglinsafety	猪灵 多喝岩浆：重生	Piglin Safety: Reburn	hmcl	17742
		piglinsafety	piglinsafety	猪灵：多喝岩浆	PiglinSafety	hmcl	10599
		pillagers	pillagers	掠夺者	Pillagers	hmcl	2685
		pillagers-gun	pillagers_gun	掠夺者的枪	Pillager's Gun	hmcl	13015
		pillagers-gun-unofficial-port		掠夺者的枪 (非官方移植)	Pillager's Gun (Unofficial Port)	hmcl	27393
		pineapple-delight	pineapple_delight	凤梨乐事	Pineapple Delight	hmcl	7871
		pineapple-delight-bedrock-unofficial		凤梨乐事基岩版	Pineapple Delight Bedrock (Unofficial)	hmcl	19922
		pineapple-mending	mending	经验修补：凤梨版	Pineapple Mending	hmcl	14533
		pineapple-psychic	paster_fix	凤梨通灵术	Pineapple Psychic	hmcl	6394
		pineapple-psychic	pineapple_psychic	凤梨通灵术	Pineapple Psychic	hmcl	6394
		pineapple-tags	pineapple_tags	凤梨标签	Pineapple Tags	hmcl	10482
		pink-precious-flowers	shimmering_golden_flowers	闪耀的长庭	Shimmering Golden Flowers	hmcl	24709
		pinkcabbage-transparent-betterscreen	cabbagejellypack	粉红大包菜的屏幕透明度优化	PinkCabbage Transparent BetterScreen	hmcl	21031
		pipe	pipe	管道	Pipe	hmcl	4365
		pipe-climber	pipeclimber	管道攀爬者	Pipe Climber	hmcl	25546
		pipe-master-2000	pipegoggles	管道专家 2000	Pipe Master 2000 / Pipe Googles	hmcl	11552
		pirate-hats	pirate_hat	海盗帽子	Pirate Hats	hmcl	8358
		pirates	pirates	海盗	Pirates	hmcl	5851
		piston-expansion	pistonexpansion	活塞拓展	Piston Expansion	hmcl	1095
		pistonproplus	pistonproplus	活塞ProPlus	PistonProPlus	hmcl	24633
		pixel-loader	pixelloader	像素加载器2	pixel loader2	hmcl	10283
		pixelmon	pixelmon	像素宝可梦 重铸	Pixelmon Reforged	hmcl	1190
		pixelmon-bank	pixelmonbank	Pixelmon 银行	Pixelmon Bank	hmcl	14112
		pixels-character-models	pcm	Pixel 的角色模型	Pixel's Character Models	hmcl	8796
		pizzacraft	pizzacraft	披萨工艺	PizzaCraft	hmcl	1839
		placeable	placeable	可放置植物	Placeable Plants	hmcl	7506
		placeable-items	placeableitems	可放置物品	Placeable Items	hmcl	1011
		placeable-motor		可放置马达	Placeable Motor	hmcl	1555
		placeable-pumpkin-pie	rejected	可放置南瓜派	Placeable Pumpkin Pie	hmcl	6862
		placement-tweaks	placement_tweaks	放置调整	Placement Tweaks	hmcl	5123
		planar-artifice	planarartifice	镜面艺术: 传承	Planar Artifice: Continuation	hmcl	1148
		planar-artifice-reflected	planarartifice	镜面艺术：反射	Planar Artifice: Reflected	hmcl	27579
		planet-progression	planetprogression	星球研究	Planet Progression	hmcl	1430
		planeteer-dimensions	beyond_planets_dimensions	飞越群星：维度	Planeteer - Dimensions	hmcl	9149
		planeteer-machines	beyond_planets_machines	飞越群星：机器	Planeteer - Machines	hmcl	9150
		planetring	planetring	星环	Planet Ring	hmcl	27312
		plant-mega-pack-reupload	plantmegapack	植物世界	Plant Mega Pack	hmcl	482
		plant-mega-pack-reupload	pmp	植物世界	Plant Mega Pack	hmcl	482
		planting-dirt-for-saplings	autoplanter	自动植树机	Auto Planter / Planting dirt for saplings	hmcl	1045
		plants-and-zombies	plantz	植物与僵尸	Plants & Zombies	hmcl	27585
		plants-to-ores	plo	植物矿石	Plants To Ores	hmcl	465
		plants-vs-zombies-mod	plants2	植物大战僵尸	Plants VS Zombies	hmcl	931
		plants-vs-zombies-mod	pvz	植物大战僵尸	Plants VS Zombies	hmcl	931
		planttech-2	planttech2	植物科技2	PlantTech 2	hmcl	1757
		plasmacannon	plasmacannons	等离子炮	PlasmaCannon	hmcl	2108
		plasmacraft	plasmacraft	电浆工艺	PlasmaCraft	hmcl	207
		plasmaengines		等离子引擎	PlasmaEngines	hmcl	2109
		plasmo-voice	plasmo_voice	Plasmo 语音	Plasmo Voice	hmcl	5236
		player-api	PlayerAPI	玩家API	Player API	hmcl	35
		player-attribute-commands	playerattributecommands	玩家属性指令	Player Attribute Commands	hmcl	23056
		player-heads-forge	PlayerHeads	玩家死亡掉头	Player Heads	hmcl	372
		player-name-tweaks	playernametweaks	角色名调整	PlayerNameTweaks	hmcl	7763
		player-plates-forge	playerplates	更多压力板	Player Plates	hmcl	1894
		player-shells	playershells	玩家躯壳	Player Shells	hmcl	23959
		player-stages	playerstages	玩家阶段	Player Stages	hmcl	11664
		player-weight-mod	playerweight	玩家重量	Player Weight Mod	hmcl	6097
		playeraffixes	playeraffixes	玩家天赋	PlayerAffixes	hmcl	24374
		playerrevive	playerrevive	玩家救援	PlayerRevive	hmcl	1914
		playersdropheads	playersdropheads	玩家掉落头颅	PlayersDropHeads	hmcl	1038
		playersync	playersync	玩家数据同步	PlayerSync	hmcl	8461
		playertag	playertag	玩家标签	PlayerTag	hmcl	14882
		playing-cards	playingcards	扑克牌	Playing Cards	hmcl	4576
		playing-cards-chips	playingcards	扑克牌与筹码	Playing Cards & Chips	hmcl	19319
		playsound-pro	summer_xtjl_audio	音频播放专业版	Playsound Pro	hmcl	23767
		playtime-counter-fabric	playtime_count	游戏时长计数器	Playtime Counter	hmcl	3981
		plonk	plonk	世界内物品放置	Plonk	hmcl	3135
		plsgodie	plsgodie	残血了就给我乖乖去死啊！	PlsGoDie	hmcl	21642
		plumes-more-arrows	morearrows	更多弓箭/更多箭矢	More Arrows	hmcl	28157
		plural-lucky-block		复数幸运方块	Plural Lucky Block	hmcl	2946
		plushables	plushables	毛绒玩偶	Plushables	hmcl	15090
		pneumaticcraft	PneumaticCraft	气动工艺	PneumaticCraft: Repressurized	hmcl	270
		pneumaticcraft	PneumaticCrap	气动工艺	PneumaticCraft: Repressurized	hmcl	270
		pneumaticcraft	pneumaticcraft	气动工艺	PneumaticCraft: Repressurized	hmcl	270
		pocket-apocalypse-mod	pocalypse	便携式天灾	Pocket Apocalypse Mod	hmcl	2737
		pocket-legion	pocketlegion	口袋军团	Pocket Legion	hmcl	24763
		pocket-space-teleporter	pocket_space_teleporter	口袋空间传送器	Pocket Space Teleporter	hmcl	22286
		point-your-destination	point_your_destination	目之所及！	Point Your Destination!	hmcl	27221
		poisoncraft	poisoncraft	毒药工艺	PoisonCraft	hmcl	4589
		poke-ball	pokeballhv	精灵球	pokeballhv	hmcl	12161
		poke-lucky	pokelucky	宝可梦幸运方块	PokeLucky	hmcl	2152
		pokeball	pokeball	精灵球	PokeBall	hmcl	6915
		polaristrading	polaristrading	北极星市场方块	PolarisTrading	hmcl	21135
		polaroid-camera	polaroidcamera	宝丽来相机	Polaroid Camera	hmcl	7782
		police-mod	policemod	警察	Police Mod	hmcl	3451
		pollutant-pump	pollutantpump	污染泵	Pollutant Pump	hmcl	1752
		pollution	pollution	污染	Pollution	hmcl	13473
		pollution-of-the-realms	adpother	环境污染/领域的污染	Pollution of the Realms	hmcl	1336
		polymorph	polymorph	多态合成	Polymorph	hmcl	2895
		polymorph-plus	polymorph_plus	多态合成+	Polymorph+	hmcl	28815
		ponder-for-kaleidoscope-cookery	ponderforkc	森罗厨房：思索	Ponder For KaleidoscopeCookery	hmcl	24393
		ponder-legacy	ponder_legacy	思索：遗产	Ponder Legacy	hmcl	26193
		poop	shit	屎	Poop Mod	hmcl	1219
		poopsky	poopsky	空中厕所	PoopSky	hmcl	19614
		portable-craft	portablecraft	便携工艺	Portable Craft	hmcl	5733
		portable-crafting-table	portablecraftingtable	便携工作台	Portable Crafting Table	hmcl	10162
		portable-dimensions	portabledimensions	便携式传送门	Portable Dimensions	hmcl	4289
		portable-jukebox-forge	portablejukebox	便携式唱片机	Portable Jukebox	hmcl	4310
		portable-stonecutter	portable_stonecutter	便携式切石机	Portable Stonecutter	hmcl	5786
		portable-storage	portable-storage	随身仓库	Portable Storage	hmcl	22574
		portable-storage	portablestorage	随身仓库	Portable Storage	hmcl	22574
		portable-villager	portable_villager	便携式村民	Portable Villager	hmcl	28029
		portable-workstations	portableworkstations	便携式工作方块	Portable Workstations	hmcl	27883
		portablecraft		便携物品	PortableCraft	hmcl	2379
		portal-blocks-2-0	portalblocks	传送门方块	Portal Blocks	hmcl	2844
		portal-gun	PortalGun	传送枪	Portal Gun	hmcl	63
		portal-gun	portalgun	传送枪	Portal Gun	hmcl	63
		portal-gun-fabric	portalgun	传送枪 Fabric	Portal Gun Fabric	hmcl	4063
		portals-gui	portalsgui	传送门GUI	Portals Gui	hmcl	14255
		portaltransform	portaltransform	传送门嬗变	PortalTransform	hmcl	20088
		pot-breaker	potbreaker	砸罐子	Pot Breaker	hmcl	13005
		potassium-mod	potassium	钾	Potassium	hmcl	28408
		potato-bread	potatobread	马铃薯面包	Potato Bread	hmcl	26956
		potato-craft	pc	土豆工艺	Potato Craft	hmcl	2312
		potatos-lucky-block	potatos_lucky_block	马铃薯幸运方块	Potato's Lucky block	hmcl	4883
		potion-api	potion_api	药水 API	Potion API	hmcl	28202
		potion-bundles	potionbundles	药水捆	Potion Bundles	hmcl	11623
		potion-core	PotionExtensionCore	药水核心	Potion Core	hmcl	960
		potion-core	potioncore	药水核心	Potion Core	hmcl	960
		potion-core-reborn	potioncore	药水核心：重生	Potion Core Reborn	hmcl	18116
		potion-core-remastered	potioncoreremastered	药水核心重制版	Potion Core Remastered	hmcl	25171
		potion-fingers-redux	potionfingers	药剂环/药水指环	Potion Rings	hmcl	2055
		potion-mixing	potion_mixing	药水混合	Potion Mixing	hmcl	15731
		potion-of-bees	potionofbees	蜂群药水	Potion of Bees	hmcl	2500
		potion-pill	potion_pill	药水药丸	Potion Pill	hmcl	21447
		potion-pizzas	potionpizzas	药水披萨	Potion Pizzas	hmcl	13004
		potion-ring-reforged	potionring	药剂环重铸	Potion Rings - REFORGED	hmcl	7941
		potionlevelfix	potion_level_fix	药水等级修复/药引对注	PotionLevelFix	hmcl	15736
		potionparticlepack	potionparticlepack	药水粒子包	Potion Particle Pack	hmcl	11620
		potionsmaster	potionsmaster	魔药大师	Potions Master	hmcl	3137
		pouch-of-unknown	pouchofunknown	未知之袋	Pouch of Unknown	hmcl	3174
		pouch-of-unknown-nirvana	pouchofunknownnirvana	未知之袋：涅槃	Pouch of Unknown: Nirvana	hmcl	23206
		power-advantage	poweradvantge	能量优势	Power Advantage	hmcl	22273
		power-chisels		能量凿子	Power Chisels	hmcl	2182
		power-converters3	PowerConverters	能源转换3	Power Converters3	hmcl	24329
		power-drop	powerdrop	蓄力投掷	Power Drop	hmcl	4428
		power-grid	powergrid	机械动力：交错电网	Create: Power Grid	hmcl	21620
		power-of-the-void	power_of_the_void	虚空之力	Power of the Void	hmcl	17995
		power-tools	cuchaz.powerTools	现代工具	Power Tools	hmcl	1312
		power-utilities-remastered	powerutils	能源转换重制	Power Utilities Remastered	hmcl	5681
		powerconverters-portablejims-fork	PowerConverters	能源转换	PowerConverters	hmcl	15
		powercraft-2	PowerCraft	能量工厂	Power Craft	hmcl	133
		powercraft-2	mod_PowerCraft	能量工厂	Power Craft	hmcl	133
		powercraft-gates	pcg	能量工厂：门	PowerCraft Gates	hmcl	25671
		powered-thingies	teslathingies	特斯拉科技	Tesla Powered Thingies	hmcl	924
		powerful-dummy	powerful_dummy	强力假人	Powerful Dummy	hmcl	19985
		powertool	powertool	电动工具	PowerTool	hmcl	6878
		powerutilites-unofficial	powerutils	电力转换非官方版	PowerUtilites Unofficial	hmcl	19393
		ppe-essentials	ppe_essentials	紫气的 Essentials	PPE Essentials	hmcl	27787
		practical-logistics-2	practicallogistics2	实用物流监控2	Practical Logistics 2	hmcl	673
		pre-fish-feed	prefishfeed	打窝	Pre Fish Feed	hmcl	11564
		prefab	prefab	预制建筑	Prefab	hmcl	1373
		prehistoric-delight-by-nocube	pre_delight	史前乐事	Prehistoric Delight	hmcl	6011
		prehistoric-delight-by-nocube	prehistoric_delight	史前乐事	Prehistoric Delight	hmcl	6011
		prehistoric-fauna	prehistoricfauna	史前生物	Prehistoric Fauna	hmcl	5270
		prehistoric-nature	lepidodendron	史前自然	Prehistoric Nature	hmcl	4869
		prehistoric-revival-a-prehistoric-fauna-add-on	prehistoric_revival	史前复生	Prehistoric Revival - A Prehistoric Fauna Add-On	hmcl	6979
		presence-footsteps	presencefootsteps	脚步声	Presence Footsteps	hmcl	4753
		presence-footsteps-forge		脚步声Forge版	Presence Footsteps (Forge)	hmcl	4819
		presence-footsteps-neoforge	presencefootsteps	脚步声NeoForge版	Presence Footsteps (NeoForge)	hmcl	23371
		pressure	pressure	压强	Pressure	hmcl	13859
		pressure-pipes	pressure	压力管道	Pressure Pipes	hmcl	678
		prestige	prestige	成就点	Prestige	hmcl	1930
		pretty-game-enhhancing-gobblet-pgeg-remake	pgeg	魔法森林重置版	Pretty, Game-Enhhancing Gobblet Remake	hmcl	4947
		pretty-pipes	prettypipes	更好的管道	Pretty Pipes	hmcl	6303
		pretty-pipes-fluids	ppfluid	更好的管道：流体	Pretty Pipes: Fluids	hmcl	16227
		primal-boat	primalboat	原始船舶	Primal Boat	hmcl	2333
		primal-magick	primalmagick	原初魔法	Primal Magick	hmcl	5637
		primal-tech	primal_tech	原始科技	Primal Tech	hmcl	1307
		primal-winter	primalwinter	原始寒冬	Primal Winter	hmcl	2779
		primalcore	primal	原始核心	PrimalCore	hmcl	1306
		primitive-mobs	primitivemobs	远古生物 / 原始生物	Primitive Mobs	hmcl	1274
		primogem-craft	primogemcraft	原石工艺	Primogems Craft	hmcl	10429
		prinegorerouse	prinegorerouse	尼格洛兹·旧日重铸/尼格洛兹·万神重归	Prinegorerouse	hmcl	17846
		priority-target	prioritytarget	优先目标	Priority Target	hmcl	6355
		prism-plan	prismplan	棱镜计划	Prism Plan	hmcl	18822
		pro-placer	proplacer	放置专家	Pro Placer	hmcl	3655
		pro-sniper	prosniper	专业狙击手	Pro Sniper	hmcl	11914
		prodigy-tech	prodigytech	奇才妙械	Prodigy Tech	hmcl	1603
		productivebees	productivebees	资源蜜蜂	Productive Bees	hmcl	2502
		programmable-magic	programmable_magic	可编程魔法	Programmable Magic	hmcl	23466
		progressive-automation-early-miner	progressiveautomation	进阶自动化	Progressive Automation	hmcl	1197
		progressive-bosses	progressivebosses	进化的 BOSS	Progressive Bosses	hmcl	1532
		project-306141	japaricraftmod	加帕里公园	JapariCraftMod	hmcl	1664
		project-73926	supercraftingframe	超级合成框架	Super Crafting Frame	hmcl	687
		project-74246	dldungeonsjbg	毁灭地牢	Doomlike Dungeons	hmcl	5450
		project-bench	bau5_ProjectBench	高级工作台	Project Bench	hmcl	282
		project-bench	projectbench	高级工作台	Project Bench	hmcl	282
		project-fruit	projectfruit	水果地形	Project Fruit	hmcl	23731
		project-intelligence	projectintelligence	PI文档	Project Intelligence	hmcl	1642
		project-potman	proj_pot	背锅人计划	ProjectPotman	hmcl	3308
		project-rankine	rankine	兰金计划	Project Rankine	hmcl	4592
		project-red-base	ProjRed|Compatibility	红石计划	ProjectRed	hmcl	164
		project-red-base	ProjRed|Core	红石计划	ProjectRed	hmcl	164
		project-red-base	ProjRed|Expansion	红石计划	ProjectRed	hmcl	164
		project-red-base	ProjRed|Exploration	红石计划	ProjectRed	hmcl	164
		project-red-base	ProjRed|Fabrication	红石计划	ProjectRed	hmcl	164
		project-red-base	ProjRed|Illumination	红石计划	ProjectRed	hmcl	164
		project-red-base	ProjRed|Integration	红石计划	ProjectRed	hmcl	164
		project-red-base	ProjRed|Transmission	红石计划	ProjectRed	hmcl	164
		project-red-base	ProjRed|Transportation	红石计划	ProjectRed	hmcl	164
		project-red-base	projectred-compat	红石计划	ProjectRed	hmcl	164
		project-red-base	projectred-core	红石计划	ProjectRed	hmcl	164
		project-red-base	projectred-expansion	红石计划	ProjectRed	hmcl	164
		project-red-base	projectred-exploration	红石计划	ProjectRed	hmcl	164
		project-red-base	projectred-fabrication	红石计划	ProjectRed	hmcl	164
		project-red-base	projectred-illumination	红石计划	ProjectRed	hmcl	164
		project-red-base	projectred-integration	红石计划	ProjectRed	hmcl	164
		project-red-base	projectred-relocation	红石计划	ProjectRed	hmcl	164
		project-red-base	projectred-transmission	红石计划	ProjectRed	hmcl	164
		project-red-base	projectred-transportation	红石计划	ProjectRed	hmcl	164
		project-red-compat	projectred-compat	红石计划：兼容性	Project Red - Compat	hmcl	2861
		project-red-core	projectred-core	红石计划：核心	Project Red - Core	hmcl	2856
		project-red-core	projectred_core	红石计划：核心	Project Red - Core	hmcl	2856
		project-red-expansion	ProjRed|Expansion	红石计划：扩展 / 红石计划：机械	Project Red - Expansion / Project Red - Mechanical	hmcl	2875
		project-red-expansion	ProjRed|Transportation	红石计划：扩展 / 红石计划：机械	Project Red - Expansion / Project Red - Mechanical	hmcl	2875
		project-red-expansion	projectred-expansion	红石计划：扩展 / 红石计划：机械	Project Red - Expansion / Project Red - Mechanical	hmcl	2875
		project-red-expansion	projectred-relocation	红石计划：扩展 / 红石计划：机械	Project Red - Expansion / Project Red - Mechanical	hmcl	2875
		project-red-expansion	projectred-transportation	红石计划：扩展 / 红石计划：机械	Project Red - Expansion / Project Red - Mechanical	hmcl	2875
		project-red-exploration	ProjRed|Exploration	红石计划：探索	Project Red - Exploration	hmcl	2860
		project-red-exploration	projectred-exploration	红石计划：探索	Project Red - Exploration	hmcl	2860
		project-red-exploration	projectred_exploration	红石计划：探索	Project Red - Exploration	hmcl	2860
		project-red-fabrication	projectred-fabrication	红石计划：制作	Project Red - Fabrication	hmcl	2857
		project-red-illumination	ProjRed|Illumination	红石计划：照明	Project Red - Illumination	hmcl	2859
		project-red-illumination	projectred-illumination	红石计划：照明	Project Red - Illumination	hmcl	2859
		project-red-illumination	projectred_illumination	红石计划：照明	Project Red - Illumination	hmcl	2859
		project-red-integration	ProjRed|Integration	红石计划：集成	Project Red - Integration	hmcl	2858
		project-red-integration	ProjRed|Transmission	红石计划：集成	Project Red - Integration	hmcl	2858
		project-red-integration	projectred-integration	红石计划：集成	Project Red - Integration	hmcl	2858
		project-red-integration	projectred_integration	红石计划：集成	Project Red - Integration	hmcl	2858
		project-red-transmission	projectred-transmission	红石计划：传导	Project Red - Transmission	hmcl	5032
		project-red-transmission	projectred_transmission	红石计划：传导	Project Red - Transmission	hmcl	5032
		project-saligia-reborn	project_saligia_re	炼金重铸计划·七罪新约	Project Saligia Reborn	hmcl	23266
		project-the-void	project_void	项目 -虚空-	Project the Void	hmcl	7592
		project-vibrant-journeys	projectvibrantjourneys	活力之旅	Project: Vibrant Journeys	hmcl	1564
		project-vibrant-journeys	pvj	活力之旅	Project: Vibrant Journeys	hmcl	1564
		project-war-dance	wardance	战舞计划	Project: War Dance	hmcl	3831
		project-zulu	ProjectZulu|Core	祖鲁	Project Zulu	hmcl	451
		projectcell	projectcell	等价元件	ProjectCell	hmcl	28453
		projecte	ProjectE	等价交换重制版	ProjectE	hmcl	353
		projecte	projecte	等价交换重制版	ProjectE	hmcl	353
		projecte-infinite	projecteinfinite	等价交换无限	ProjectE Infinite	hmcl	26738
		projecte-integration	projecteintegration	等价兼容	ProjectE Integration	hmcl	6272
		projecte-team	ProjectETeam	等价交换组队	ProjectETeam	hmcl	27377
		projectex	extendedexchange	等价交换升级	FTB Project EX/ExtendedExchange	hmcl	1481
		projectex	projectex	等价交换升级	FTB Project EX/ExtendedExchange	hmcl	1481
		projectextended	projectextended	等价交换扩展	ProjectExtended	hmcl	2073
		prometheus	prometheus	普罗米修斯	Prometheus	hmcl	24255
		proof-of-honor	proof_of_honor	荣誉的证明	Proof of Honor	hmcl	22414
		properties-panel	qwedshuxingmianban	属性面板	Properties Panel	hmcl	19341
		protection-pixel	protection_pixel	机素防护	Create: Protection Pixel	hmcl	14919
		pseudo-edge-dawnbreaker	pseudoedge_break_dawn	伪格雷普终境之刃·终境破晓	Pseudo-Edge: Dawnbreaker	hmcl	26456
		psi-oddities	psi_oddities	Psi-奇思妙想	Psi Oddities	hmcl	22916
		psi-unofficial		Psi 非官方版	Psi Unofficial	hmcl	6873
		pswg	pswg	帕尔奇的星球大战	Parzi's Star Wars Mod	hmcl	5116
		public-gui-announcement	publicguiannouncement	公开GUI显示	Public GUI Announcement	hmcl	5200
		pullup	pullup	飞行警报	Pullup	hmcl	8123
		pullupplus	pullup	飞行警报+	PullUp+	hmcl	27808
		purified-flesh-mod	purifiedfleshmod	纯净的腐肉	Purified Flesh Mod	hmcl	2659
		puris-eco-ocean	puriseco_ocean	紫剑生态：沧海	Puris Eco Ocean	hmcl	27581
		pursuit-of-immortality	pursuit_of_immortality	无光仙途	Nonsun's  Pursuit of Immortality	hmcl	25264
		push-everything-away	push_everything_away	推开一切	Push Everything Away	hmcl	13009
		push-forward	push_forward	猪突猛进	Push Forward	hmcl	15244
		put-ingot-down	putingotdown	把锭放在地上吧！	Put Ingot Down!	hmcl	5706
		put-mana-in	put_mana_in	手充魔力	Put Mana In	hmcl	18121
		putbuildings	putbuildings	建筑放置	PutBuildings	hmcl	23416
		puyu		璞玉	Puyu	hmcl	25074
		pymtech	pymtech	皮姆科技	PymTech	hmcl	1984
		pyromancer	pyromancer	炽焰术师	Pyromancer	hmcl	4793
		pyrotech	pyrotech	火种科技	Pyrotech	hmcl	1721
		qa-enchants	qa_enchants	Qa 附魔	Qa Enchants	hmcl	22458
		qa-villager-tweaks	qa_extends	Qa 村拓展 & 废物革新	Qa Villager Extends & Waste Innovations	hmcl	20727
		qcraft	qCraft	量子物理	QCraft	hmcl	286
		qcraft-reimagined	qcraft	量子物理重构	qCraft Reimagined	hmcl	11116
		qdc-core-4-0	qdc_mod	量子拆解工艺	Quantum Dis-Assembly Craft	hmcl	4594
		qg-geocraft	geocraft	天圆地方	GeoCraft	hmcl	22470
		qianmospeedmod	qianmospeed	阡陌疾旅	Qianmo Speed	hmcl	24521
		qing_gong	qing_gong	轻功	qing_gong	hmcl	2724
		qliphoth-awakening	fdbosses	逆卡巴拉：觉醒	Qliphoth Awakening	hmcl	19950
		qmd	qmd	量子块动力学	Quantum Minecraft Dynamics	hmcl	2561
		quality-railway	qr	品质铁路	Quality Railway	hmcl	20920
		quality-tools	qualitytools	工具品质	Quality Tools	hmcl	1750
		quantum-generators	quantum_generators	量子发电机	Quantum Generators	hmcl	5687
		quantum-pack	quantumpack	量子工具包	Quantum Pack	hmcl	765
		quantum-querry-plus	quantumquarryplus	量子采石场增强	Quantum Quarry Plus	hmcl	7297
		quantumflux	quantumflux	量子通量	QuantumFlux	hmcl	541
		quantumhue-visualizer	quantumhue	量子色域 视界	QuantumHue Visualizer	hmcl	23646
		quantumstorage	quantumstorage	量子存储	QuantumStorage	hmcl	793
		quark	Quark	夸克	Quark	hmcl	527
		quark	quark	夸克	Quark	hmcl	527
		quark-backpack-plus	quark_backpack_plus	夸克背包增强	Quark Backpack Plus	hmcl	26752
		quark-delight	quarkdelight	夸克乐事	Quark Delight	hmcl	13356
		quark-oddities	quarkoddities	夸克-奇思妙想	Quark Oddities	hmcl	1823
		quark-rotn-edition		夸克：RotN 版	Quark: RotN Edition	hmcl	7869
		quartz-chests	quartzchests	石英箱子	Quartz Chests	hmcl	6382
		quartz_craft	quartzcraft	石英工艺	Quartz_Craft	hmcl	17165
		queen-bee	queen_bee	蜂后	Queen Bee	hmcl	4809
		queqiao	queqiao	鹊桥	QueQiao	hmcl	18274
		quest-enhance	quest_enhance	FTB任务书增强	Quest Enhance	hmcl	28696
		quest-plaques	questplaques	任务牌匾	Quest Plaques	hmcl	8507
		quests-additions-fabric	questsadditions	任务拓展	Quests Additions	hmcl	5709
		quick-consume-2		快速摄入2	Quick Consume 2	hmcl	2202
		quick-refine	quick_refine	快捷锻刀	Quick Refine	hmcl	17504
		quick-save	quticksave	快速存档&快速读档	QSave&QLoad	hmcl	10712
		quick-shulker	quickshulker	快捷潜影盒	Quick Shulker	hmcl	4322
		quick-stack-to-nearby-chests	quickstack	快速堆叠	QuickStack / Quick Stack To Nearby Chests	hmcl	18520
		quickalias	quickalias	快捷别名	QuickAlias	hmcl	26640
		quickbackupmulti	quickbackupmulti	多槽位备份	QuickBackupMulti	hmcl	13202
		quickbackupmulti	quickbakcupmulti	多槽位备份重制版	QuickBackupMulti-Reforged	hmcl	20706
		quickbind	command-gui-buttons	功能集成	Quick Bind	hmcl	5385
		quickcopy	quickcopy	迅摹天工	QuickCopy	hmcl	19693
		quickmate	quickmate	快速助手	QuickMate	hmcl	27618
		quickplant	quickplant	顷刻吐芽	QuickPlant	hmcl	6129
		quickquark	quickquark	畅启速始/夸克疾速启动	QuickQuark	hmcl	14737
		quicksand-fabric	quicksand	流沙	Quicksand	hmcl	8053
		quicksand-neoforge	quicksand	流沙 (NeoForge)	Quicksand (NeoForge)	hmcl	8140
		quickstore	quickstore	快速贮藏重制版	QuickStoreRemake	hmcl	7899
		quiet	quiet	迁噪碍音/玩家禁言	Quiet	hmcl	17144
		quilt-loading-screen	quilt-loading-screen	Quilt 加载画面	Quilt Loading Screen	hmcl	6628
		quilt-loading-screen	quilt_loading_screen	Quilt 加载画面	Quilt Loading Screen	hmcl	6628
		quincys-plate	quincyplate	Quincy的盘子	Quincy's Plate	hmcl	23986
		quitconfirm	quitconfirm	退出前确认	QuitConfirm	hmcl	3538
		radiation-area	radiation_area	辐射区		hmcl	28102
		radiation-zone	radiation_zone	辐辽地带	Radiation Zone	hmcl	14790
		radiation-zone-reborn	radiation_zone_reborn	辐射荒原：再行	Radiation Zone: Reborn	hmcl	19990
		radium-reforged	radium	镭	Radium Reforged	hmcl	5580
		radomraidspawn	randomraid	随机袭击生成	Random Raid Spawn	hmcl	15356
		radon	radon	氡	Radon	hmcl	5911
		ragdoll-corpses	ragdollCorpses	布娃娃尸体	Ragdoll Corpses	hmcl	11125
		rage-mod	rage	兴怒	Rage Mod	hmcl	13975
		ragexs-nuclear-tech		Ragex的核科技	Ragex's Nuclear Tech	hmcl	17735
		railcraft	Railcraft	铁路	Railcraft	hmcl	6
		railcraft	railcraft	铁路	Railcraft	hmcl	6
		rails-of-war		铁路战争	Rails of War	hmcl	549
		rain-after-long-drough	shamoxiayu	久旱逢甘霖	Rain after long drough	hmcl	22051
		rain-shield	rainshield	驱雨盾	Rain Shield	hmcl	13659
		rainbow-oak-trees	rainboaks	彩虹橡树	Rainbow Oak Trees	hmcl	2278
		rainbow-oak-trees-2	rainbowoaks	彩虹橡树2	Rainbow Oak Trees 2	hmcl	4577
		rainbow6	rainbow6	我的六号	Rainbow6:Minesiege	hmcl	4799
		rainbowwrenchforjei-reforge	rwfj	彩虹扳手：Forge版	RainbowWrenchForJei: ReForge	hmcl	21117
		raing-row	raing_row_mod	雨后生草	Rain Grow Mod	hmcl	23081
		raining-cats-and-dogs	rcad	猫狗雨	Raining Cats and Dogs	hmcl	4678
		ramadan-delight	ramadandelight	斋月乐事	Ramadan Delight	hmcl	18113
		ranckors-rings-of-power	the_rings_of_power	Ranckor的力量之戒	Ranckor's Rings of Power	hmcl	19086
		random-complement	random_complement	随意补充	RandomComplement	hmcl	18297
		random-crafting	randomcrafting	随机合成表	Random Crafting	hmcl	10316
		random-dungeon-spawners	random_dungeon_spawners	随机地牢刷怪笼	Random Dungeon Spawners	hmcl	23075
		random-enchants	randomenchants	随机附魔	Random Enchants	hmcl	2135
		random-enchants-2	randomenchants2	随机附魔 2	Random Enchants 2	hmcl	18212
		random-height	randomheight	随机身高	Random Height	hmcl	27888
		random-item	random_item	随机物品	Random Item	hmcl	14034
		random-loot-mod	randomloot	随机战利品	Random Loot Mod	hmcl	2158
		random-looting	randomlooting	随机战利品表	Random Looting	hmcl	10823
		random-mob-sizes	random_mob_sizes	随机生物模型大小	Random Mob Sizes	hmcl	13055
		random-psideas	rpsideas	Psi随想	Random PSIdeas	hmcl	1453
		random-sheep-colours	randomsheepcolours	随机绵羊颜色	Random Sheep Colours	hmcl	4303
		random-sheep-colours	randomsheepcolours-fabric	随机绵羊颜色	Random Sheep Colours	hmcl	4303
		random-shulker-colours	randomshulkercolours	随机潜影贝颜色	Random Shulker Colours	hmcl	4301
		random-shulker-colours	randomshulkercolours-fabric	随机潜影贝颜色	Random Shulker Colours	hmcl	4301
		random-things	RandomThings	随意作品	Random Things	hmcl	940
		random-things	randomthings	随意作品	Random Things	hmcl	940
		random-title	randomtitle	随机标题	Random Title	hmcl	3717
		randomaddon	random_addon	随意之作	Random Addon	hmcl	21041
		randomcraft-v0-1-0	RandomCraft	随机工艺	RandomCraft	hmcl	227
		randomdeathmessage	randomdeathmessage	随机死亡消息	RandomDeathMessage	hmcl	3807
		randomly-tp	randomly_tp	随意传送	Freely/Randomly TP	hmcl	18987
		randompatches	randompatches	随意修复	RandomPatches	hmcl	2253
		randomportals	randomportals	随意传送门	RandomPortals	hmcl	3650
		randomtweaks	randomtweaks	随意微调	RandomTweaks	hmcl	3215
		ranged-damage-limit	rangeddamagelimit	远域挡招/远程伤害保护	Ranged Damage Limit	hmcl	18679
		ranged-pumps	rangedpumps	范围泵	Ranged Pumps	hmcl	1391
		rank-system	rank_system	评分系统	Rank System	hmcl	16993
		rare-ice	rare-ice	冰中有宝	Rare Ice	hmcl	3218
		raritycore	raritycore	稀有度核心	RarityCore	hmcl	24499
		raritycore-for-fabric	raritycore	稀有度核心Fabric版	RarityCore For Fabric	hmcl	25055
		rarmor	rarmor	功能装甲	Rarmor	hmcl	1471
		rather-more-potions	rather_more_potions	稍多药水	Rather More Potions	hmcl	13521
		rats	rats	老鼠	Rats	hmcl	1722
		rats-ratlantis	ratlantis	老鼠：鼠西洲	Rats: Ratlantis	hmcl	3470
		raven-coffee	ravencoffee	Raven 咖啡	Raven Coffee	hmcl	6682
		raw-mouse-input-blessed-edition	rawinput	原始鼠标输入 - 祝福版	Raw Mouse Input - Blessed Edition	hmcl	18305
		raw-ores-processing-datapack	raw_ores_processing	粗矿处理数据包	Raw Ores Processing - Data Pack	hmcl	7643
		rawore-on-1-12-2	suikerawore	1.12.2的粗矿	rawOre_on_1.12.2	hmcl	14517
		rcg-lib	rcg_lib	王城剑兰 Lib	Rcg Lib	hmcl	24007
		re-avaritia	avaritia	无尽贪婪：重生	Re:Avaritia	hmcl	6439
		re-dimension-stages	redimstages	维度阶段重制版	Re-Dimension Stages	hmcl	13712
		re-exposer	exposer	Exposer 重置版	Re-Exposer	hmcl	17081
		re-ftbqkeys	ftbqkeys	FTB任务本地化键：重置	Re-FTBQLocalizationKeys	hmcl	8441
		re-ftbqkeys	ftbqlocalkeys	FTB任务本地化键：重置	Re-FTBQLocalizationKeys	hmcl	8441
		re-zero-kara-hajimeru-isekai-seikatsu	ReZero	RE:从零开始的异世界	Re: Zero kara hajimeru isekai seikatsu	hmcl	831
		reactioncraft-3-rebirth	reactioncraft	世界反应3：重置	Reactioncraft 3: Rebirth	hmcl	1154
		reactive	reactive	反应炼金术	Reactive Alchemy	hmcl	11458
		reactive-music	reactivemusic	韵律回响	Reactive Music	hmcl	16899
		reactor-stuff	reactor_stuff	反应堆材料	Reactor Stuff	hmcl	2065
		reactorcraft	ReactorCraft	反应堆工艺	ReactorCraft	hmcl	251
		readyhomes	ready_homes	随时可住	ReadyHomes	hmcl	21142
		reairdrop-supply	airdrop_supply	空投供应：重生	ReAirdrop Supply	hmcl	15906
		real-camera	realcamera	真实相机	Real Camera	hmcl	13323
		real-filing-cabinet	realfilingcabinet	仿真档案柜	Real Filing Cabinet	hmcl	1420
		real-first-person-render	realrender	真实的第一人称视角	Real First Person 2	hmcl	500
		real-first-person-render	rfp2	真实的第一人称视角	Real First Person 2	hmcl	500
		real-infinity-bow-allow-inf-mending	rib	真正的无限弓	Real Infinity Bow	hmcl	5840
		real-peaceful-mode	real_peaceful_mode	真正的和平模式	Real Peaceful Mode	hmcl	11301
		real-survivor	realsurvivor	幸存者	RealSurvivor	hmcl	2963
		real-time-chat-translation-mod	translationmod	实时聊天翻译	Real Time Chat Translation Mod	hmcl	671
		realbench	realbench	更好的工作台	RealBench	hmcl	1305
		realcraft-mcexpand	realcraft	真实工艺	Realcraft: Minecraft Expanded!	hmcl	27773
		realfish	realfish	为了钓鱼	RealFish	hmcl	26341
		realistic-airdrop	dyairdrop	真实空投	Realistic Airdrop	hmcl	16599
		realistic-bees	realisticbees	真实的蜜蜂	Realistic Bees	hmcl	4307
		realistic-bird-behavior	realisticbirdbehavior	真实鸟类行为	Realistic Bird Behavior	hmcl	22693
		realistic-horse-genetics	horse_colors	真实马匹遗传	Realistic Horse Genetics	hmcl	4169
		realistic-item-drops	realdrops	真实物品掉落	Realistic Item Drops	hmcl	1189
		realistic-spiders	realisticspiders	真实的蜘蛛	Realistic Spiders	hmcl	6685
		realistic-terrain-generation	RTG	真实地形生成	Realistic Terrain Generation	hmcl	635
		realistic-terrain-generation	rtg	真实地形生成	Realistic Terrain Generation	hmcl	635
		realistic-terrain-generation-community	rtgc	真实地形生成：社区版	Realistic Terrain Generation Community	hmcl	21711
		realistic-terrain-generation-unofficial	rtg	真实地形生成非官方版	Realistic Terrain Generation Unofficial	hmcl	9412
		realistic-torches	realistictorches	真实火把	Realistic Torches	hmcl	2955
		realistic-torches-reborn		真实火把：重生	Realistic Torches (Reborn)	hmcl	27147
		realisticdining	realisticdining	更真实的用餐	Realistic Dining	hmcl	26005
		realtrainmod	rtm	真实火车	RealTrainMod	hmcl	362
		reap-mod	reap	收获	Reap	hmcl	1386
		reaping	reaping	收割	Reaping	hmcl	4284
		reaping	reapingmod	收割	Reaping	hmcl	4284
		reasonable-realism	ReasonableRealism	合理的现实主义	Reasonable Realism	hmcl	3161
		reasonable-sorting	reasonable-sorting	合理排序	Reasonable Sorting	hmcl	4522
		reboot-lovelyrobot	rlovelyr	萌化机器人：重启	Reboot LovelyRobot	hmcl	13510
		reborncore	reborncore	重生核心	Reborn Core	hmcl	654
		reborncore	reborncore-mcmultipart	重生核心	Reborn Core	hmcl	654
		rebornstorage	rebornstorage	存储重置	Reborn Storage	hmcl	792
		rebroken-blade	broken_blade	隐影刀珍	Mowzie's Mobs: ReBroken Blade	hmcl	15739
		recall-potion-neoforge	recall_potion	回忆药水	Recall Potion	hmcl	16978
		recast	recast	持续钓鱼	Recast	hmcl	4308
		recast	recast-fabric	持续钓鱼	Recast	hmcl	4308
		recipe-book-delight	recipe-book-delight	配方书乐事	Recipe Book Delight	hmcl	11273
		recipe-cache	recipecache	配方缓存	Recipe Cache	hmcl	8086
		recipe-linkage	recipe_linkage	配方研究台	Recipe Linkage	hmcl	28170
		recipe-stages	recipestages	配方阶段	Recipe Stages	hmcl	2713
		recipebuffers	recipebuffers	配方缓冲	RecipeBuffers	hmcl	4061
		recipeconflict-fixer		合成冲突消除：修复版	RecipeConflict Fixer	hmcl	19343
		reciperesearch	reciperesearch	合成配方研究	RecipeResearch	hmcl	16244
		recipes-for-all	rfa	配方书全解锁	Recipes for All	hmcl	2523
		recipes-of-the-lost	recipesofthelost	失落配方	Recipes of the Lost	hmcl	22369
		recipes-of-the-lost	uncraftable	失落配方	Recipes of the Lost	hmcl	22369
		recurrent-complex	reccomplex	自然建筑生成	Recurrent Complex	hmcl	1518
		recursivecraft	recursivecraft	递归合成	RecursiveCraft	hmcl	26919
		recursivecraft-by-xczl	recursivecraft	递归合成	RecursiveCraft	hmcl	23236
		red-envelope-reforge	redenvelope	红包	Red Envelope	hmcl	25193
		reddens-stone-lanterns	reddensstonelantern	Redden的石灯笼	Redden's Stone Lanterns	hmcl	13452
		redeco	redeco	重铸家具	Re:Deco	hmcl	11648
		redemptioncodefabric	redemptioncodefabric	兑换码Fabric版	RedemptionCodeFabric	hmcl	27845
		redes-coins	redes_coins	Rede的硬币	Rede's Coins	hmcl	17667
		redirector	redirectionor	异引定址	Redirector	hmcl	11295
		redirector	redirector	异引定址	Redirector	hmcl	11295
		rediscovered	rediscovered	特性重现	Rediscovered	hmcl	2305
		redman	redman	红超人		hmcl	15021
		redstone-armory	RArm	红石军械库	Redstone Armory	hmcl	963
		redstone-arsenal	RedstoneArsenal	红石兵工厂	Redstone Arsenal	hmcl	256
		redstone-arsenal	redstone_arsenal	红石兵工厂	Redstone Arsenal	hmcl	256
		redstone-arsenal	redstonearsenal	红石兵工厂	Redstone Arsenal	hmcl	256
		redstone-chan-cobblestone-generator	cobblestone_generator	圆石生成器	Cobblestone Generator	hmcl	25064
		redstone-chans-enchantment-expansion-data-pack	redstone_enchants	红石酱的附魔拓展	Redstone-chan's Enchantment Expansion	hmcl	20375
		redstone-chans-piggy-bank	piggy_bank	宝箱猪	Piggy Bank	hmcl	27102
		redstone-chans-void-dimension	void_dimension	虚空维度	Void Dimension	hmcl	24866
		redstone-chemical-elements	redstone_chemical_elements	红石酱的化学元素	Redstone-chan Chemical Elements	hmcl	24592
		redstone-clock-mod	redstoneclock	红石钟	Redstone Clock	hmcl	14997
		redstone-control	rs_ctr	红石控制	Redstone Control	hmcl	2105
		redstone-control-2	rs_ctr2	红石控制2	Redstone Control 2	hmcl	4398
		redstone-furnace	redstonefurnace	红石炉	Redstone Furnace	hmcl	269
		redstone-gauges-and-switches	rsgauges	红石测量与开关	Gauges and Switches	hmcl	1707
		redstone-lantern	redstonelantern	红石灯笼	Redstone Lantern	hmcl	2942
		redstone-paste	redstonepaste	爬墙红石/粘性红石	Redstone Paste	hmcl	1576
		redstone-pen	redstonepen	红石笔	Redstone Pen	hmcl	6420
		redstone-repository-revolved	redstonerepository	红石军械库重制版	Redstone Repository Revolved	hmcl	1156
		redstone-signal-bind-wand	wlrt	非Create版无线红石	Redstone Signal Bind Wand	hmcl	19522
		redstone-throttle	redstone_throttle	机械动力：红石调速器	Create: Redstone Throttle	hmcl	27587
		redstonecraft	redstonecraft	红石工艺	RedStoneCraft	hmcl	17746
		redstonelink-makomi	redstonelink	红石远联	RedstoneLink-makomi	hmcl	26828
		redstoneplusplus	redstoneplusplus	红石++	Redstone++	hmcl	836
		redstonic	Redstonic	红石电子	Redstonic	hmcl	603
		redstonic	redstonic	红石电子	Redstonic	hmcl	603
		redtale	redtale	赤物语	Redtale	hmcl	27681
		redtassel	redtassel	红樱	redtassel	hmcl	19831
		reeses-sodium-options	reeses-sodium-options	Reese的钠视频界面	Reese's Sodium Options	hmcl	4905
		refined-cooking	refinedcooking	精致厨房	Refined Cooking	hmcl	5836
		refined-machinery		精致机械	Refined Machinery	hmcl	1687
		refined-pipes	refinedpipes	精致管道	Refined Pipes	hmcl	3070
		refined-relocation	ForgeRelocation	简单分类	Refined Relocation	hmcl	656
		refined-relocation	RefinedRelocation	简单分类	Refined Relocation	hmcl	656
		refined-relocation-2	refinedrelocation	简单分类2	Refined Relocation 2	hmcl	5140
		refined-storage	refinedreborn	精致存储	Refined Storage	hmcl	691
		refined-storage	refinedstorage	精致存储	Refined Storage	hmcl	691
		refined-storage-addons	refinedstorageaddons	精致存储附属	Refined Storage Addons	hmcl	977
		refined-storage-cross-latitude	rscrosslatitude	精致储存跨维度	Refined Storage Cross Latitude	hmcl	28876
		refined-storage-emi-integration	refinedstorage_emi_integration	精致存储 - EMI 集成	Refined Storage - EMI Integration	hmcl	19143
		refined-storage-jei-integration	refinedstorage_jei_integration	精致存储 - JEI 集成	Refined Storage - JEI Integration	hmcl	19145
		refined-storage-mekanism-integration	refinedstorage_mekanism_integration	精致存储 - 通用机械集成	Refined Storage - Mekanism Integration	hmcl	19146
		refined-storage-rei-integration	refinedstorage_rei_integration	精致存储 - REI 集成	Refined Storage - REI Integration	hmcl	19144
		refinedcreativeinventory	refinedcreativeinventory	创造模式物品栏重制	RefinedCreativeInventory	hmcl	6667
		reforbidden-magic	forbiddenmagicre	禁忌魔法：重生	ReForbidden Magic	hmcl	18365
		reforge-stone	reforge_stone	重铸石	Reforge Stone	hmcl	20265
		reforged	reforged	重铸	Reforged	hmcl	995
		reforgedplay-mod	reforgedplaymod	录像回放：重置	ReForgedPlay	hmcl	15082
		reforgotten-relics	forgotten_relics	失落遗物学：重生	ReForgotten Relics	hmcl	18387
		refraction	refraction	折射	Refraction	hmcl	1264
		refraction-continuation	refraction	折射：延续	Refraction Continuation	hmcl	22214
		refurbished-furniture	refurbished_furniture	MrCrayfish 的家具：重制	MrCrayfish's Furniture Mod: Refurbished	hmcl	15668
		regeneration	regeneration	神秘博士 - 再生	Doctor Who - Regeneration​	hmcl	1438
		regex-filters	regexfilters	正则表达式过滤器	Regex Filters	hmcl	3051
		reghostjump	ghostjump	引殃髑至	ReGhostJump	hmcl	15738
		regions-unexplored	regions_unexplored	未至之地	Regions Unexplored	hmcl	9118
		regrowth	regrowth	再生	Regrowth	hmcl	3813
		rehurttime	rehurttime	伤害免疫机制重做	ReHurtTime	hmcl	22519
		rei-custom-command	rei_custom_command	REI自定义命令	REI Custom Command	hmcl	11321
		reign-of-nether-rts-in-minecraft	reignofnether	下界之治	Reign of Nether RTS	hmcl	16850
		reinforced-barrels	reinfbarrel	增强木桶	Reinforced Barrels	hmcl	5015
		reinforced-chests	reinfchest	增强箱子	Reinforced Chests	hmcl	5577
		reinforced-deepslate-crafting	reinforced_deepslate_crafting	强化深板岩的合成	Reinforced Deepslate Crafting	hmcl	8275
		reinforced-shulker-boxes	reinfshulker	增强潜影盒	Reinforced Shulker Boxes	hmcl	5575
		reinforcedtools	reinforcedtools	强化工具	ReinforcedTools	hmcl	1899
		reinhardt-protocol-core	reinhardt_protocol_core	Reinhardt协议核心		hmcl	27902
		rekusaeater	rekusaeater	Re艹	ReKusaEater	hmcl	15729
		relics-mod	relics	遗物	Relics	hmcl	4816
		relics-of-gaming	rog	游戏遗物	Relics Of Gaming	hmcl	4698
		relics-of-gaming-continued	rogcontinued	游戏遗物：延续	Relics Of Gaming Continued	hmcl	13723
		reliquary-reincarnations	xreliquary	圣遗物	Reliquary Reincarnations (Reliquary) / Xeno's Reliquary	hmcl	525
		reload-audio-driver-rad	rad	音频驱动重载	Reload Audio Driver	hmcl	4828
		remain-in-motion	JAKJ_RedstoneInMotion	运动红石机构	Remain in Motion	hmcl	121
		remnants	remnants	腐败	Remnants	hmcl	2725
		remodified	modifiers	你再造！	Remodifier	hmcl	11177
		remodifier-reborn	remodifier	你别造了！！！	Remodifier Reborn	hmcl	19083
		remoreloyaltrident	moreloyaltrident	远亦得珍	ReMoreloyaltrident	hmcl	15735
		remote-io	RIO	远程接口	Remote IO	hmcl	299
		remove-blindness	no-blindness	移除失明	Remove Blindess	hmcl	16884
		remove-water-and-lava-springs		涌泉大扫除	Remove Water And Lava Springs	hmcl	20801
		renamer	renamer	代号名称	Renamer	hmcl	5430
		render-blender	renderblender	渲染搅拌机	Render Blender	hmcl	22045
		render-control	RenderControl	渲染控制	Render Control	hmcl	18836
		render-player-api	RenderPlayerAPI	玩家渲染API	Render Player API	hmcl	34
		rendi	rendi	重生：伤害免疫机制移除	ReNDI	hmcl	15443
		renewed-eras-of-arda-addon	eoa	阿尔达纪元：复兴	Eras of Arda: Renewed Addon (First and Second Age)	hmcl	14842
		renxin-music-player	cp-mod	荏心音乐机	Renxin Music Player	hmcl	23592
		repair-chests	repairchests	修损宝盒	Repair Chests	hmcl	4696
		repair-gem	repairgem	修复宝石	Repair Gem	hmcl	15469
		repairables-anvil	repairablesanvil	可修复的铁砧	Repairables Anvil	hmcl	20504
		replanting-crops	replantingcrops	补种农作物	Replanting Crops	hmcl	2731
		replicore	replicore	复制核心	RepliCore	hmcl	18854
		repose	repose	自动上坡	Repose	hmcl	1457
		repurposed-structures	repurposed_structures	结构变体	Repurposed Structures	hmcl	4518
		repurposed-structures-advanced-peripherals-compat	repurposed_structures_advanced_peripherals_compat	结构变体：Advanced Peripherals 兼容数据包	Repurposed Structures - Advanced Peripherals Compat Datapack	hmcl	8960
		repurposed-structures-all-bark-all-bite-compat	repurposed_structures_all_bark_all_bite_compat	结构变体：All Bark, All Bite Compat 兼容数据包	Repurposed Structures - All Bark, All Bite Compat Datapack	hmcl	12181
		repurposed-structures-apocalyptic-fortress-compat		结构变体：Apocalyptic Fortress 兼容数据包	Repurposed Structures - Apocalyptic Fortress Compat Datapack	hmcl	9696
		repurposed-structures-better-desert-temples-compat	repurposed_structures_yungs_better_desert_temples_compat	结构变体：YUNG 的沙漠神殿优化兼容数据包	Repurposed Structures - Better Desert Temples Compat Datapack	hmcl	8948
		repurposed-structures-better-dungeons-datapack		结构变体：YUNG 的地牢优化兼容数据包	Repurposed Structures - Better Dungeons Compat Datapack	hmcl	8957
		repurposed-structures-better-jungle-temples-compat	repurposed_structures_yungs_better_jungle_temples_compat	结构变体：YUNG的丛林神庙优化兼容数据包	Repurposed Structures - Better Jungle Temples Compat	hmcl	12471
		repurposed-structures-better-ocean-monuments	repurposed_structures_yungs_better_ocean_monuments_compat	结构变体：YUNG 的海底神殿优化兼容数据包	Repurposed Structures - Better Ocean Monuments Compat Datapack	hmcl	8947
		repurposed-structures-better-strongholds-datapack	repurposed_structures_yungs_better_strongholds_compat	结构变体：YUNG 的要塞重制兼容数据包	Repurposed Structures - Better Strongholds Compat Datapack	hmcl	8956
		repurposed-structures-better-witch-huts-compat	repurposed_structures_yungs_better_witch_huts_compat	结构变体：YUNG 的沼泽小屋优化兼容数据包	Repurposed Structures - Better Witch Huts Compat Datapack	hmcl	8955
		repurposed-structures-biome-makeover-compat	repurposed_structures_biome_makeover_compat	结构变体：生物群系改造兼容数据包	Repurposed Structures - Biome Makeover Compat Datapack	hmcl	14337
		repurposed-structures-bountiful-datapack-compat	repurposed_structures_bountiful_compat	结构变体：赏金兼容数据包	Repurposed Structures - Bountiful Compat Datapack	hmcl	8962
		repurposed-structures-buzzier-bees-datapack-compat		结构变体：Buzzier Bees 兼容数据包	Repurposed Structures - Buzzier Bees Compat Datapack	hmcl	8992
		repurposed-structures-bygone-nether-compat	repurposed_structures_bygone_nether_compat	结构变体：逝去的下界兼容数据包	Repurposed Structures - Bygone Nether Compat Datapack	hmcl	9951
		repurposed-structures-caves-cliffs-backport		结构变体：Caves & Cliffs Backport 兼容数据包	Repurposed Structures - Caves & Cliffs Backport Compat Datapack	hmcl	8995
		repurposed-structures-chefs-delight-compat	repurposed_structures_chefs_delight_compat	结构变体：Chef's Delight 兼容数据包	Repurposed Structures - Chef's Delight Compat Datapack	hmcl	9434
		repurposed-structures-domestication-innovation	repurposed_structures_domestication_innovation_compat	结构变体：驯养革新兼容数据包	Repurposed Structures - Domestication Innovation Compat Datapack	hmcl	8988
		repurposed-structures-drunken-mug-compat-datapack		结构变体：Drunken Mug 兼容数据包	Repurposed Structures - Drunken Mug Compat Datapack	hmcl	8990
		repurposed-structures-environmental-datapack		结构变体：自然环境兼容数据包	Repurposed Structures - Environmental Compat Datapack	hmcl	8991
		repurposed-structures-etched-datapack-compat	repurposed_structures_etched_compat	结构变体：Etched 兼容数据包	Repurposed Structures - Etched Compat Datapack	hmcl	8987
		repurposed-structures-farmers-delight-datapack	repurposed_structures_farmers_delight_compat	结构变体：农夫乐事兼容数据包	Repurposed Structures - Farmer's Delight Compat Datapack	hmcl	8954
		repurposed-structures-floralis-compat-mod	repurposed_structures_floralis_compat	结构变体：Floralis 兼容模组	Repurposed Structures - Floralis Compat Mod	hmcl	15838
		repurposed-structures-friends-and-foes-datapack	repurposed_structures_friends_and_foes_compat	结构变体：Friends & Foes 兼容数据包	Repurposed Structures - Friends and Foes Compat Datapack	hmcl	8953
		repurposed-structures-gazebo-compat	repurposed_structures_gazebo_compat	结构变体：Gazebo 兼容数据包	Repurposed Structures - Gazebo Compat Datapack	hmcl	12185
		repurposed-structures-hexerei-datapack-compat	repurposed_structures_hexerei_compat	结构变体：魔法巫师兼容数据包	Repurposed Structures - Hexerei Compat Datapack	hmcl	8958
		repurposed-structures-ice-and-fire-datapack-compat	repurposed_structures_ice_and_fire_compat	结构变体：冰火传说兼容数据包	Repurposed Structures - Ice and Fire Compat Datapack	hmcl	8959
		repurposed-structures-immersive-engineering		结构变体：沉浸工程兼容数据包	Repurposed Structures - Immersive Engineering Compat Datapack	hmcl	8952
		repurposed-structures-incubation-compat-datapack	repurposed_structures_incubation_compat	结构变体：Incubation 兼容数据包	Repurposed Structures - Incubation Compat Datapack	hmcl	8989
		repurposed-structures-irons-spells-n-spellbooks		结构变体：Iron's Spells 'n Spellbooks 兼容数据包	Repurposed Structures - Iron's Spells 'n Spellbooks Compat	hmcl	14347
		repurposed-structures-jellyfishing-datapack-compat		结构变体：抓水母兼容数据包	Repurposed Structures - Jellyfishing Compat Datapack	hmcl	8993
		repurposed-structures-monobank-compat	repurposed_structures_monobank_compat	结构变体：Monobank 兼容数据包	Repurposed Structures - Monobank Compat Datapack	hmcl	12182
		repurposed-structures-more-villagers-datapack	repurposed_structures_more_villagers_compat	结构变体：更多村民兼容数据包	Repurposed Structures - More Villagers Compat Datapack	hmcl	8951
		repurposed-structures-new-tardis-mod-datapack		结构变体：New TARDIS Mod 兼容数据包	Repurposed Structures - New TARDIS Mod Compat Datapack	hmcl	8997
		repurposed-structures-oh-the-biomes-youll-go	repurposed_structures_oh_the_biomes_youll_go_compat	结构变体：你将去的生物群系兼容数据包	Repurposed Structures - Oh The Biomes You'll Go Compat Datapack	hmcl	8950
		repurposed-structures-paladins-preists-compat	paladins	结构变体：Paladins & Preists 兼容数据包	Repurposed Structures - Paladins & Preists Compat Datapack	hmcl	12184
		repurposed-structures-pneumaticcraft-repressurized	repurposed_structures_pneumaticcraft_repressurized_compat	结构变体：气动工艺兼容数据包	Repurposed Structures - PneumaticCraft: Repressurized Compat Datapack	hmcl	8961
		repurposed-structures-rats-compat	repurposed_structures_rats_compat	结构变体：老鼠兼容数据包	Repurposed Structures - Rats Compat Datapack	hmcl	15839
		repurposed-structures-savage-ravage-datapack	repurposed_structures_savage_and_ravage_compat	结构变体：残暴与掠夺兼容数据包	Repurposed Structures - Savage & Ravage Compat Datapack	hmcl	8949
		repurposed-structures-sawmill-compat		结构变体：锯木机兼容数据包	Repurposed Structures - Sawmill Compat Datapack	hmcl	14346
		repurposed-structures-simply-cats-datapack-compat		结构变体：Simply Cats 兼容数据包	Repurposed Structures - Simply Cats Compat Datapack	hmcl	8994
		repurposed-structures-tidbits-datapack-compat		结构变体：Tidbits 兼容数据包	Repurposed Structures - Tidbits Compat Datapack	hmcl	8996
		repurposed-structures-villagerplus-compat-datapack	repurposed_structures_villagersplus_compat	结构变体：VillagerPlus 兼容数据包	Repurposed Structures - VillagerPlus Compat Datapack	hmcl	9433
		repurposed-structures-wares-compat	repurposed_structures_biome_wares_compat	结构变体：Wares 兼容数据包	Repurposed Structures - Wares Compat Datapack	hmcl	12183
		repurposed-structures-wizards-compat-datapack	repurposed_structures_wizards_compat	结构变体：魔法师兼容数据包	Repurposed Structures - Wizards Compat Datapack	hmcl	9264
		repurposed-structures-yungs-better-nether-fortress	repurposed_structures_yungs_better_nether_fortresses_compat	结构变体：YUNG 的下界要塞优化兼容数据包	Repurposed Structures - Yung's Better Nether Fortress Compat Datapack	hmcl	9695
		reroll	reroll	刷新附魔	Reroll	hmcl	4287
		reroll-forge	reroll	刷新附魔Forge版	Reroll-Forge	hmcl	4918
		reroll-player	reroll	玩家重掷	Reroll Player	hmcl	27308
		resaplingslayer	resaplingslayer	雁雅得枝	ReSaplingslayer	hmcl	15733
		research-table	researchtable	研究台 🔬	Research Table 🔬	hmcl	3304
		resettable-trial-vaults-spawners	resettable_trial_chambers	可重置的试炼宝库与试炼刷怪笼	Resettable Trial Vaults & Spawners	hmcl	27407
		resettleable-traders-forge-fabric	resettleable_traders	流浪商人安家	Resettleable Traders	hmcl	16796
		reshapes	reshapes	重塑饰品	Reshapes	hmcl	27265
		resident-evil-8-mod	re8joymod	生化危机8	Resident Evil 8	hmcl	6317
		resident-evil-8-mod	rejoymod	生化危机8	Resident Evil 8	hmcl	6317
		resolution-controll		分辨率控制++	ResolutionControl++	hmcl	22138
		resolutioncontrol	resolutioncontrol	分辨率控制	Resolution Control/ResolutionControl+	hmcl	5502
		resonantisshelomoh	resonantisshelomoh	同调造物·所罗门	Fabrica Resonantis: Shelomoh	hmcl	21683
		resource-chickens	resourcechickens	资源鸡	Resource Chickens	hmcl	12504
		resource-farm	resource_farm	资源农场	Resource Farm	hmcl	24614
		resource-hogs		资源猪	Resourse Hogs	hmcl	4486
		resource-loader	ResourceLoader	资源加载	Resource Loader	hmcl	1036
		resource-loader	resourceloader	资源加载	Resource Loader	hmcl	1036
		resource-mod-loader	rml	资源模载器	Resource Mod Loader	hmcl	12945
		resource-pack-organizer	resourcepackorganizer	资源包管理器	Resource Pack Organizer	hmcl	1644
		resource-replicator	resource_replicator	资源复制机	Resource Replicator	hmcl	25388
		resource-switcher	resource_switcher	资源切换器	ResourceSwitcher	hmcl	11475
		resource-world	resource_world	资源世界	Resource World	hmcl	19624
		resourceful-bees	resourcefulbees	缤纷蜜蜂	Resourceful Bees	hmcl	3453
		resourcify	resourcify	资源下载机	Resourcify	hmcl	10608
		respawn-delay	respawndelay	延迟重生	Respawn Delay	hmcl	4306
		respawn-delay	respawndelay-fabric	延迟重生	Respawn Delay	hmcl	4306
		respawnable-pets	respawnablepets	宠物可重生	Respawnable Pets	hmcl	4323
		respawning-animals	respawninganimals	动物重生	Respawning Animals	hmcl	11418
		respawning-shulkers	respawningshulkers	潜影贝重生	Respawning Shulkers	hmcl	4305
		respawning-shulkers	respawningshulkers-fabric	潜影贝重生	Respawning Shulkers	hmcl	4305
		respiteful	respiteful	闲暇风味	Respiteful	hmcl	9638
		restore-ore	restore_ore	复原矿石	Restore Ore	hmcl	20842
		restricted-portals	restrictedportals	传送门限制	Restricted Portals	hmcl	1911
		resynth	resynth	神农科技	Resynth	hmcl	1982
		retargetato	retargetato	约谊敌众	ReTargetato	hmcl	15463
		retro-sophisticated-backpacks	retro_sophisticated_backpacks	复古精妙背包	Retro Sophisticated Backpacks	hmcl	18294
		retrofuturemc-lush-cave	retrofuturemc	复古未来 繁茂洞穴	RetroFutureMC Lush Cave	hmcl	18940
		return-by-death-by-lom2333		死亡回归	Return by Death	hmcl	28000
		return-scepter	return_scepter	回程魔杖	Return Scepter	hmcl	20795
		reunmending	unmending	以验垫砧	ReUnmending	hmcl	15737
		revelation-goety-fix	revelationgoetyfix	诡启兼容	RevelationGoetyFix	hmcl	24613
		revenge-mark	revengemark	遗怨待战 / 复仇标记	Revenge Mark	hmcl	16396
		reverie-foundry	reveriefoundry	遐想旅途	Journey of Reverie	hmcl	24848
		reveriegear	reverie_gear	遐想装备	ReverieGear	hmcl	27035
		reverseconnect	reverse_connect	联机反向连接	Reverse Connect	hmcl	27065
		revivetoken	revivetoken	复活币	ReviveToken	hmcl	21344
		rexrayandsupertools	rexray	X光与超级工具：重生	Re:X-ray And Super Tools	hmcl	28643
		rf-windmills	rfwindmill	RF风力发电机	RF Windmills	hmcl	28009
		rftools	rftools	RF工具箱	RFTools	hmcl	397
		rftools-base	rftoolsbase	RF工具：基础	RFTools Base	hmcl	2095
		rftools-builder	rftoolsbuilder	RF工具：建造机	RFTools Builder	hmcl	4561
		rftools-continuation		RF 工具箱：延续	Rftools Continuation	hmcl	13548
		rftools-control	rftoolscontrol	RF工具：控制	RFTools Control	hmcl	818
		rftools-dimensions	rftoolsdim	RF工具：维度	RFTools Dimensions	hmcl	812
		rftools-power	rftoolspower	RF工具：能量	RFTools Power	hmcl	3531
		rftools-storage	rftoolsstorage	RF工具：存储	RFTools Storage	hmcl	4560
		rftools-utility	rftoolsutility	RF工具：实用设备	RFTools Utility	hmcl	3849
		rgb-blocks-forge	rgbblocks	调色方块	RGB Blocks	hmcl	8051
		rhenium	rhenium	铼	Rhenium	hmcl	25824
		rhino	rhino	犀牛	Rhino	hmcl	3821
		rhyme-pvz	rhyme	PVZ：润	Rhyme PVZ	hmcl	18385
		ridable-ender-pearls		可骑乘末影珍珠	Ridable Ender Pearls	hmcl	3409
		riddle-chests	riddlechests	谜题箱	Riddle Chests	hmcl	3041
		ride-casually	ride_casually	随意骑乘	Ride Casually	hmcl	22874
		ride-every-thing	rideeverything	骑乘一切	Ride Every Thing	hmcl	16998
		rideable-ravagers	rideableravagers	可骑乘的劫掠兽	Rideable Ravagers	hmcl	9664
		ridebattle-lib	ridebattlelib	骑士战争库	RideBattleLib	hmcl	23198
		riding-partners	riding_partners	双人骑行	Riding Partners	hmcl	9424
		riding-partners-reforged	riding_partners	双人骑行：重铸	Riding Partners：Reforged	hmcl	17916
		rift-mod-list	riftmodlist	Rift 模组列表	Rift Mod List	hmcl	1433
		right-click-clear	right-click-clear	右键文本清除	Right Click Clear	hmcl	2904
		right-click-harvest	right-click-harvest	右击收割	Right-Click-Harvest	hmcl	5006
		ring-of-attraction-forge	ring_of_attraction	吸引戒指	Ring of Attraction	hmcl	4489
		ring-of-blink-forge	ring_of_blink	闪现戒指	Ring of Blink	hmcl	19476
		ring-of-the-miner-fabric	ring_of_miner	矿工戒指	Ring of the Miner	hmcl	3008
		rings-of-ascension	ringsofascension	提升戒指	Rings of Ascension	hmcl	8577
		rising-uppercut	rising_uppercut	上勾拳	Rising Uppercut	hmcl	4393
		riskofrainmod	riskofrain_items	雨中冒险	Risk of Rain Mod	hmcl	11494
		riteclicker-mod	riteclicker	小石子	RiteClicker Mod	hmcl	1924
		rival-channel-city	rivalchannelminecraftcity	争锋频道：我的世界城	Rival Channel Minecraft City	hmcl	28257
		rl-artifacts		奇异饰品-RLCraft版	RLArtifacts	hmcl	9320
		rlcombat	bettercombatmod	更好的战斗-RLCraft版	RLCombat	hmcl	8881
		roachs-delight-legacy	roach_delight	蟑螂乐/农家悲	Roach's Delight Legacy	hmcl	27892
		road-stuff	roadstuff	道路	Road Stuff	hmcl	1418
		roadweaver	roadweaver	阡陌交通	RoadWeaver	hmcl	22551
		roasted	roasted	烘烤	Roasted	hmcl	8283
		roberts-building-pack	roberts_building_pack	Robert的建筑扩展包	Robert's Building Pack	hmcl	17216
		roberts-game-tweaks	roberts_game_tweaks	Robert的游戏调整	Robert's Game Tweaks	hmcl	20022
		roberts-tooltips	roberts_tooltips	Robert的物品提示	Robert's Tooltips	hmcl	24410
		roboticparts	cyberware	机械改造1.12+	Robotic Parts	hmcl	1616
		rockhounding-mod-core	globbypotato_rockhounding	地质探秘/岩石狩猎	RockHounding	hmcl	1134
		rockhounding-mod-core	rockhounding_chemistry	地质探秘/岩石狩猎	RockHounding	hmcl	1134
		rockhounding-mod-core	rockhounding_core	地质探秘/岩石狩猎	RockHounding	hmcl	1134
		rockhounding-mod-core	rockhounding_oretiers	地质探秘/岩石狩猎	RockHounding	hmcl	1134
		rockhounding-mod-core	rockhounding_rocks	地质探秘/岩石狩猎	RockHounding	hmcl	1134
		rockhounding-mod-core	rockhounding_surface	地质探秘/岩石狩猎	RockHounding	hmcl	1134
		roguelike-dungeons	roguelike	冒险地牢	Roguelike Dungeons	hmcl	915
		roguelike-dungeons-continuation		冒险地牢：延续	Roguelike Dungeons Continuation	hmcl	28379
		roguelike-tower	roguelike_tower	肉鸽塔	Roguelike tower	hmcl	24066
		roguelike-world	roguelikeworld	地牢世界	Roguelike World	hmcl	25406
		rollback	rollbackmod	回溯	Rollback	hmcl	27301
		rolled-homogenous	rha	轧压均质装甲	Rolled Homogenous	hmcl	21938
		rolled-homongenous-forked		轧压均质装甲：分叉版	Rolled Homongenous: Forked	hmcl	27481
		rolling-gate	rolling_gate	卷帘门	Rolling Gate	hmcl	18118
		roof-compatibility-for-tfc-macaw	mcw_tfc_roof	Macaw的屋顶：群峦传说附属	Roof Compatibility for TFC/Macaw	hmcl	9688
		roost	roost	鸡窝	Roost	hmcl	1005
		roots	roots	根源魔法	Roots	hmcl	699
		roots-classic	rootsclassic	根源魔法经典版	Roots Classic	hmcl	1490
		rope-bridge	ropebridge	索桥	Rope Bridge	hmcl	1609
		rope-ladders	ropeladders	绳梯	Rope Ladders	hmcl	5356
		rotarycraft	RotaryCraft	旋转工艺	RotaryCraft	hmcl	85
		rotten-creatures	rotten_creatures	腐烂生物	Rotten Creatures	hmcl	3085
		rotten-creatures	rottencreatures	腐烂生物	Rotten Creatures	hmcl	3085
		rotten-piglins-mod	rotten_piglins	腐朽猪灵	Rotten Piglins	hmcl	4875
		rotten-ruins	corruption	腐朽之疫	Rotten Ruins	hmcl	25485
		rough-blade	legendary_slash	无锋道	Rough Blade	hmcl	18842
		rough-mobs-2	roughmobs	粗暴的怪物2	Rough Mobs 2	hmcl	8171
		rough-mobs-revamped	roughmobsrevamped	粗暴的怪物重置版	Rough Mobs Revamped	hmcl	2603
		rough-render-excessive-eating	hqbdh_user_defined	粗渲滥食	Rough Render Excessive Eating	hmcl	25015
		rough-tweaks	roughtweaks	难度调整	Rough Tweaks	hmcl	1078
		roughly-enough-items	roughlyenoughitems	REI物品管理器	Roughly Enough Items	hmcl	1674
		roughly-enough-professions-rep	roughlyenoughprofessions	REI工作方块	Roughly Enough Professions	hmcl	6323
		router-reborn	routerreborn	路由重生	Router Reborn	hmcl	704
		royal-city-gladiolus-sweep	royal_city_gladiolus_sweep	王城剑兰-清理	Royal City Gladiolus Sweep	hmcl	17858
		royal-guard	royal_guard	皇家守卫	Royal Guard	hmcl	13694
		rpg-backpacks	rpgbackpacks	RPG背包	RPG Backpacks	hmcl	25387
		rpg-rpgae	rpg_tag	RPG天启进化	RPGApocalypticEvolution	hmcl	8718
		rpg-rpgae-neoforge	rpg_tag	RPG天启进化 (NeoForge)	RPGApocalypticEvolution	hmcl	28059
		rpg-stamina	rpgstamina	RPG 耐力	RPG Stamina	hmcl	9449
		rpmtw-update-mod	rpmtw_platform_mod	RPMTW平台模組	RPMTW Platform Mod	hmcl	4376
		rpmtw-update-mod	rpmtw_update_mod	RPMTW平台模組	RPMTW Platform Mod	hmcl	4376
		rrls	rrls	移除重载界面	Remove Reloading Screen	hmcl	9908
		rs-requestify	refinedstoragerequestify	精致存储：请求者	Refined Storage: Requestify	hmcl	1838
		rs-requestify	rsrequestify	精致存储：请求者	Refined Storage: Requestify	hmcl	1838
		rsapotheosisalvaging	rsapotheosisalvaging	RS神化自动回收升级	RS Apotheosis Salvaging	hmcl	28172
		rsinfinitybooster	rsinfinitybooster	RS 无限范围增幅卡	RSInfinityBooster	hmcl	3782
		rslargepatterns	rslargepatterns	精致存储大样板	Refined Storage Large Patterns	hmcl	5023
		rsoncreate	rsoncreate	存力合作	RS on Create	hmcl	28042
		rss-automessage	rss-automessage	RS的自动发送信息	RS's AutoMessage	hmcl	26315
		rtmmetro	rtmmetro	真实火车：地铁扩展	RTMMetro	hmcl	18128
		rts-building-build-from-above	rtsbuilding	RTS视角建造	RTS Building: Build From Above	hmcl	27457
		rubber-duck	rubber_duck	橡皮鸭	Rubber Duck	hmcl	7332
		rubidium	rubidium	铷	Rubidium	hmcl	5608
		rubidium-extra	embeddium_extra	铷 · 扩展	Embeddium (Rubidium) Extra	hmcl	7180
		rubidium-extra	rubidium_extra	铷 · 扩展	Embeddium (Rubidium) Extra	hmcl	7180
		rubidium-extra	sodiumextra	铷 · 扩展	Embeddium (Rubidium) Extra	hmcl	7180
		rubidium-toolkit	rubidium_toolkit	铷 · 工具箱	Rubidium Toolkit	hmcl	7997
		rubiks-cube	rubiks_cube	魔方	Rubiks Cube	hmcl	20470
		rubinated-nether	rubinated_nether	耀红下界	Rubinated Nether	hmcl	17505
		rubybyimxiaoanag	ruby	红宝石	Ruby	hmcl	2246
		ruins-structure-spawning-system	ruins	遗迹	Ruins	hmcl	1860
		rummage	rummage	翻箱倒柜	Rummage	hmcl	25310
		rune-crafting	runes	符文	Runes	hmcl	8897
		runes-of-wizardry	runesofwizardry	符文魔法	Runes-of-Wizardry	hmcl	1209
		runic-dungeons	runicdungeons	符文地牢	Runic Dungeon	hmcl	1218
		runningmapmusic	running_map_music	跑图音乐	RunningMapMusic	hmcl	20497
		runningshoes	runningshoes	跑鞋	Running Shoes	hmcl	15652
		runorama	runorama	全景截图背景	Runorama	hmcl	3170
		ruok	ruokmod	钌	RuOK	hmcl	12055
		rustic	rustic	乡村	Rustic	hmcl	1102
		rustic-delight	rusticdelight	乡村乐事	Rustic Delight	hmcl	16610
		rustic-thaumaturgy	rusticthaumaturgy	神秘乡村	Rustic Thaumaturgy	hmcl	2833
		rusticdelight-refabricated	rusticdelightrefabricated	乡村乐事：重织	RusticDelight: Refabricated	hmcl	16693
		sable-assembly-fix	sableassemblyfix	Sable：装配修复	Sable Assembly Fix	hmcl	28879
		sacameramod	sacameramod	SA的摄像机控制模组	SaCameraMod	hmcl	27372
		sacrifice	sacrifice	祭品/掉落不死亡	Sacrifice	hmcl	23504
		safefall	safefall	你安星好啦	Safefall	hmcl	10954
		safekeystring	safekeystring	安全键位名	SafeKeyString	hmcl	9506
		sagerfx	safx	SA特效	SagerFX	hmcl	13791
		sakaz-hand	sakaz_hand	奇语之手	Sakaz Hand	hmcl	19782
		sakura	sakura	樱	Sakura	hmcl	1841
		sakura-orihime	sakura	樱：织姬	Sakura-Orihime	hmcl	19359
		sakura-reforged	sakura	樱·重制	Sakura Reforged	hmcl	24818
		sakura-tinker	sakuratinker	魂樱工匠	Sakura Tinker	hmcl	18718
		sal-fishs-attribute-lib	sal_fishs_attribute_lib	原味双拼咸鱼罐头	Sal_fish's Attribute Lib	hmcl	28171
		sal-fishs-enchantments	sal_fish_s_enchantment	sal_fish的附魔	sal_fish's enchantments	hmcl	26131
		sal-fishs-hud	sal_fish_s_hud	sal_fish的hud	sal_fish's hud	hmcl	26132
		saltymod	saltmod	盐	SaltyMod	hmcl	884
		salvagingbackpack	salvagingbackpack	神化自动回收背包升级	Salvaging Backpack	hmcl	27643
		sandbag	sandbag	沙袋	Sandbag	hmcl	2629
		sandfilter	sandfilter	砂滤器	Sand Filter	hmcl	15732
		sandy-ores	sandyores	沙子矿石	Sandy Ores	hmcl	6976
		sanguine-arsenal	sanguinearsenal	幻梦：血染武装	Eidolon's Sanguine Arsenal	hmcl	7240
		sanguine-arsenal-reforged	sanguinearsenal	血染武装重铸版	Sanguine Arsenal Reforged	hmcl	14805
		sanity-prequel	sanity	理智：前传	Sanity: Prequel	hmcl	17014
		sao-ui	saoui	刀剑神域UI	Sword Art Online UI / SAO UI	hmcl	439
		saplanting	saplanting	落苗生根	Saplanting	hmcl	5221
		saplingslayer	saplingslayer	鸽子衔枝	SaplingSlayer	hmcl	10603
		satchels	satchels	挎包	Satchels	hmcl	10580
		satiated-shield-fix	satiated_shield_fix	饱腹代偿修复	Satiated Shield Fix	hmcl	25298
		saturationoverflow	zenny3d.saturationoverflow	饱和度溢出	SaturationOverflow	hmcl	4094
		sausagecore	sausage_core	香肠核心	SausageCore	hmcl	2893
		savage-and-ravage	savage_and_ravage	残暴与掠夺	Savage & Ravage	hmcl	3481
		savage-and-ravage	savageandravage	残暴与掠夺	Savage & Ravage	hmcl	3481
		savage-ender-dragon	dragonfight	更凶猛的末影龙	Savage Ender Dragon	hmcl	5034
		save-your-pets	syp	拯救你的宠物	Save Your Pets	hmcl	4825
		savemyrecipebook	smrb	救救我的配方书	SaveMyRecipeBook	hmcl	27475
		savethehorse	savethehorse	哦齁齁齁斯	SaveTheHorse	hmcl	23492
		sawmill	sawmill	锯木机	Sawmill	hmcl	13485
		sayuki	sayuki	咲雪随想	Sayuki Mod	hmcl	27726
		sbm-oil-ore	sbmoilore	油矿石	Oil Ore	hmcl	1610
		sbm-wooden-buckets	woodenbucket	木桶	[SBM] Wooden Buckets	hmcl	22111
		sbm-wooden-shears	woodenshears	木剪刀	Wooden Shears	hmcl	734
		sbr-i-need-more-enchantment	sbr_inme	重锋：施魔更哥	SlashBlade Resharped: I need more Enchantment!!!	hmcl	18862
		sbw-drr	dragonrise_reforge	[SBW]龙之崛起：重铸	DragonRise: Reforge	hmcl	23648
		sbw-wrecked	wrecked	[SBW]残骸系统	[SBW] Wrecked!	hmcl	25058
		scaling-mob-difficulty-fork	scalingmobs	知时修倍	Scaling Mob Difficulty Fork	hmcl	16378
		scannable	scannable	扫描器	Scannable	hmcl	791
		scannable-unofficial	scannable_unofficial	扫描器：非官方版	Scannable Unofficial	hmcl	27828
		scape-and-run-holiday	srpholiday	逃逸：节日	Scape and Run: Holiday	hmcl	17586
		scape-and-run-meshi	srpmeshi	逃逸：寄生饭	Scape and Run: Meshi	hmcl	16694
		scape-and-run-monstress	srmonstress	逃逸：魔物娘	Scape and Run: Monstress	hmcl	5929
		scape-and-run-parasite-dimension	eextra	逃逸：寄染之世	Scape and Run: Dimension	hmcl	17238
		scape-and-run-parasite-oil	srpoil	逃逸：油炸寄生体	Scape and Run: Parasites Oil	hmcl	27776
		scape-and-run-parasites	srparasites	逃逸：寄生体	Scape and Run: Parasites	hmcl	3625
		scape-and-run-parasites-aether	srpaether	逃逸：疫染天境	Scape and Run: Parasites Aether	hmcl	24529
		scape-and-run-parasites-deep-sea-danger	srpdeepseadanger	逃逸：寄生体深海危机	Scape and Run: Parasites Deep Sea Danger	hmcl	19910
		scape-and-run-parasites-extra	srpextra	逃逸：寄生体扩展	Scape and Run: Parasites Extra	hmcl	17169
		scape-and-run-parasites-halloween	srphalloween	逃逸：寄生体万圣节	Scape and Run: Parasites Halloween	hmcl	24420
		scape-and-run-parasites-meteorite	srpmeteor	逃逸：祸从天降	Scape and Run: Parasites Meteorite	hmcl	17224
		scape-and-run-parasites-mutant-beasts	srpmutantbeasts	逃逸：寄染突变体	Scape and Run: Parasites Mutant Beasts	hmcl	18789
		scape-and-run-parasites-quark	srpquark	逃逸：疫染夸克	Scape and Run: Parasites Quark	hmcl	17848
		scape-and-run-parasites-twilight	srptwilight	逃逸：疫染暮色	Scape and Run: Parasites The Twilight Forest	hmcl	25731
		scape-and-spartan-parasites	swparasites	寄体斯巴达	Scape and Spartan: Parasites	hmcl	16835
		scarecrows		稻草人	Scarecrows	hmcl	4667
		scarecrows-territory	scarecrowsterritory	稻草人领域	Scarecrows' Territory	hmcl	4687
		scenter-mod	scenter	矿物追踪	Scenter	hmcl	248
		schematicannon-processing-pattern	schematicannon_processing_pattern	蓝图加农炮处理样板	Schematicannon Processing Pattern	hmcl	25738
		schematicannon-processing-pattern	schematicanon_processing_pattern	蓝图加农炮处理样板	Schematicannon Processing Pattern	hmcl	25738
		schematicpreview	schematicpreview	原理图预览	SchematicPreview	hmcl	18715
		schizophrenia	schizophrenia	精神分裂症	Schizophrenia	hmcl	19752
		schmucks	schmucks	小阿呆	Schmucks!	hmcl	4324
		school-mod-forge-1-14	schoolmod	学校	School Mod	hmcl	324
		schools-of-magic	SchoolsMagic	魔法学院	Schools of Magic	hmcl	736
		schools-of-magic-mod	som	魔法王国	Magic Kingdoms Mod/Schools of Magic Mod	hmcl	2038
		schools-of-magic-second-semester	schoolsofmagic	魔法学校：第二学期	Schools of Magic: Second Semester	hmcl	4549
		schwarz	schwarz	黑	Schwarz	hmcl	4510
		sciophobia	sciophobia	全局自定义文本阴影渲染	Sciophobia	hmcl	16964
		scootys-plants-vs-zombies	scootys_pvz	Scooty的植物大战僵尸重生	Scootys Plants Vs. Zombies Regrown	hmcl	3899
		scootys-plants-vs-zombies-2	scootys_pvz2	Scooty的植物大战僵尸2	Scooty's Plant Vs. Zombies 2	hmcl	4545
		scootys-scp-lockdown-extras	scootys_scp_mod	SCP重型收容区扩展	SCP: Lockdown Heavy Containment Zone Expansion	hmcl	1889
		scorched-guns-maid-compat	scg2_maid_compat	赤焦枪械：女仆兼容	Scorched Guns: Maid Compat	hmcl	28434
		scorchful	scorchful	焦土	Scorchful	hmcl	14700
		scoreboard-get-time	nowtime	记分板获取时间	scoreboard get time	hmcl	10459
		scourge	scourge	天灾	Scourge	hmcl	28669
		scoutreforked	scoutreforked	侦察兵 重构	Scout Reforked	hmcl	20164
		scp-craft-decline	scpcraft	SCPCraft - 下降	SCPCraft - Decline	hmcl	2017
		scp-lockdown	scp	SCP基金会：封锁	SCP: Lockdown	hmcl	1381
		scp-reborn	scp	SCP：重生	SCP: Reborn	hmcl	22095
		screenshot-browser	screenbrowser	内置截图管理器	Screenshot Browser	hmcl	2233
		screenshot-flash	flash	一闪	Screenshot Flash / Flash	hmcl	16317
		screenshot-sharing	screenshotsharing	屏幕截图分享/移影睹展	ScreenshotSharing	hmcl	13916
		screenshot-to-clipboard	screenshotclipboard	截图到剪贴板	Screenshot to Clipboard	hmcl	2733
		screenshot-viewer	screenshot_viewer	截图查看器	Screenshot Viewer	hmcl	8912
		screenshot-with-coords	screenshot_with_coords	带标截图	Screenshot with Coords	hmcl	19072
		screenshots-enhanced	screenshots	截图增强	Screenshots Enhanced	hmcl	14765
		scriptor-magicae	scriptor	字符魔法师	Scriptor Magicae	hmcl	8967
		scroll-tweaks	scrolltweaks	鼠标滚轮调整	Scroll Tweaks	hmcl	16996
		scroll-wheel-command	scroll_whell_command	滚轮命令	Scroll Wheel Command	hmcl	21656
		scs-spell-combo-system-irons-spells-addon	spell_combo_system	法术连击系统	Spell Combo System - Iron's Spells Addon	hmcl	28802
		scuba-gear	scuba_gear	潜水装备	Scuba Gear	hmcl	3404
		sculk-horde	sculkhorde	幽匿部落	Sculk Horde	hmcl	10033
		sculkandjaw	ycpk	幽匿与钳合	Sculk And Jaw	hmcl	24389
		sculpture	sculpture	生物雕像	Sculpture	hmcl	22405
		sdm-loot-stages	lootstages	战利品阶段	SDM Loot Stages	hmcl	11663
		se-sign-shop	sesignshop	简单经济：牌子商店	SE: Sign Shop	hmcl	4051
		seamless-loading-screen	seamless_loading_screen	无缝加载界面	Seamless Loading Screen	hmcl	3912
		searchable-chests	searchablechests	箱子搜索栏	Searchable Chests	hmcl	1903
		searchable-containers	searchablecontainers	可搜索容器	Searchable Containers	hmcl	4098
		searchcarefully	searchcarefully	仔细搜刮	SearchCarefully	hmcl	24419
		searchlight-forge	searchlight	探照灯	Searchlight (& Wall Lights)	hmcl	10456
		seasonal-bees	seasonal_bees	季节性蜜蜂	Seasonal Bees	hmcl	2360
		seasonal-cherries	seasonalcherries	季节樱花	Seasonal Cherries	hmcl	27709
		seasonal-decorations	seasonal_decorations	🎄 季节性装饰	🎄 Seasonal Decorations	hmcl	23599
		seasonals	seasonals	季节风味	Seasonals	hmcl	4668
		secret-rooms-unofficial		密室-非官方版	SecretRooms-Unofficial	hmcl	28766
		secretroomsmod	secretroomsmod	密室	SecretRoomsMod	hmcl	12
		security-craft	securitycraft	安全工艺	Security Craft	hmcl	443
		see-the-rarities-str	str	查看稀有度	See The Rarities	hmcl	18839
		seed-delight	seeddelight	种子乐事	Seed Delight	hmcl	14739
		seed-delight	seedsdelight	种子乐事	Seed Delight	hmcl	14739
		seeking-immortals-nightmare	seeking_immortals	月之石：噩梦之章/求仙者：噩梦之章	Moonstone :Nightmare/Seeking Immortals : Nightmare	hmcl	19566
		seeking-immortals-virus	seeking_immortal_virus	月之石：基因计划/求仙者：基因计划	Moonstone :Virus/Seeking Immortals :Virus	hmcl	19595
		sekwah41s-naruto-mod	narutomod	sekwah41的火影忍者	sekwah41's Naruto Mod	hmcl	1317
		selectlative	selectlative	选择性成就共享	Selectlative	hmcl	12615
		serene-seasons	sereneseasons	静谧四季/季节	Serene Seasons	hmcl	1132
		serene-seasons-api-stub-ecliptic-seasons-bridge	sereneseasons	静谧四季兼容桥	Serene Seasons API Stub / Ecliptic Seasons Bridge	hmcl	25276
		serene-seasons-fix	sereneseasonsfix	静谧四季修复	Serene Seasons Fix	hmcl	9036
		serene-seasons-harvestcraft2-compat	sereneseasonsphc2	静谧四季 - 潘马斯农场 2：作物兼容	Serene Seasons - Pam's HarvestCraft 2: Crops Compat	hmcl	7584
		servantry	servantry	仆从学	Servantry	hmcl	26918
		server-chat-history	chathistory	服务端聊天历史	Server Chat History	hmcl	8966
		server-holograms	holograms	全息图	Holograms	hmcl	5702
		server-i18n-api-reborn	server_i18n_api_reborn	Server I18n API 重生版	Server I18n API (Reborn)	hmcl	28201
		server-properties-for-lan	splan	简单联机	Server.Properties for LAN	hmcl	1158
		server-redirect	serverredirect	服务器重定向	Server Redirect	hmcl	6534
		server-sided-chunk-loader	server_side_chunk_loader	服务器端区块加载器	Server Sided Chunk Loader	hmcl	3331
		server-waypoint	server_waypoint	服务器路径点	Server Waypoint	hmcl	28230
		serverofflineauth	server_offline_auth	服务器离线认证	ServerOfflineAuth	hmcl	25398
		serversync	serversync	服务器同步	ServerSync	hmcl	1723
		set-effects	set_effects	套装效果	Set Effects	hmcl	19544
		setcraftjs	setcraftjs	套装效果	SetCraftJS	hmcl	23722
		seven-stars-api	sevenstars-api	七星 API	Seven Stars API	hmcl	28527
		sg-craft	SGCraft	格雷的星门	Greg's SG Craft	hmcl	1013
		shader-fixer	shadersfixer	光影修复	Shader fixer	hmcl	14745
		shaderfixerragecraftver		光影修复：Ragecraft 版	ShaderFixerRagecraftVer	hmcl	23612
		shadow-x-netherite-scrap-from-piglin-brutes	netheritescrapfrompiglinbrutes	猪灵蛮兵掉落下界合金碎片	Netherite Scrap From Piglin Brutes	hmcl	16641
		shadowlands	shadowlands	暗影之地	Shadowlands	hmcl	2894
		shadowlands	shadowlands	暗影之地 4	Shadowlands 4	hmcl	28752
		shadows-of-greg	gregtech	格雷之影	Shadows of Greg	hmcl	2044
		shadows-of-greg	gtadditions	格雷之影	Shadows of Greg	hmcl	2044
		shanghai-metro-line-one-mod	shanghai-metro-line-one-mod	上海地铁一号线	Shanghai Metro Line One Mod	hmcl	19216
		shanxi-skeleton	shanxiskeleton	山西骷髅	Shanxi Skeleton	hmcl	20033
		shape-shifter-curse	shape-shifter-curse	幻形者诅咒	Shape Shifter Curse	hmcl	20760
		shape-shifter-curse-addon	ssc-addon	幻形者诅咒扩展包	Shape Shifter Curse Addon	hmcl	24327
		shape-shifter-curse-unofficial-port	shape-shifter-curse-unofficial	幻形者诅咒非官方版	Shape Shifter Curse-Unofficial Port	hmcl	27112
		shared-ender-chest	sharedechest	共享末影箱	Shared Ender Chest	hmcl	6735
		shared-resource-packs	sharedresourcepacks	共享资源包	Shared Resource Packs	hmcl	872
		shield-mechanics	shieldmechanics	盾牌机制优化	Tactical Shield Overhaul / Shield Mechanics	hmcl	7811
		shields-plus	sp	更多盾牌	Shields Plus	hmcl	1327
		shimmer	shimmer	微光	Shimmer	hmcl	6499
		shincollecraft	shincolle	深海舰队收藏	ShinColle	hmcl	412
		shinnyladders	shinnyladders	发光梯子/洇荧登纵	Shinny Ladders	hmcl	12703
		shipping-box	shipping_box	售货箱	Shipping Box	hmcl	25059
		ships-mod	ships	船	Ships Mod	hmcl	2254
		ships-mod-unofficial	ship	船：非官方版	Cuchaz Ships Unofficial	hmcl	10621
		shipwreck-fix	shipwreckfix	沉船修复/沉船卡顿优化	Shipwreck Fix	hmcl	18208
		shootscreen	shoot_screen	拍屏	ShootScreen	hmcl	19695
		short-players	shortplayers	矮玩家	Short Players	hmcl	23212
		shoulder-surfing-reloaded	shouldersurfing	越肩视角重制	Shoulder Surfing Reloaded	hmcl	3305
		show-all-advancements	showalladvancements	显示所有进度	Show All Advancements	hmcl	20407
		show-me-the-enchantment	showmetheenchantment	怎魔，你不附器	Show Me The Enchantment	hmcl	20159
		showercore	showercore	洗浴核心	Shower Core	hmcl	23766
		shrunkgateway	shrunkgateway	微缩天辉星门	Shrunkgateway	hmcl	26765
		shulkerboxdisplay		潜影盒显示器	ShulkerBoxDisplay	hmcl	1963
		shulkerboxtooltip	shulkerboxtooltip	潜影盒提示框	Shulker Box Tooltip	hmcl	2611
		shurlin	shurlin	仙灵	Shurlin	hmcl	3100
		shutup-experimental-settings	shutupexperimentalsettings	禁用实验性设置警告	Shutup Experimental Settings!	hmcl	3448
		sight	sight	视域	Sight	hmcl	13579
		sign-edit-lite	signeditlite	告示牌编辑轻量版	Sign Edit Lite	hmcl	16305
		sign-to-chat	sst_tcs	阅言得知/聊天栏读取告示牌	Sign to Chat	hmcl	16597
		signal	signal	讯号	Signal	hmcl	4168
		signals	Signals	信号	Signals	hmcl	813
		signals	signals	信号	Signals	hmcl	813
		signboard-preview	signboardpreview	告示牌预览	SignBoard Preview	hmcl	18586
		signpicture	signpic	告示牌图片	Sign Picture	hmcl	2438
		signpost	signpost	路标	Signpost	hmcl	1934
		silence	silence	快速静音	Silence!	hmcl	6406
		silent-gear	silentgear	寂静装备	Silent Gear	hmcl	2791
		silent-gear-jei	silentgearjei	寂静装备JEI	Silent Gear JEI	hmcl	24959
		silent-river-in-the-nether	silentriverinthenether	炎液断蒸	Silent River In The Nether	hmcl	10792
		silents-delight	silentsdelight	幽匿乐事	Silent's Delight	hmcl	14856
		silents-gems	silentgems	寂静宝石	Silent's Gems	hmcl	1362
		silents-gems-extra-parts	sgextraparts	寂静宝石：额外部件	Silent's Gems: Extra Parts	hmcl	1367
		silents-gems-tic-support	silentgemstic	寂静宝石：匠魂支持	Silent's Gems: TiC Support	hmcl	1364
		silents-mechanisms	silents_mechanisms	寂静机械	Silent Mechanisms	hmcl	3307
		siliconedolls	silicone_dolls	硅胶玩偶	SiliconeDolls	hmcl	18248
		silk-api	silk-api	丝绸开发库	Silk API	hmcl	12843
		silveroak-outpost	silveroakoutpost	银橡前哨	Silveroak Outpost	hmcl	3203
		sim-u	sim	模拟城市/模拟大都市		hmcl	5907
		sim-u-kraft-old	ashjacksimukraftreloaded	模拟城市	Sim-U-Kraft	hmcl	489
		sim-u-kraft-reloaded	suk2	模拟城市重置版	Sim-U-Kraft Reloaded	hmcl	7453
		simcraft-minecraft	simcraft	模拟人生	Simcraft	hmcl	183
		simple-backpack-fabric	simple_backpack	简单背包	Simple Backpack	hmcl	2664
		simple-backups	simplebackups	简单备份	Simple Backups	hmcl	12986
		simple-bbq	simplebbq	简易烧烤	Simple BBQ	hmcl	7191
		simple-bbq-unofficial	simplebbq	简易烧烤非官方版	Simple BBQ Unofficial	hmcl	18442
		simple-block-game	simple_block_game	简单的方块游戏	Simple Block Game	hmcl	27501
		simple-camp-fire	campfire	简单营火	Simple Camp Fire	hmcl	4844
		simple-castles	simple_castle	简单城堡	Simple Castles	hmcl	27509
		simple-corn	simplecorn	简单玉米	Simple Corn	hmcl	1007
		simple-crop-harvester	sch	简易农作物收割	Simple Crop Harvester	hmcl	21654
		simple-delights	simpledelights	简单乐事	Simple Delights	hmcl	6652
		simple-delights-recooked	simpledelights	重启爽食/简单乐事：再烹饪	Simple Delights Recooked	hmcl	16459
		simple-dimensions	simpledimensions	简单维度	Simple Dimensions	hmcl	14254
		simple-diving-gear	simpledivegear	简单的潜水装备	Simple Diving Gear	hmcl	1536
		simple-drawers	simpledrawers	简单的抽屉	Simple Drawers	hmcl	3577
		simple-enhancement	simple_enhancement	战斗增强	Simple Enhancement	hmcl	27804
		simple-faqi	simplefaqi	简单法器	Simple FaQi	hmcl	17666
		simple-farming	simplefarming	简单农业	Simple Farming	hmcl	1874
		simple-flight	DP_SimpleFlight	简单的飞行	Simple Flight	hmcl	1408
		simple-gamemodes	simple_gamemodes	游戏模式短指令	Simple Gamemodes	hmcl	3227
		simple-gamemodes	simplegamemodes	游戏模式短指令	Simple Gamemodes	hmcl	3227
		simple-generators	simplegenerators	简易发电机	Simple Generators	hmcl	3340
		simple-grinder	simplegrinder	简易研磨机	Simple Grinder	hmcl	1706
		simple-item-blacklist	item_blacklist	简易物品黑名单	Simple Item Blacklist	hmcl	21714
		simple-login	simplelogin	简单登录	Simple Login	hmcl	1557
		simple-machinery	simplemachinery	简单机器	Simple Machinery	hmcl	2687
		simple-magnets	simplemagnets	简易磁铁	Simple Magnets	hmcl	5819
		simple-minesweeper	simple_minesweeper	简单的扫雷	Simple Minesweeper	hmcl	25017
		simple-music-control	simple_music_control	简单音乐控制	Simple Music Control	hmcl	27225
		simple-npc		简单NPC	Simple NPC	hmcl	28693
		simple-ore-generation	simpleoregen	简单的矿石生成	Simple Ore Generation	hmcl	10902
		simple-paraglider	simple_paraglider	简易滑翔翼	Simple Paraglider	hmcl	21413
		simple-parkour	parkour	简单跑酷	Parkour	hmcl	27799
		simple-pizzas	pizzamaking	简单比萨	Simple Pizzas	hmcl	13196
		simple-pizzas	pizzas	简单比萨	Simple Pizzas	hmcl	13196
		simple-planes	simpleplanes	简单飞机	Simple Planes	hmcl	2681
		simple-shops	simpleshops	简单商店	Simple Shops	hmcl	12858
		simple-smeltery-accelerator	simplesmelteryaccelerator	匠魂冶炼炉加速器	Simple Smeltery Accelerator	hmcl	2793
		simple-storage-network	storagenetwork	简单存储	Simple Storage Network	hmcl	1714
		simple-teleporters	lteleporters	简易传送器	Simple Teleporters	hmcl	4731
		simple-teleporters	simpleteleporters	简易传送器	Simple Teleporters	hmcl	4731
		simple-tomb	simpletomb	简单坟墓	Simple Tomb	hmcl	4613
		simple-trading-device	simple_trading_device	简易交易器	Simple Trading Devices	hmcl	28455
		simple-translation	simpletranslation	简单翻译	Simple Translation	hmcl	4941
		simple-underground-biomes	simpleundergroundbiomes	简单地下生物群系	Simple Underground Biomes	hmcl	1299
		simple-usage-log	simpleusagelog	简易日志	Simple Usage Log	hmcl	868
		simple-voice-chat	voicechat	简单的语音聊天	Simple Voice Chat	hmcl	3693
		simple-void-world	simplevoidworld	简单虚空世界	Simple Void World	hmcl	788
		simple-warp-commands	simple_warp_commands	简单传送指令	Simple warp commands	hmcl	18068
		simple-world	life	简单世界	Simple World	hmcl	28204
		simple2048	simple2048	简单的2048	Simple 2048	hmcl	24721
		simplebackhome	simplebackhome	简单回家	SimpleBackHome	hmcl	21881
		simplecore-api	simplecorelib	简单前置	SimpleCore API / SimpleCoreLib	hmcl	2141
		simpledifficulty	simpledifficulty	坚定意志	SimpleDifficulty	hmcl	2805
		simpleeco	simpleeco	简单经济	SimpleEconomy	hmcl	4022
		simpleharvest	simpleharvest	简单收获	Simple Harvest	hmcl	1276
		simplehats	simplehats	简单帽子	Simple Hats	hmcl	8846
		simpleleather	simpleleather	腐肉烧皮革	SimpleLeather	hmcl	1194
		simpleores	simpleores	简单矿石	SimpleOres	hmcl	64
		simplesorter	simple_sorter	简单整理	SimpleSorter	hmcl	20655
		simplesorterr	simplesorter	简单R键整理	SimpleSorterR	hmcl	25415
		simpletppro	simpletppro	简单的传送	SimpletpPro	hmcl	26914
		simplex-terrain-generation	simplexterrain	Simplex地形生成器	Simplex Terrain Generation	hmcl	4953
		simply-acceleration	simplyacceleration	简单加速	Simply Acceleration	hmcl	4231
		simply-backpacks	simplybackpacks	简易背包	Simply Backpacks	hmcl	3061
		simply-bows-epic-fight		Simply Bows | 史诗战斗	Simply Bows Epic Fight	hmcl	26575
		simply-conveyors-more	simplyconveyors	简易传送带	Simply Conveyors & More	hmcl	6440
		simply-improved-terrain	simplyimprovedterrain	简单地形改进	Simply Improved Terrain	hmcl	22895
		simply-jetpacks	simplyjetpacks	简易喷气背包	Simply Jetpacks	hmcl	487
		simply-jetpacks-2	simplyjetpacks	简易喷气背包2	Simply Jetpacks 2	hmcl	784
		simply-light	simplylight	更好的灯	Simply Light	hmcl	2318
		simply-more-epic-fight		简易刀剑附属 | 史诗战斗	Simply More | Epic Fight	hmcl	23586
		simply-quarries	simplyquarries	简易采石场	Simply Quarries	hmcl	5688
		simply-seasons	simplyseasons	简单季节	Simply Seasons	hmcl	4182
		simply-swords	simplyswords	简易刀剑	Simply Swords	hmcl	7736
		simply-swords-epicfied	simply_epicfied	简易刀剑 | 史诗战斗	Epic Fight | Simply Swords EpicFied 2	hmcl	23510
		simply-swords-epicfight-repair		简易刀剑|史诗战斗修复	Simply Swords | Epicfight Repair	hmcl	23509
		simply-tea	simplytea	简单的茶！	Simply Tea!	hmcl	3597
		simply-tents-blacklist	simplytentsblacklist	简易帐篷：黑名单	Simply Tents Blacklist	hmcl	26076
		simulated-nights	simulatednights	夜晚模拟	Simulated Nights	hmcl	838
		single-use-crafting-table-mod	otc	一次性工作台	Single-Use Crafting Table Mod	hmcl	2013
		singularities	singularities	奇点	Singularities	hmcl	3071
		sinocate	cate	肴馔	SinoCate	hmcl	5714
		sinocore	sinocore	华夏核心	SinoCore	hmcl	15622
		sinytra-connector	connector	信雅互联	Sinytra Connector	hmcl	11627
		sinytra-connector	connectormod	信雅互联	Sinytra Connector	hmcl	11627
		sips	sips	更多液体容器	Sips	hmcl	1842
		sit	sit	席地而坐	Sit	hmcl	1656
		sjap	flammpfeil.slashblade	拔刀剑日系附属包	SlashBlade Japanese Addon Pack	hmcl	1428
		sjap	slashblade.addonpack	拔刀剑日系附属包	SlashBlade Japanese Addon Pack	hmcl	1428
		sjap	slashblade_addon	拔刀剑日系附属包	SlashBlade Japanese Addon Pack	hmcl	1428
		sk1llful	skillful	身怀绝技	Skillful	hmcl	9652
		skeletalband	skeletalband	骷髅乐队乐谱	SkeletalBand	hmcl	14947
		skeletdimension	SkeletonModID	骷髅维度	SkeletDimension	hmcl	4013
		skeleton-ai-fix	skeletonaifix	骷髅 AI 修复	Skeleton AI Fix	hmcl	19618
		skeleton-horse-spawn	skeletonhorsespawn	骷髅马生成微调	Skeleton Horse Spawn	hmcl	11059
		skewers		烤串	Skewers	hmcl	2191
		skewers-reflavored	skewers	串起酥食/烤串：再调味	Skewers Reflavored	hmcl	16424
		skewers-updated	skewers	烤串更新版	Skewers Updated	hmcl	5357
		skiing2	skiing	滑雪	Skiing2	hmcl	21563
		skill-slots	skillslots	技能槽	Skill Slots	hmcl	11240
		skillcore	skillcore	技能核心	SkillCore	hmcl	28581
		skills-firearms	skillscgm	技能：枪械	Skills: Firearms	hmcl	9676
		skills-firearms	skillsfirearms	技能：枪械	Skills: Firearms	hmcl	9676
		skills-v	skillsvanilla	技能：香草	Skills: Vanilla	hmcl	9668
		skilltree	skill	技能树	Skill	hmcl	28284
		skin-layers-3d	skinlayers	3D 皮肤层	Skin Layers 3D	hmcl	4618
		skin-layers-3d	skinlayers3d	3D 皮肤层	Skin Layers 3D	hmcl	4618
		skin-layers-3d-legacy		3D 皮肤层：传承	Skin Layers 3D (Legacy)	hmcl	28163
		skin-swapper	skinswapper	皮肤更换器	Skin Swapper	hmcl	5040
		skinned-lanterns	skinnedlanterns	灯笼皮肤	Skinned Lanterns	hmcl	4666
		skinport	skinport	皮肤移植	SkinPort	hmcl	2700
		skniros-furniture	skniro_furniture	Skniro的家具	Skniro's Furniture	hmcl	26835
		skull-craft	skullcraft	头颅工艺	Skull Craft	hmcl	7050
		skullskinless	skullskinless	头颅无皮肤/易颜得帧	SkullSkinless	hmcl	20685
		sky-bonsais	skybonsais	天空盆栽	Sky Bonsais	hmcl	3109
		sky-breaker	skybreaker	天穹突破	Sky Breaker	hmcl	16612
		sky-breaker-blue-skies-limit-remover-1-18-2	skybreaker	天穹突破_1.18.2	Sky Breaker_1.18.2	hmcl	18011
		sky-islands	skyislands	空岛世界	Sky Islands	hmcl	28068
		sky-logistics	skylogistics	天穹物流	Sky Logistics	hmcl	28360
		sky-orchards	sky_orchards	天空果园	Sky Orchards	hmcl	1625
		sky-resources	skyresources	空岛资源2	Sky Resources2	hmcl	1164
		sky-villages-farmers-delight-compat		天空村庄 - 农夫乐事兼容	Sky Villages - Farmer's Delight Compat	hmcl	22763
		sky-villages-forge	skyvillages	天空村庄	Sky Villages	hmcl	5142
		sky-villages-supplementaries-compat		天空村庄 - 锦致装饰兼容	Sky Villages - Supplementaries Compat	hmcl	22762
		sky-villages-waystones-compat		天空村庄 - 传送石碑兼容	Sky Villages - Waystones Compat	hmcl	22761
		skyblock-builder	skyblockbuilder	空岛建立者	Skyblock Builder	hmcl	3764
		skyresources3	skuresources	空岛资源3	Sky Resources3	hmcl	27898
		slab-helper	slabhelper	半砖小帮手	Slab Helper	hmcl	2776
		slab-machines	slabmachines	台阶型设备	Slab Machines	hmcl	3780
		slab-topographic	slab_topographic	自然台阶	slab topographic	hmcl	23639
		slash	Slash	命令强化	Slash	hmcl	466
		slashbalde-useful-addon	slashbalde_useful_addon	拔刀剑实用扩展	Slashbalde Useful Addon	hmcl	19391
		slashblade	flammpfeil.slashblade	拔刀剑	SlashBlade	hmcl	366
		slashblade	slashblade	拔刀剑2	SlashBlade 2	hmcl	2843
		slashblade-amazingshining	slashbladeamazingshine	荧光惊异	SlashBlade:AmazingShining	hmcl	26452
		slashblade-colseweaponinsystem	slashblade_cws	近距长兵·重解	SlashBlade: ColseWeaponInSystem	hmcl	26458
		slashblade-double-edged-reforged	double_edged_reforged	拔刀剑：双刃重铸	SlashBlade: Double Edged Reforged	hmcl	28711
		slashblade-fabric-addons	slashblade_fabric_addons	拔刀剑：重织附属包	SlashBlade Fabric Addons	hmcl	22412
		slashblade-frostbite-snowbloom	frostbite_snowbloom	拔刀剑：雪蚀绽霜	SlashBlade: Frostbite Snowbloom	hmcl	23569
		slashblade-gamerelic	srelic	游戏扩增·异界之刃	SlashBladeGameRelic	hmcl	16678
		slashblade-hf-blade	energyblade	拔刀剑：高频刀	SlashBlade: HF Blade	hmcl	21987
		slashblade-in-tfc	slashblade_tfc	古刀传	Slash Blade in TFC	hmcl	1151
		slashblade-inspect	slashblade_inspect	拔刀剑：视检	SlashBlade Inspect	hmcl	27199
		slashblade-japanese-addon-pack-adder	sjap_adder	拔刀剑·日系附属·扩展包	SJAPA·The SlashBlade EXtra	hmcl	23265
		slashblade-japanese-addon-pack-reforked	ex_blades	拔刀剑日系附属重置版	SlashBlade Japanese Addon Pack Reforked	hmcl	13203
		slashblade-js	sbjs	拔刀剑 JS	SlashBlade JS	hmcl	19585
		slashblade-mobs	slashblade_mobs	拔刀生物	SlashBlade Mobs	hmcl	25670
		slashblade-model-warmup	sbmwu	拔刀剑：模型预热	SlashBlade Model WarmUp	hmcl	25049
		slashblade-murasame	murasame	拔刀剑：丛雨丸	Slashblade Murasame	hmcl	21602
		slashblade-refabricated	slashblade	拔刀剑：重织	SlashBlade: Refabricated	hmcl	21396
		slashblade-resharped	slashblade	拔刀剑：重锋	SlashBlade: Resharped	hmcl	14899
		slashblade-resharped-renderfix-patch	resharped_renderfix_patch	拔刀剑：重锋 渲染修复补丁	SlashBlade Resharped RenderFix Patch	hmcl	16753
		slashblade-resharped-yamazakura	yamazakura	拔刀剑重锋 · 山樱之刃	SlashBlade Resharped: Yamazakura	hmcl	26936
		slashblade-shinku-and-blood-katana	shinkubloodkatana	炼狱真红之刃	SlashBlade: Shinku And Blood Katana	hmcl	23268
		slashblade-skin	slashbladeskin	拔刀皮肤	SlashBlade Skin	hmcl	19964
		slashblade-thebladechronicles	blade_chronicles	刀绘卷	SlashBlade: Egotachi	hmcl	26457
		slashblade-twin-attack	sbtwinattack	拔刀剑：连携攻击	SlashBlade Twin Attack	hmcl	18924
		slashblade-ununextremeaddon	sbuue	拔刀剑重锋—一点也不极端的拓展	SlashBladeUnUnExtremeAddon	hmcl	25019
		slave-mark	slave_mark	抗争证明	Mark of Revolution	hmcl	25957
		sleep-sooner	sleepsooner	早点睡	Sleep Sooner	hmcl	4304
		sleep-sooner	sleepsooner-fabric	早点睡	Sleep Sooner	hmcl	4304
		sleeping-bag	SleepingBag	睡袋	Sleeping Bag	hmcl	781
		sleeping-bags	sleeping_bags	睡袋	Sleeping Bags	hmcl	3714
		sleepy-hollows	sleepy_hollows	沉眠空谷	Sleepy Hollows	hmcl	16950
		slice-by-slice	slicebyslice	片片俱到	Slice by Slice	hmcl	27960
		slight-gui-modifications	slight-gui-modifications	界面微调	'Slight' Gui Modifications	hmcl	3503
		slime-carnage	SlimeCarnage	史莱姆杀戮	Slime Carnage	hmcl	5120
		slime-delight	slime_delight	黏液乐事	Slime Delight	hmcl	15025
		sll	villagers	逆向交易	sɹǝƃɐllᴉΛ	hmcl	3896
		slotlock	slotlock	锁定槽	SlotLock	hmcl	4610
		slurp	slurp	啜饮	Slurp	hmcl	1220
		small-horse-stable	smallhorsestable	小型马厩	Small Horse Stable	hmcl	15773
		small-viking-villager-house	small_viking_villager_house	小型维京村民房屋	Small Viking Villager House	hmcl	26414
		small-wagons	small_wagons	小型马车	Small Wagons	hmcl	26430
		smallstairs	smallstairs	小楼梯	Small Stairs	hmcl	22170
		smart-creeper	smartcreeper	智慧苦力怕	Smart Creeper	hmcl	19954
		smart-key-prompts	smartkeyprompts	灵活按键提示	SmartKeyPrompts	hmcl	20570
		smart-moving	SmartMoving	灵活动作	Smart Moving	hmcl	65
		smart-moving	smartmoving	灵活动作	Smart Moving	hmcl	65
		smart-villagers-follow-emeralds	smart-villagers-follow-emeralds	见钱眼开	Smart Villagers Follow Emeralds	hmcl	11171
		smartcursor	SmartCursor	智能指针	SmartCursor	hmcl	19026
		smarter-farmers-farmers-replant	farmersreplant	更聪明的农夫	Smarter Farmers / Farmers Replant	hmcl	4652
		smarter-farmers-farmers-replant	smarterfarmers	更聪明的农夫	Smarter Farmers / Farmers Replant	hmcl	4652
		smartercontraptionstorage	smartercontraptionstorage	智能动态结构存储	SmarterContraptionStorage	hmcl	15306
		smartpot	smart_pot	智能锅	SmartPot	hmcl	16480
		smidgeon-o-bliss	sob	片刻满足	Smidgeon O' Bliss	hmcl	12488
		smidgeon-o-bliss-remastered	sob	片刻满足 重置版	Smidgeon o' Bliss REMASTERED	hmcl	20481
		smooth-boot	smoothboot	流畅加载	Smooth Boot	hmcl	3422
		smooth-boot-reloaded	smoothboot	流畅加载重置版	Smooth Boot Reloaded	hmcl	6852
		smooth-chunk-save	smoothchunk	平滑区块保存	Smooth Chunk Save	hmcl	6170
		smooth-chunks	smooth-chunks	平滑区块加载	Smooth Chunks	hmcl	4093
		smooth-font	smoothfont	平滑字体	Smooth Font	hmcl	1086
		smooth-font	smoothfontcore	平滑字体	Smooth Font	hmcl	1086
		smooth-menus	smoothmenus	平滑菜单	Smooth Menus	hmcl	26861
		smooth-scrolling-everywhere	smoothscrollingeverywhere	平滑滚动	Smooth Scrolling Everywhere	hmcl	4892
		smooth-swapping	smoothswapping	平滑转移	Smooth Swapping	hmcl	5980
		smoother-bedrock	smootherbedrock	平滑基岩层	Smoother Bedrock	hmcl	3510
		smoothmenu	smoothmenu	平滑菜单	Smooth Menu	hmcl	8751
		smoothmenu-refabricated	smoothmenu	平滑菜单：重制版	SmoothMenu Refabricated	hmcl	15553
		sms-spirit-mediumship-spell-irons-spells-addon	spirit_mediumship_spell	降灵法术	Spirit Mediumship Spell - Iron's Spells Addon	hmcl	28311
		smsn	smsn	救救我的答辩网络	Save My Shaky Network	hmcl	15482
		snad	snad	子沙	Snad	hmcl	785
		snad-redstone-edition	snad	子沙：红石版	Snad: Redstone Edition	hmcl	16758
		sneakernet	sneakernet	鞋网	SneakerNet	hmcl	27928
		snkey	key	键	Sn Key	hmcl	21787
		snow-pig	snowpig	雪猪	Snow Pig	hmcl	7045
		snow-real-magic	snowrealmagic	雪！真实的魔法！⛄	Snow! Real Magic! ⛄	hmcl	2106
		snow-real-magic-potato-edition		雪！真实的魔法！(土豆版)	Snow Real Magic Potato Edition	hmcl	9470
		snow-variants	snowvariants	更好的雪	Snow Variants	hmcl	1902
		snow-waifu-spell	snowwaifuspell	雪下的誓言	Snow Waifu Spell	hmcl	21252
		snows-bosses-mechasent	snows_bosses_mechasent	Snow的Boss：机械遣使	Snow's Bosses: Mechasent	hmcl	22418
		snowy-leaves	snowy_leaves	霜花叶	Snowy Leaves	hmcl	2517
		snowycrescentcore	sccore	雪月核心	Snowy Crescent Core	hmcl	22703
		snuffles	snuffles	魄罗	Snuffles	hmcl	5828
		snuffles-fabric	snuffles	魄罗Fabric版	Snuffles (Fabric)	hmcl	10213
		so-many-enchantments	somanyenchantments	更多附魔	So Many Enchantments	hmcl	2540
		so-many-enchantments	somanyenchantments	更多附魔 1.12.2 重写版	So Many Enchantments 1.12.2	hmcl	21301
		social-distance	social_distance	社交距离	Social Distance	hmcl	14037
		sodium	sodium	钠	Sodium	hmcl	2785
		sodium-chinese-localization-package1-16-x	sclp	钠-汉化模组	Sodium Chinese Localization Mod	hmcl	27063
		sodium-extra	sodium-extra	钠 · 扩展	Sodium Extra	hmcl	3701
		sodium-extra	sodium_extra	钠 · 扩展	Sodium Extra	hmcl	3701
		sodium-leaf-culling	sodiumleafculling	钠：树叶剔除	Sodium Leaf Culling	hmcl	16538
		sodium-reforged		镁	Magnesium / Sodium Reforged	hmcl	4898
		sodium-shadowy-path-blocks	sspb	钠 · 土径阴影	Sodium Shadowy Path Blocks	hmcl	5654
		soft-blocks	softblocks	柔软方块	Soft Blocks	hmcl	1065
		softer-hay-bales	softerhaybales	柔软的干草块	Softer Hay Bales	hmcl	4309
		softer-hay-bales	softerhaybales-fabric	柔软的干草块	Softer Hay Bales	hmcl	4309
		soi-snoop-on-immortality	soi	窥探不朽	Snoop On Immortality	hmcl	27793
		solar-cooker	solarcooker	太阳灶	Solar Cooker	hmcl	3962
		solar-flux	SolarFlux	日光通量	Solar Flux	hmcl	7345
		solar-flux-reborn	solarflux	日光通量：重制版	Solar Flux Reborn	hmcl	787
		solar-furnaces	simplesolarpanels	简易太阳能	Simple Solar Panels	hmcl	1369
		solargeneration	solargeneration	太阳能发电机	Solar Generation	hmcl	3442
		solcarrot-fix	solcarrot_fix	生活调味料：胡萝卜版 - 死吃修复	Solcarrot Fix	hmcl	21702
		somanyapples	so_many_apples	超多苹果	So Many Apples	hmcl	18147
		some-useless-things	useless_mod	无用之物	Some Useless Things	hmcl	23709
		somnia	somnia	梦醒时分	Somnia Awoken	hmcl	3483
		somnia-awoken-gui-beautify	somnia	梦醒时分 - GUI美化	Somnia Awoken - GUI Beautify	hmcl	17745
		somnia-ce	somnia	梦醒时分：社区版	Somnia: Community Edition	hmcl	24395
		sona-survival-101	sona	唢呐生存指南	Sona Survival 101	hmcl	14908
		sonar-core	sonarcore	声呐核心	Sonar Core	hmcl	568
		songs-of-war	sow	战争之歌	Songs of War	hmcl	20073
		songs-of-war-mod	sow	战争之歌	Songs of War	hmcl	2505
		sonicraft	sonicraft	索尼克工艺	SoniCraft	hmcl	4030
		sons-of-sins	sons_of_sins	七罪之子	Sons Of Sins	hmcl	6220
		sons-of-sins-organs-additions	sosorgans	七罪之子：器官添加	Sons Of Sins: Organs Additions	hmcl	17092
		sons-of-sins-organs-museum	sos_organ_museum	七罪之子：器官博物馆	Sons of Sins: Organ Museum	hmcl	17093
		soot	soot	烟尘	Soot	hmcl	1516
		soph-upgrade-addons	soph_upgrade_addons	精妙背包升级拓展	Soph Upgrade Addons	hmcl	27974
		sophisticated-backpacks	sophisticatedbackpacks	精妙背包	Sophisticated Backpacks	hmcl	3739
		sophisticated-backpacks-unofficial-fabric-port		精妙背包 (非官方 Fabric 移植)	Sophisticated Backpacks (Unofficial Fabric port)	hmcl	13969
		sophisticated-chest-optimized	sophisticated_chest_optimized	救救我的精妙箱子	Sophisticated Chest Optimized	hmcl	28742
		sophisticated-core	sophisticatedcore	精妙核心	Sophisticated Core	hmcl	6324
		sophisticated-core-unofficial-fabric-port		精妙核心 (非官方 Fabric 移植)	Sophisticated Core (Unofficial Fabric port)	hmcl	13968
		sophisticated-item-actions	sophisticateditemactions	精妙物品操作	Sophisticated Item Actions	hmcl	24698
		sophisticated-jei-index	sophisticated_jei_index	精妙背包：JEI 索引升级	Sophisticated JEI Index	hmcl	25629
		sophisticated-sorter	sophisticatedsorter	精妙整理	Sophisticated Sorter	hmcl	22833
		sophisticated-storage	sophisticatedstorage	精妙存储	Sophisticated Storage	hmcl	6711
		sophisticated-storage-in-motion	sophisticated-storage-in-motion	精妙物流	Sophisticated Storage in Motion	hmcl	17682
		sophisticated-storage-in-motion	sophisticatedstorageinmotion	精妙物流	Sophisticated Storage in Motion	hmcl	17682
		sophisticated-storage-plus	sophisticatedstorageplus	存取思深/精妙存储扩容	Sophisticated Storage Plus	hmcl	20865
		sophisticated-storage-unofficial-fabric-port		精妙存储 (非官方 Fabric 移植)	Sophisticated Storage (Unofficial Fabric port)	hmcl	13973
		sophisticated-wolves	sophisticated_wolves	精致的狼	Sophisticated wolves	hmcl	11135
		sorcery-age	jujutsu_kaisen	咒术时代	Sorcery Age	hmcl	25401
		sorted-enchantments	sortedenchantments	排序附魔	Sorted Enchantments	hmcl	18809
		soul-bound-enchantment	soulbound	灵魂绑定	SoulBound	hmcl	11151
		soul-candles	soulcandles	灵魂蜡烛	Soul Candles	hmcl	23066
		soul-pact	soul_pact	灵魂契约	Soul Pact	hmcl	22136
		soul-return-scroll	soulreturn	还魂符	Soul Return Scroll	hmcl	21601
		soulbound-sigils	soulboundsigils	灵魂印记	Soulbound Sigils	hmcl	26536
		soulfragment	soulfragment	灵魂碎片	Soul Fragment	hmcl	16723
		soulsort	soulsort	魂归原位	SoulSort	hmcl	28320
		sound-engine-reloader	ssoundreloader	重新加载声音	Sound Engine Reloader	hmcl	4684
		sound-filters	soundfilters	声音滤波器	Sound Filters	hmcl	1117
		sound-physics-fabric	soundphysics	物理声效 Fabric 版	Sound Physics Fabric	hmcl	18778
		sound-physics-legacy		物理声效 1.7.10	Sound Physics 1.7.10	hmcl	18689
		sound-physics-legacy	soundphysics	物理声效	Sound Physics	hmcl	1406
		sound-physics-remastered	sound_physics_remastered	物理声效重制版	Sound Physics Remastered	hmcl	8197
		sound-physics-remixin	soundphysics	籁	Sound Physics Remixin	hmcl	13330
		sound-reloader	soundreloader	声音重载	Sound Reloader	hmcl	2648
		sourceblock	sourceblock	源方块	Source Block	hmcl	23333
		sourceflow-infinite	yuanliuwujin	源流无尽	Sourceflow Infinite	hmcl	24717
		soviet-abandoned-lab-mod	soviet	苏维埃风格装饰	Soviet Era	hmcl	2067
		spacecraftx	spacex	航天高科X	SpaceCraftX	hmcl	1817
		spacecube	spacecube	空间立方体	Space Cube	hmcl	24127
		spacering	spacering	储物戒	SpaceRing	hmcl	2993
		spacetime	spacetime	空之翼	SpaceTime	hmcl	11581
		spanish-delight-a-farmers-delight-add-on	spanishdelight	西班牙乐事	Spanish Delight	hmcl	16969
		spark	spark	火花	spark	hmcl	4073
		spark-core	spark_core	星火核心	Spark Core	hmcl	19583
		sparkle-reforge	sparkle	火花：重铸	Sparkle: Reforge	hmcl	18213
		sparks-hammers	sparkshammers	重锤火花	Sparks Hammers	hmcl	1503
		spartan-and-fire	spartanfire	斯巴达之冰与火	Spartan and Fire	hmcl	2320
		spartan-and-fire-lightning-edition	spartanfire	斯巴达之冰与火-雷电版	Spartan and Fire - Lightning Edition	hmcl	16156
		spartan-fire-rlcraft-edition	spartanfire	斯巴达之冰与火-RLCraft版	Spartan and Fire: RLCraft Edition	hmcl	8904
		spartan-hud-baubles	spartanhudbaubles	斯巴达饰品栏HUD	Spartan HUD: Baubles	hmcl	5391
		spartan-shields	spartanshields	斯巴达之盾	Spartan Shields	hmcl	2790
		spartan-shields-unofficial	spartanshieldsunofficial	斯巴达之盾：非官方版	Spartan Shields Unofficial	hmcl	24672
		spartan-weaponry	spartanweaponry	斯巴达的武器	Spartan Weaponry	hmcl	2297
		spartan-weaponry-arcana	spartanweaponryarcana	斯巴达奥法	Spartan Weaponry Arcana	hmcl	3431
		spartan-weaponry-bewitchment	spartanbewitchment	斯巴达的武器：巫师之路	Spartan Weaponry - Bewitchment	hmcl	7675
		spartan-weaponry-ice-and-fire	spartanfire	斯巴达的武器：冰火传说	Spartan Weaponry: Ice and Fire	hmcl	6087
		spartan-weaponry-simpleores	spartansimpleores	斯巴达的武器：简单矿石	Spartan Weaponry: SimpleOres	hmcl	14128
		spartan-weaponry-twilight-forest	spartantwilight	斯巴达的武器：暮色森林	Spartan Weaponry: Twilight Forest	hmcl	5108
		spartan-weaponry-unofficial	spartanweaponryunofficial	斯巴达的武器：非官方版	Spartan Weaponry Unofficial	hmcl	24577
		spartancataclysm	spartancataclysm	斯巴达的武器：灾变	Spartan Weaponry: Cataclysm	hmcl	22970
		spatialcompat	spatialservermod	空间兼容	SpatialCompat	hmcl	2100
		spawn-dimension-choice	spawn_dimension_choice	诞生维度自选	Spawn Dimension Choice	hmcl	20264
		spawn-egg-information	spawn_egg_information	刷怪蛋信息显示	Spawn Egg Infomation	hmcl	19799
		spawn-egg-preview	eggpreview	刷怪蛋预览	Spawn Egg Preview	hmcl	22054
		spawn-egg-recipes	spawn	刷怪蛋配方注册	Spawn Egg Recipes	hmcl	3856
		spawn-mod	spawn	生机遍布	Spawn	hmcl	14900
		spawncommands-spawn-commands-teleport	spawncommands	传送指令	Spawn Commands Teleport	hmcl	1157
		spawncontroller	spawncontroller	自定义怪物生成	SpawnController	hmcl	1067
		spawncursion	spcurs	生成式入侵	SpawnCursion	hmcl	20656
		spawner-fix	sf	刷怪笼漏洞修复	Spawner Bug Fix	hmcl	8916
		spawnercraft	spawnercraft	刷怪笼合成	SpawnerCraft	hmcl	2031
		spawners-plus	spawners_plus	刷怪笼拓展	Spawners+	hmcl	16817
		spawntabletweaker	spawntabletweaker	生成调整	SpawnTableTweaker	hmcl	2279
		spear-core	spearcore	长矛核心	Spear Core	hmcl	27554
		spear-downport	spear_downport	矛：向下移植版	Spear Downport	hmcl	22426
		special-ai	specialid	特殊AI	Special AI	hmcl	4280
		special-mobs	specialmobs	特殊怪物	Special Mobs	hmcl	1847
		specialmaterials	materials	材料	Materials	hmcl	21402
		spectrite-mod	spectrite	彩虹	Spectrite	hmcl	5679
		spectrum	spectrum	光谱世界	Spectrum	hmcl	6175
		spectrum-rush	spectrum_rush	色谱竞速	Spectrum Rush	hmcl	22140
		spectrumjei	spectrumjei	光谱世界JEI	SpectrumJEI	hmcl	19715
		speed-drifter	mcspeed	MC飞车	MCSpeed	hmcl	14601
		speedometer	speedometer	速度表	Speedometer	hmcl	4134
		speedster-heroes	speedsterheroes	闪电侠	Speedster Heroes	hmcl	2027
		speedy-hoppers	speedyhoppers	极速漏斗	Speedy Hoppers	hmcl	3412
		spell-engine	spell_engine	法术引擎	Spell Engine	hmcl	8919
		spell-reaction-irons-spells-addon	spell_reaction	法术反应	Spell Reaction - Iron's Spells Addon	hmcl	27524
		spellbind	spellbind	物品魔法	Spellbind	hmcl	5797
		spellbooks-attributes-reforged	spellbooks_attributes_reforged	铁魔法属性：重铸	Spellbooks Attributes：Reforged	hmcl	22416
		spellcasters-archives	spellarchives	施法者档案馆	Spellcaster's Archives	hmcl	23097
		spelled	spelled	语言魔法	Spelled	hmcl	26204
		spelling-table-mod	spelling_table	拼写台	Spelling Table Mod	hmcl	6187
		spice-of-life-apple-pie-edition	solapplepie	生活调味料：苹果派版	Spice of Life: Apple Pie Edition	hmcl	8177
		spice-of-life-carrot-edition	solcarrot	生活调味料：胡萝卜版	Spice of Life: Carrot Edition	hmcl	1836
		spice-of-life-carrot-edition-unofficial		生活调味料：胡萝卜非官方版	SOL - Carrot Unofficial	hmcl	10125
		spice-of-life-delicacy-journey	soldj	生活调味料：美食征程	Spice of Life: Delicacy Journey	hmcl	28835
		spice-of-life-maid	solmaid	生活调味料：酒狐萝贝	Spice of Life: Maid	hmcl	24245
		spice-of-life-maids-dream	solmaiddream	生活调味料：女仆之梦	Spice of Life: Maids' Dream	hmcl	24370
		spice-of-life-onion	solonion	生活调味料：洋葱版	Spice of Life Onion	hmcl	11120
		spice-of-life-peer-edition	spiceoflifepeeredition	生活调味料：雪梨版	Spice of Life: Peer Edition	hmcl	28126
		spice-of-life-potato-edition	solpotato	生活调味料：马铃薯版	Spice of Life: Potato Edition	hmcl	3465
		spice-of-life-sweet-potato-edition	solsweetpotato	生活调味料：红薯版	Spice of Life: Sweet Potato Edition	hmcl	7193
		spice-of-life-tonio-edition	soltonio	生活调味料：托尼欧版	Spice of Life: Tonio Editon	hmcl	3946
		spider-queen	SQ	蜘蛛女王	Spider Queen	hmcl	1324
		spiders-2-0	spiderstpo	蜘蛛行为增强	Spiders 2.0	hmcl	3348
		spiders-produce-webs	spidersproducewebs	蜘蛛吐网	Spiders Produce Webs	hmcl	4311
		spiders-produce-webs	spidersproducewebs-fabric	蜘蛛吐网	Spiders Produce Webs	hmcl	4311
		spin-to-win	rafradek_spin	旋转剑技	Spin to Win	hmcl	1064
		spinning-tomahawk	spinning_tomahawk	旋转飞斧	Spinning Tomahawk	hmcl	27688
		spirit-of-fight	spirit_of_fight	战魂	Spirit of Fight	hmcl	18676
		spiritual-flame-firearms	binmusket	灵焰炽铳	Spiritual Flame Firearms	hmcl	22096
		spiritual-revival-mobss-irons-spells	spiritual_revival	灵气复苏	Spiritual Revival	hmcl	28658
		spit-splat	splat	唾溅兽	Spit Splat	hmcl	14182
		splatcraft	splatcraft	斯普拉遁	Splatcraft	hmcl	9665
		splendour-ablaze-epoch	splendour_ablaze_epoch	棠煌纪元	Splendour Ablaze Epoch	hmcl	22415
		splendour-ablaze-epoch	splendourablazeepoch	棠煌纪元	Splendour Ablaze Epoch	hmcl	22415
		sponsor	sponsor	赞助者	Sponsor	hmcl	4537
		spontaneous-replace	spontaneous-replace	自然更替	Spontaneous-Replace	hmcl	10282
		spontaneous-replace	spontaneous_replace	自然更替	Spontaneous-Replace	hmcl	10282
		spontaneous-replace-cobwebbed	spontaneous-replace-cobwebbed	自然更替：蛛丝网迹	Spontaneous-Replace: Cobwebbed	hmcl	16788
		spore-additions	sporeadditions	孢子添加	Spore Additions	hmcl	25788
		spore-addon-nightmare	sporeaddon	孢子扩展包：噩梦	Spore Addon: Nightmare	hmcl	23147
		spore-dimension	spore_dimension	孢子维度	Spore Dimension	hmcl	25787
		spore-infestation-expansion	sporeinfest	孢子：侵染扩展	Spore: Infestation Expansion	hmcl	25784
		spore-mooshroom-boogaloo	spore_cows	孢子：哞菇狂欢	Spore: Mooshroom Boogaloo	hmcl	25783
		spotting	spotting	索敌	Spotting	hmcl	10480
		sprintify	sprintify	长疾速适	Sprintify	hmcl	19710
		spudiversity-more-and-more-potato	spudiversity	土豆盛宴-更多的土豆！	Spudiversity - More And More Potato	hmcl	23321
		spyglass-improvements	spyglass-improvements	望远镜改进	Spyglass Improvements	hmcl	9323
		spyglass-improvements	spyglass_improvements	望远镜改进	Spyglass Improvements	hmcl	9323
		spyglass-of-curios	spyglassofcurios	饰品望远镜	Spyglass of Curios	hmcl	12775
		spyglass-zoom	spyzoom	望远镜变焦	Spyglass Zoom	hmcl	5016
		squidcraft	squidcraft	鱿鱼工艺	SquidCraft	hmcl	2507
		squirrels	squirrels	松鼠	Squirrels	hmcl	4986
		sridr	sridr	拔刀剑锻造增伤改革	SlashBlade Refine Increased Damage Reform	hmcl	19832
		srp-addon-cotesia-glomerata	srpcotesia	SRP：寄生蜂	Scape and Run Parasites Addon: Cotesia Glomerata	hmcl	13800
		srp-calamity-catastrophe-cataclysm	srpcalamity	逃寄：无妄之灾	SRP: Calamity Catastrophe Cataclysm	hmcl	20066
		srsl	srsl	星骸秘遗	Star Remains Secret Legacy	hmcl	11969
		st	dev.anye.mc.st	服务器工具	Server Tools	hmcl	16997
		st	st	服务器工具	Server Tools	hmcl	16997
		stack-to-nearby-chests	stack-to-nearby-chests	堆叠到附近的箱子	Stack to Nearby Chests	hmcl	8228
		stacked-blocks	stackedblocks	捆扎方块	Stacked Blocks	hmcl	17940
		stacked-blocks-farmers-delight	stackedblocksfarmersdelight	捆扎方块：农夫乐事	Stacked Blocks: Farmer's Delight	hmcl	17941
		stackone-mod	stackone	禁止堆叠	StackOne	hmcl	6174
		stackupup	stackupup	叠叠乐	StackUpUp	hmcl	26438
		staff-of-building	staffofbuilding	建筑之杖	Staff of Building	hmcl	8072
		stageenchantment	stage_enchantment	阶段附魔	StageEnchantment	hmcl	22224
		stairway-to-heaven	stairway_heaven	天堂阶梯	Stairway to Heaven	hmcl	27813
		stalwart-dungeons	stalwart_dungeons	坚固地牢	Stalwart Dungeons	hmcl	4647
		staminaplus	staminaplus	耐力值	StaminaPlus	hmcl	2098
		star-dragon-dragon-survival-addon	star_dragon	星辰龙	Star Dragon	hmcl	25534
		star-meow-craft	smc	星喵工艺	Star Meow Craft	hmcl	17399
		star-miner	modJ_StarMiner	星际矿工	Starminer	hmcl	1099
		star-rail-apocalyptic-shadow	sras	星穹铁道：末日幻影	Star Rail: Apocalyptic Shadow	hmcl	22809
		star-rating	star_rating	星级！	Star Rating	hmcl	27850
		starcatcher	starcatcher	捕星者	Starcatcher	hmcl	22485
		starcraft-mod-scmc	Starcraft	星际争霸2	StarCraft II in MineCraft	hmcl	987
		stardew-armory	stardewarmory	星露谷武器	Stardew Armory	hmcl	5640
		stardew-hud	stardewhud	星露谷物语HUD	Stardew HUD	hmcl	23883
		stare-till-they-grow		盯到它们熟为止！	Stare Till They Grow!	hmcl	3241
		starfield-pastoral		星野牧歌	StarfieldPastoral	hmcl	26689
		stargate-journey	sgjourney	星门之旅	Stargate Journey	hmcl	10418
		starks	starks	史塔克一家	Starks	hmcl	10678
		starlight-forge	starlight	星光	Starlight	hmcl	3303
		starlightxae	starae	星光xAE2修复	StarlightxAE	hmcl	18526
		stars-good-life	sgl	星光的养成模组	Stars Good Life	hmcl	24202
		stars_carrier	sc	星光的载具	stars_carrier	hmcl	7325
		starsh		星舰	StarShip	hmcl	2229
		starter-kit	starterkit	初始套件	Starter Kit	hmcl	5162
		starter-structure	starterstructure	初始建筑	Starter Structure	hmcl	14455
		starve-library	slib	饿死图书馆	Starve Library	hmcl	19851
		states	states	城邦	States	hmcl	1287
		staticlogistics	staticlogistics	静态物流	StaticLogistics	hmcl	27396
		station-builder	stationbuilder	车站建设器	Station Builder	hmcl	24815
		statues	statues	雕像	Statues	hmcl	3386
		statues-rechiseled	statues	雕像：重置	Statues: Rechiseled	hmcl	1892
		statuesmod-fix	statuesmodfix	雕像模组-修复	StatuesMod Fix	hmcl	14802
		status-tags		名称标签状态栏	Status Tags	hmcl	2764
		statuseffecthud	StatusEffectHUD	状态信息显示	StatusEffectHUD	hmcl	601
		statuseffecthud	statuseffecthud	状态信息显示	StatusEffectHUD	hmcl	601
		statuseffecthud-updated	StatusEffectHUD	状态信息显示更新版	StatusEffectHUD Updated	hmcl	14832
		staynight	staynight	永夜定驻	Stay Night	hmcl	20686
		stealth-and-alert	stealth_and_alert	潜行与警戒	Stealth and Alert	hmcl	26306
		steam-advantage	steamadvantage	蒸汽优势	Steam Advantage	hmcl	23119
		steam-n-rails-neoforge		机械动力汽鸣铁道：重铸	Steam 'n' Rails NeoForge	hmcl	24166
		steam-powered-create	steampowered	蒸汽动力	Create: Steam Powered	hmcl	4944
		steamagerevolution	steamagerevolution	蒸汽时代革命	SteamAgeRevolution	hmcl	9525
		steamweapon	stemweapon	梗多武器	StemWeapon	hmcl	2534
		steel-armor-blocks	s_a_b	机械动力：钢铁装甲方块	Create: Steel Armor Blocks	hmcl	21936
		steel-for-fabric	steel	钢	Steel	hmcl	7950
		stefinus-3d-guns-mod	stefinusguns	3D枪械	New Stefinus Guns	hmcl	2598
		stellar-api	StellarAPI	恒星API	Stellar API	hmcl	1205
		stellar-api	stellarapi	恒星API	Stellar API	hmcl	1205
		stellar-decay	stellar_decay	繁星枯朽	Stellar Decay	hmcl	23261
		stellar-fluid-conduits	stellarfluidconduits	恒星流体导管	Stellar Fluid Conduits	hmcl	9092
		stellar-sky	stellarium	群星璀璨	Stellar Sky	hmcl	1204
		stellar-striker	stellar-striker	星神之怒	Stellar Striker	hmcl	22125
		stellarcore	stellar_core	星核	StellarCore	hmcl	14106
		stellaris	stellaris	群星	Stellaris	hmcl	15880
		stellarrtp	stellarrtp	繁星传送	StellarRTP	hmcl	27536
		stepup	stepup	平滑自动上坡	StepUp	hmcl	2784
		stevecraft-by-owenpsteve2	stevecraft	史蒂夫工艺	SteveCraft	hmcl	1587
		steves-addons	StevesAddons	史蒂夫工厂管理附加	Steve's Addons	hmcl	24846
		steves-bizarre-adventure	jojobadv	史蒂夫的奇妙冒险	Steve's Bizarre Adventure	hmcl	1466
		steves-carts-2	StevesCarts	史蒂夫矿车2	Steve's Carts 2	hmcl	350
		steves-carts-reborn	stevescarts	史蒂夫矿车：重生	Steve's Carts Reborn	hmcl	655
		steves-factory-manager	StevesFactoryManager	史蒂夫工厂管理	Steve's Factory Manager	hmcl	367
		steves-factory-manager-reborn		史蒂夫工厂-重置	Steve's Factory Manager Reborn	hmcl	24845
		stewing-baking	stewing-baking	炖与烤	Stewing & Baking	hmcl	14748
		stewme	stew_me	铁锅炖自己	Stew Me	hmcl	23203
		stick-of-death	stickofdeath	死亡之棍	The Stick Of Death	hmcl	1315
		stimmedcow-nomorerecipeconflict	recipehandler	合成冲突消除	NoMoreRecipeConflict	hmcl	630
		stitched-sins	stitched_sins	缝合的罪	Stitched Sins	hmcl	17095
		stockmarket	stockmarket	股市	StockMarket	hmcl	27167
		stockpile	stockpile	储物桶	Stockpile	hmcl	1279
		stone-chest	stonechest	石头箱子	Stone Chest	hmcl	1973
		stone-chests	stonechests	石箱子	Stone Chests	hmcl	1956
		stone-craft-je	oldb	石头工艺	Stone Craft	hmcl	9862
		stone-craft-je	stonecraft	石头工艺	Stone Craft	hmcl	9862
		stone-zone	stonezone	泛用兼容：石材	Every Compat (Stone Zone)	hmcl	17423
		stoneholm-forge	stoneholm	地下村庄	Stoneholm, Underground Villages	hmcl	4277
		stop-repeating-command-block-reborn	srcbr	停！循环型命令方块：重生	Stop Repeating Command Block Reborn	hmcl	16221
		storage-boats-mod	storageboats	存储船	Storage Boat Mod	hmcl	1001
		storage-cabinet	storagecabinet	储藏柜	Storage Cabinet	hmcl	4390
		storage-crate	storage_crate	板条箱	Storage Crate	hmcl	12506
		storage-delight-bedrock		存储乐事基岩版 (Unofficial)	Storage Delight Bedrock (Unofficial)	hmcl	14951
		storage-delight-forge	storagedelight	存储乐事	Storage Delight	hmcl	13966
		storage-drawers	StorageDrawers	储物抽屉	Storage Drawers	hmcl	408
		storage-drawers	storagedrawers	储物抽屉	Storage Drawers	hmcl	408
		storage-drawers-unofficial		储物抽屉非官方版	Storage Drawers Unofficial	hmcl	17291
		strange-trinkets	strange_trinkets	奇怪饰品	Strange Trinkets	hmcl	25873
		straw-statues	strawstatues	稻草雕像	Straw Statues	hmcl	9904
		strawgolem-extended-life		稻草傀儡非官方延续版	Straw Golem Unofficial Extended Life	hmcl	25486
		strawgolem-reborn	strawgolem	稻草傀儡重制版	Straw Golem Reborn	hmcl	3217
		stray-spawn	strayspawn	流浪者生成微调	Stray Spawn	hmcl	3987
		stray-spawn	strayspawn-fabric	流浪者生成微调	Stray Spawn	hmcl	3987
		streak	streak	残影	Streak	hmcl	1946
		stream-veil	streamveil	主播帷幕	StreamVeil	hmcl	27723
		streams	streams	溪流	Streams	hmcl	972
		strike-after-swing	strikeafterswing	伤害要在结束动画后	Strike After Swing	hmcl	28321
		string-utilities	string-utilities	字符串工具	String Utilities	hmcl	13733
		string-utilities	string_utilities	字符串工具	String Utilities	hmcl	13733
		stronger-fire-boss	stronger_fire_boss	原焰帝臻	Stronger Fire Boss	hmcl	20547
		stronger-potions	stronger_potions	更强的药水	Stronger Potions	hmcl	15077
		structpro-mod-fast-schematic-spawning-system	structpro	自然神殿	Structpro	hmcl	1383
		structural-tools	structural_tools	结构工具	Structural Tools	hmcl	25205
		structure-compass	structurecompass	结构指南针	Structure Compass	hmcl	9194
		structure-crafter	structure_crafter	构印师匠	Structure Crafter	hmcl	25965
		structure-spawn-area-fix	structure_spawn_area_fix	结构生成区域修复	Structure Spawn Area Fix	hmcl	22787
		structure-void-toggle	structure_void_toggle	结构空位切换	Structure Void Toggle	hmcl	9023
		structureoverlapless	overlapless	结构不重叠	StructureOverlapless	hmcl	24601
		structurize	structurize	结构化	Structurize	hmcl	1865
		stuff-a-sock-in-it	sasit	日志过滤器	Stuff A Sock In It	hmcl	4681
		stumble-upon-campsites	stumbleuponcamps	邂逅：营地	Stumble Upon: Campsites	hmcl	4274
		stygian-end-biome-expansion	stygian	末地：生物群系扩展	Stygian End: Biome Expansion	hmcl	1356
		stygian-end-continuation	stygian	末地：生物群系扩展延续	Stygian End Continuation	hmcl	11239
		styled-boss-bar-api	styled-boss-bar-api	自定义Boss栏	Styled Boss Bar API	hmcl	19095
		stylizeddamage	stylizeddamage	别样的伤害跳字	StylizedDamage	hmcl	27680
		subject-three-sweet-dreams	subject3	科目三：甜蜜的梦	Subject Three: Sweet Dreams	hmcl	9709
		substratum	substratum	基质矿物	Substratum	hmcl	27914
		subtitle-highlight	subtitle_highlight	字幕高亮	Subtitle Highlight	hmcl	8183
		subtitle-highlight-unofficial-reset	shur	字幕高亮官方重置版	Subtitle Highlight Official Reset	hmcl	25819
		subtitle-highlight-unofficial-reset	subtitle_highlight	字幕高亮官方重置版	Subtitle Highlight Official Reset	hmcl	25819
		suixingxiugai	suixingxiugai	随性修改	Suixing Xiugai	hmcl	22152
		summer-to-life	summer_to_life	夏意盎然	Summer to Life	hmcl	20910
		summon-totem	summon_totem	召唤图腾	Summon Totem	hmcl	23836
		summoner-expansion	summoner_expansion	泰拉生物：召唤师拓展	Summoner Expansion	hmcl	28334
		summoningrituals	summoningrituals	召唤仪式	Summoning Rituals	hmcl	7739
		sumsang	sumsang	亖圼	Sumsang	hmcl	903
		sunflower-delight	sunflower_delight	向日葵乐事	Sunflower Delight	hmcl	13706
		sunflower-delight-bedrock-unofficial		向日葵乐事基岩版	Sunflower Delight Bedrock (Unofficial)	hmcl	19923
		sunscreen-gel	sunscreen	防晒霜	Sunscreen Gel	hmcl	2571
		super-backpack	super_backpack	超级背包	Super Backpack	hmcl	24072
		super-chocolate-maker	choco	超级巧克力制造	Super Chocolate Maker	hmcl	8562
		super-circuit-maker	rscircuits	超级电路	Super Circuit Maker	hmcl	680
		super-circuit-maker	supercircuitmaker	超级电路	Super Circuit Maker	hmcl	680
		super-factory-manager	sfm	超级工厂管理器	Super Factory Manager	hmcl	1840
		super-factory-manager	superfactorymanager	超级工厂管理器	Super Factory Manager	hmcl	1840
		super-headcrab	superheadcrab	超级猎头蟹	Super Headcrab	hmcl	23113
		super-lead-rope	superleadrope	超级拴绳	SuperLead	hmcl	22076
		super-mob-tracker	supermobtracker	超级生物追踪器	Super Mob Tracker	hmcl	24488
		super-ores	superores	超级矿石	Super Ores	hmcl	2010
		super-potato	superpotato	超级土豆	Super Potato	hmcl	7146
		super-resolution	super_resolution	超分辨率	Super Resolution	hmcl	17888
		super-saturation	supersaturation	超级饱和度	Super Saturation	hmcl	8717
		super-sentai-craft	supersentaicraft	超级战队工艺	Super Sentai Craft	hmcl	3081
		super-solar-panels	supersolarpanel	超级太阳能发电机	Super Solar Panels	hmcl	849
		super-source-block	super_source_block	超级源方块	Super Source Block	hmcl	26609
		super-stick-sword	supersticksword	超级木棍剑	Super Stick sword	hmcl	1322
		super-tnt-port	super_tnt	超级 TNT	Super TNT Mod	hmcl	2022
		super-tnt-port	supertnt	超级 TNT	Super TNT Mod	hmcl	2022
		super-tools-reloaded-reloaded	super_tools_reloaded_reloaded	超级工具重置版重制版	Super Tools Reloaded-Reloaded	hmcl	5558
		superb-warfare	superbwarfare	卓越前线	Superb Warfare	hmcl	18845
		superchocolatemaker2	chocomaker	超级巧克力制造2	SuperChocolateMaker2	hmcl	28033
		supercompression	super_compression	超级压缩	Super Compression	hmcl	10597
		superfancyclouds-refabricated	sfcr	超级华丽云：重织版	SuperFancyClouds: Refabricated	hmcl	9053
		superflat-world-no-slimes	superflatworldnoslimes	没有史莱姆的超平坦世界	Superflat World No Slimes	hmcl	4339
		superflat-world-no-slimes	superflatworldnoslimes-fabric	没有史莱姆的超平坦世界	Superflat World No Slimes	hmcl	4339
		superheroes-unlimited	sum	超级英雄无限	Superheroes Unlimited	hmcl	490
		superheroes-unlimited	sus	超级英雄无限	Superheroes Unlimited	hmcl	490
		supernatural	supernatural	超自然	Supernatural	hmcl	9733
		supertic	gk_super_tic	匠魂药水效果	SuperTiC	hmcl	2488
		supplementaries	supplementaries	锦致装饰	Supplementaries	hmcl	3555
		supplementaries-compat		锦致装饰兼容	Supplementaries Compat	hmcl	24784
		suppressopengl1280	suppressopengl1280	OpenGL错误隐藏	Suppress OpenGL Error 128(0-2)	hmcl	21285
		supreme-crafting-backport	supreme_crafting	至尊合成	Supreme Crafting Backport	hmcl	27385
		surge	surge	潮涌	Surge	hmcl	1478
		surpass	surpass	超限	Surpass	hmcl	18971
		surprising-loot	surprisingloot	藏奇速释/惊喜战利品	Surprising Loot	hmcl	21338
		survival-tweaks	survivaltweaks	生存微调	Survival Tweaks	hmcl	2952
		survival-utilities	svutils	生存工具	Survival Utilities	hmcl	2842
		survivalist	survivalist	生存主义	Survivalist	hmcl	862
		survivalplus	survivalplus	生存加	SurvivalPlus	hmcl	7306
		survivalplus-lightsabers	lightsaber	生存加光剑	SurvivalPlus Lightsabers	hmcl	7302
		survive	survive	生存要素	Survive	hmcl	3493
		survive-in-the-winter-frontier	misc_twf	冬境边域：生存法则	Survive in the Winter Frontier	hmcl	13222
		survivingtheaftermath	surviving_the_aftermath	劫后余生	Surviving The Aftermath	hmcl	11479
		sus-instant-swap	susinstantswap	探囊取物	Su's Instant Swap	hmcl	27049
		sushigocrafting	sushigocrafting	巧制寿司	Sushi Go Crafting	hmcl	4014
		suspended-server	suspendedserver	挂起服务器	Suspended Server	hmcl	3302
		suspendtheserver	suspendtheserver	自动挂起服务器	Suspend The Server	hmcl	20384
		swan-boats	swanboat	天鹅船	Swan Boats	hmcl	2778
		swaying-garden	swaying_garden	摇曳花园	Swaying Garden	hmcl	20358
		sweep	sweep	扫雷	Minesweeper	hmcl	8553
		sweeper-maid	sweeper_maid	清洁女仆	Sweeper Maid	hmcl	13735
		sweet-potato	sweet_potato	烤地瓜	Sweet Potato Mod	hmcl	2941
		sweet-potato-core-spc		地瓜核心	Sweet Potato Core	hmcl	9216
		sweetmagic	sweetmagic	甜蜜与魔法	SweetMagic	hmcl	3809
		swem	swem	星虫马术	Star Worm Equestrian Mod	hmcl	7803
		swift-wheel	swiftwheel	迅捷轮盘	Swift Wheel	hmcl	21835
		swimsuit	swimsuit	泳装	swimsuit	hmcl	2745
		swingthroughgrass	swingthroughgrass	穿草攻击	SwingThroughGrass	hmcl	1465
		swissarmyknife		瑞士军刀	SwissArmyKnife	hmcl	1179
		switches	switches	按钮开关	Switches	hmcl	137
		sword-blocking	swordblocking	持剑格挡	Sword Blocking	hmcl	4893
		sword-displays	sworddisplay	刀剑展示架	Sword Displays	hmcl	8347
		sword-soaring	sword_soaring	史诗战斗：御剑凌虚	Epic Fight - Sword Soaring	hmcl	14675
		symcalc	symcalc	对称度运算仪	Symcalc	hmcl	343
		sync	Sync	克隆	Sync	hmcl	1195
		sync	sync	克隆	Sync	hmcl	1195
		sync-fabric	sync	克隆 (Fabric)	Sync (Fabric)	hmcl	4507
		syncmatica	syncmatica	共享原理图	Syncmatica	hmcl	6842
		synthetic-products	synthetic_products	合成配方	Synthetic Products	hmcl	15146
		syscmd	mc2cmd	系统命令	SysCmd	hmcl	25582
		systeams	systeams	热力系列：蒸汽锅炉	Thermal Systeams	hmcl	8887
		systrace	systrace	一导即出	Systrace	hmcl	19855
		tablechair	tablechair	桌椅	TableChair	hmcl	3606
		tablistextension	tablistextension	TAB 列表扩展	TabListExtension	hmcl	20084
		tac-interact-key	tacinteractkey	TAC交互优化	TAC Interact Key	hmcl	13536
		tactical-aid	tactical_aid	战术医疗	Tactical Aid	hmcl	11556
		tacz-apocalypse-gun-pack		启示录武器包	[TaCZ] Apocalypse Gun Pack	hmcl	24931
		tacz-armor-scaling	armorscaling	TaCZ护甲缩放	TaCZ Armor Scaling	hmcl	25299
		tacz-charge-into-battle-reboot-pack		冲锋陷阵：重启	Charge Into Battle: Reboot Pack	hmcl	24770
		tacz-classic-battleroyale-gun	cbrg	经典大逃杀枪械包	Classic BattleRoyale Gun	hmcl	22184
		tacz-create-armorer-koei	create_armorer	机动军械师武器包	[TaCZ] Create Armorer	hmcl	24932
		tacz-emx-arms-gunpack	emxarms	EMX-逆境重科电磁武器包	EMX-Arms gunpack	hmcl	17101
		tacz-emx-atlas-gun-pack	emxmors	EMX-ATLAS电磁武器包		hmcl	17102
		tacz-emx-gunsmith-gunpack		CUST-民间枪匠涂装拓展包	CUST-Gunsmith Gunpack	hmcl	20462
		tacz-golem-compat	taczgolemcompat	傀儡装配-战术人形	TaCZ Golem Compat	hmcl	23155
		tacz-headshot-extension	tacz_headshot_extension	TaCZ 爆头机制扩展	TaCZ Headshot Extension	hmcl	21415
		tacz-lesraisins-tactical-equipements	lrtactical	TaCZ：绿葡萄战术装备	TACZ: LesRaisins Tactical Equipements	hmcl	25484
		tacz-mcs2-projecte-compat	tacz_mcs2_gunpack_projecte_compat	MCS2枪包EMC值兼容	MCS2 ProjectE Compat	hmcl	27302
		tacz-more-level	tacz_morelevel	TACZ更多枪械等级NPC	TACZ MORE LEVEL	hmcl	27348
		tacz-refabricated		TaCZ：重织	Timeless and Classics Zero: Refabricated	hmcl	21737
		tacz-soul	tacz_soul	枪械工坊之魂	TaCZ Soul	hmcl	25821
		tacz-sound-attracts-zombies	tsaz	枪鸣尸至	TaCZ: Sound Attracts Zombies	hmcl	25139
		tacz-tris-dyna-gunpack		TRIS-天枢动力能量武器枪包	TRIS-dyna Gunpack	hmcl	20463
		tacz-unidict	tacz_unidict	TACZ：铳械协议	TACZ: Unidict	hmcl	20658
		taczattributeadd	taa	Tacz 属性添加	TaczAttributeAdd	hmcl	22685
		taczcurios	tcc	Tacz饰品	TaczCurios	hmcl	23042
		taczs-bizarre-enchantments	tbz	Tacz的奇特附魔	Tacz's Bizarre Enchantments	hmcl	28133
		tag-editor	tag_editor	贴标签	Tag Editor	hmcl	23640
		taiga-replant-replant	taiga	匠魂合金附加二次重栽版	TAIGA Replant Replant	hmcl	13541
		taiga-tinkers-alloying-addon	taiga	匠魂合金附加	Tinkers Alloying Addon	hmcl	1146
		taiga2	taiga	匠魂合金附加2	Tinkers Alloying Addon Port	hmcl	4515
		tainted-magic	TaintedMagic	污秽魔法	Tainted Magic	hmcl	417
		take-back-your-sword	tbys	收回你的剑！	Take Back Your Sword	hmcl	15447
		takumi-craft	takumicraft	爬行者世界/苦力怕世界	Takumi Craft	hmcl	1240
		tale-of-kingdoms-a-new-conquest	taleofkingdoms	王国：新征程	Tale of Kingdoms: A new Conquest	hmcl	4508
		tales-of-villagers-the-infiltrators	infiltrators	村民之书：渗透者	Tales of Villagers: The Infiltrators	hmcl	8573
		talismans-2	Talismans2	符咒2	Talismans 2	hmcl	24949
		talking-villagers	talking-villagers	会说话的村民	Talking Villagers	hmcl	5674
		tame-tools	tame_tools	驯兽工具	Tame Tools	hmcl	16854
		tameable-arachne	TameableArachneMod	萌化女妖	Tameable Arachne	hmcl	1061
		tameable-arachne	tameable_arachne	萌化女妖	Tameable Arachne	hmcl	1061
		tameable-zombie-horse-and-skeleton-horse	tameablezombieskeletonhorse	可驯服的僵尸马和骷髅马	Tameable Zombie Horse And Skeleton Horse	hmcl	20725
		tamedrespawn	tamedrespawn	驯兽重生	TamedRespawn	hmcl	6820
		tan-campfire-spit	tanspit	意志坚定-篝火烤架	TAN Campfire Spit	hmcl	848
		tanukidecor	tanukidecor	狸猫装饰	Tanuki Decor	hmcl	13280
		taoism	taoism	御灵	Taoism	hmcl	708
		taoist-with-15-dogs	taoist_with_15_dogs	道士15狗	taoist with 15 dogs	hmcl	27452
		taov-core	taov_core	瓦基大冒险核心	TAOV Core	hmcl	24353
		tape-stop	tapestop	停碟	Tape Stop	hmcl	18616
		tardis-mod	TardisMod	时间和空间的相对维度	TARDIS MOD	hmcl	894
		tardis-refined	tardis_refined	改良的TARDIS	TARDIS Refined	hmcl	15105
		target-locks	target_lock	注视锁定	Target Lock	hmcl	22724
		tarot	tarot	塔罗	Tarot	hmcl	5004
		tarot-cards	tarotcards	塔罗牌	Tarot Cards	hmcl	10084
		tarotcards-remastered	tarotcards	塔罗牌：重制	TarotCards: Remastered	hmcl	25180
		tarotcardsplus	tarot_card_plus	塔罗牌Plus	TarotCardsPlus	hmcl	25593
		taste-fatigue	taste_fatigue	味觉疲劳	Taste Fatigue	hmcl	21184
		tax-free-levels	taxfreelevels	免税附魔	Tax Free Levels	hmcl	4288
		tcbotaniaexoflame	TCBotaniaExoflame	奥术投射	TCBotaniaExoflame	hmcl	745
		tcondiadema	tcondiadema	匠魂领域	TconDiadema	hmcl	18741
		tcondiadema-plus	tcondiadema_plus	匠魂领域附加	TconDiadema Plus	hmcl	24962
		tconstructcompatible	tconstruct_compatible	匠魂兼容	TConstructCompatible	hmcl	3925
		tconstructcompatible	ticc	匠魂兼容	TConstructCompatible	hmcl	3925
		tconstructjs	tconstruct_js	有头脑的工匠	TConstructJs	hmcl	18657
		te-terra-equipment	terra_equipment	泰拉装备	TerraEquipment	hmcl	26763
		tea-and-biscuits	teaandbiscuits	茶和饼干	Tea And Biscuits	hmcl	1970
		tea-aroma	tea_aroma	茶香	Tea Aroma	hmcl	18800
		tea-kettle	tea_kettle	茶壶	Tea Kettle	hmcl	3631
		tea-the-story	teastory	茶风·纪事	Tea the Story	hmcl	557
		tea-the-story-recount	teastory	茶风·纪事：追叙	Tea the Story : Recount	hmcl	16233
		team-healthbar	team_healthbar	是敌是友一看便知	Team Healthbar	hmcl	25430
		team-projecte	teamprojecte	等价交换团队	Team ProjectE	hmcl	12463
		teamprojecte-reborn	teamprojecte_reborn	等价团队：重生	Team ProjectE Reborn	hmcl	24753
		teamtasks-todolist	todolist	待办列表	TeamTasks: TodoList	hmcl	25456
		tech-decorators	tech_decorators	科技装饰商	Tech Decorators	hmcl	11351
		techguns	Techguns	科技枪	Techguns	hmcl	537
		techguns	techguns_core	科技枪	Techguns	hmcl	537
		techguns-ce	techguns	科技枪-社区版	Techguns-CE	hmcl	17443
		technical-cores	technicalcores	机巧核心	Technical Cores	hmcl	13031
		technical-enchant	teplus	更多附魔重置版	TechnicalEnchant+	hmcl	8223
		technical-engineering-3	ten3	科能工程3	Technical Engineering 3	hmcl	7229
		technical-engineering-4	ten4	科能工程4	Technical Engineering 4	hmcl	28736
		technique-to-kill-thrasher	technique_to_kill_thrasher	毙鲨技	technique to kill thrasher	hmcl	12547
		technological-assistance	technological_assistance	科技辅助	Technological Assistance	hmcl	25119
		technomancy	technom	量子魔法	Technomancy	hmcl	540
		technomancy-2	technom	量子魔法2	Technomancy2	hmcl	7898
		techreborn	techreborn	科技复兴	Tech Reborn	hmcl	558
		techreborn	techreborn_compat	科技复兴	Tech Reborn	hmcl	558
		techrebornjei	techrebornjei	科技复兴JEI	TechRebornJEI	hmcl	19377
		tectonic-bop	tectonicbop	Tectonic：超多生物群系兼容	Tectonic + Biomes O' Plenty compat	hmcl	11747
		teds-old-world-gen-mod	OWG	怀旧地形	Old World Gen	hmcl	400
		tektopia	tektopia	桃花源记/特克托皮亚	TekTopia	hmcl	2123
		telepad	telepads	传送台	Telepad	hmcl	24776
		telepastries	telepastries	传送蛋糕	TelePastries	hmcl	2262
		telepathic-maid	telepathicmaid	电波女仆	Telepathic Maid	hmcl	22390
		teleport-master	tpmaster	传送命令	Teleport Master	hmcl	8790
		teleport-tag	teleporttag	传送标签	Teleport Tag	hmcl	25292
		teleportation-crystal	teleportation_crystal	传送水晶	Teleportation Crystal	hmcl	21153
		teleportcakes	teleportcakes	跃迁蛋糕	Teleport Cakes	hmcl	21098
		teletubbies-mod	teletubbies	天线宝宝	Teletubbies Mod	hmcl	7979
		telos	telos	终焉	Telos	hmcl	13433
		tempad	tempad	任意门	Tempad	hmcl	9022
		template-craft	template_craft	模板工艺	Template Craft	hmcl	27056
		tennory	tennory	战甲军械	Tennory	hmcl	24765
		tensionadd	tensionadd	剑拔弩张之时附加	TensionAdd	hmcl	25186
		tensura-mod-that-time-i-got-reincarnated-as-a-slime	ttigraas	关于我转生变成史莱姆这档事	Tensura Mod -That time I got reincarnated as a Slime	hmcl	4132
		tensura-mortal-cultivation	mortal_cultivation	转生：凡人修仙	Tensura: Mortal Cultivation	hmcl	22344
		tensura-no-game-no-life	tennogamenolife	转生：游戏人生	Tensura: No Game No Life	hmcl	19165
		tensura-reincarnated	tensura	关于我转生变成史莱姆这档事：转生	Tensura: Reincarnated	hmcl	17160
		terminal-interaction-integration	terminal_interaction_integration	终端交互集成	Terminal Interaction Integration	hmcl	27025
		terra-atmos	terra_atmos	群峦环境音效	Terra Atmos	hmcl	20589
		terra-curio	confluence	泰拉饰品	Terra Curio	hmcl	14983
		terra-curio	terra_curio	泰拉饰品	Terra Curio	hmcl	14983
		terra-entity	terra_entity	泰拉生物	Terra Entity	hmcl	17730
		terrafirmacraft	tfc	群峦传说：次世代	TerraFirmaCraft: The Next Generation	hmcl	2104
		terrafirmacraft-time-flies	tfc_tiab	群峦传说：光阴荏苒	TerraFirmaCraft: Time Flies	hmcl	27233
		terrafirmacraftplus	terrafirmacraftplus	群峦传说 +	Terrafirmacraft +	hmcl	2201
		terrafirmathings	tfcthings	群峦作品	Terra Firma Things	hmcl	2803
		terramoment	terra_moment	泰拉时刻	TerraMoment	hmcl	17480
		terraqueous	terraqueous	地灵云心/海树山花	Terraqueous	hmcl	1509
		terraria-arsenal	terrariaarsenal	泰拉瑞亚装备	Terraria Arsenal	hmcl	5183
		terraria-calamity-mod	tcal	泰拉瑞亚灾厄	Terraria Calamity	hmcl	12320
		terraria-craft	terraria	泰拉瑞亚世界	TerrariaCraft 🌳	hmcl	2645
		terrarium	earth	地球	Terrarium	hmcl	1710
		terrible-chest	terrible_chest	可怕的箱子/可怖箱子	Terrible Chest	hmcl	2789
		terrible-chest-potato-edition	terrible_chest	可怖箱子：土豆版	Terrible Chest Potato Edition	hmcl	10167
		territory	territory	领地	MineTerritory	hmcl	2949
		territory-record	lingdi-renixn	领地记录	Territory Record	hmcl	28267
		tesla	tesla	特斯拉	TESLA	hmcl	767
		tesla-core-lib	teslacorelib	特斯拉核心	Tesla Core Lib	hmcl	1354
		tesla-core-lib	teslacorelib_registries	特斯拉核心	Tesla Core Lib	hmcl	1354
		tesseract	tesseract	超立方体	Tesseract	hmcl	2519
		tesslocator	tesslocator	超立方转运器	Tesslocator	hmcl	3106
		tetra-musket	tetra_musket	火枪锻造	Tetra Musket	hmcl	22324
		tetra-patchouli-book	tetra_patchouli_book	Tetra帕秋莉手册	Tetra Patchouli Book	hmcl	21643
		tetrachord-lib	tetrachordlib	四弦琴	Tetrachord Lib	hmcl	13915
		tetrahedron-enchantment	tetrahedron_enchantment	四面体附魔	Tetrahedron Enchantment	hmcl	27295
		tetrawhetstone	tetrawhetstone	Tetra磨刀石	TetraWhetstone	hmcl	22586
		texfix	texfix	材质修复	TexFix	hmcl	1424
		text-placeholder-api	placeholder-api	文本占位符 API	Text Placeholder API	hmcl	15527
		textile-backup	textile_backup	Textile 备份	Textile Backup	hmcl	3314
		textrues-embeddium-options	textrues_embeddium_options	TexTrue 的 Embeddium 视频界面	TexTrue's Embeddium Options	hmcl	12057
		textrues-rubidium-options		TexTrue的铷视频界面	TexTrue's Rubidium Options	hmcl	7329
		tf-remastered	tfremastered	暮色创世	TF Remastered	hmcl	25724
		tf-storage	tfstorage	TF存储	TF Storage	hmcl	24373
		tf2-stuff-mod	rafradek_tf2_weapons	军团要塞2	TF2 stuff mod	hmcl	1951
		tf2-stuff-reloaded	rafradek_tf2_weapons	军团要塞2重制版	TF2 Stuff - Reloaded	hmcl	12498
		tfc-additions	tfcadditions	群峦附加	TFC-Additions	hmcl	2259
		tfc-adventure	tfc_adventure	群峦冒险	TFC+ Adventure	hmcl	5700
		tfc-aged-drinks	aged_drinks	群峦陈酿	TFC Aged Drinks	hmcl	3360
		tfc-better-fireclay	tfc_better_fireclay	群峦更好的耐火粘土	TFC Better Fireclay	hmcl	27024
		tfc-bonsai	tfc_bonsai	群峦盆栽	TFC Bonsai	hmcl	3341
		tfc-cast-iron-grill	castirongrill	群峦铸铁烤架	TFC Cast Iron Grill	hmcl	9682
		tfc-cuisine	tfc_cuisine	群峦料理	TFC Cuisine	hmcl	21315
		tfc-detail-armor-bar	tfc_detailab	群峦传说：细节盔甲条	TFC Detail Armor Bar	hmcl	21612
		tfc-drying-rack	tfc_drying_rack	群峦晾干架	TFC Drying Rack	hmcl	3342
		tfc-forging-calculator	tfcforgingcalculator	TFC 锻造计算	TerraFirmaCraft Forging Calculator	hmcl	28346
		tfc-heat-treatment	tfcheattreatment	群峦热处理	TFC Heat Treatment	hmcl	27029
		tfc-hourglass	tfc_hourglass	床起速时 / 梦该醒了	TFC Hourglass	hmcl	21751
		tfc-ie-crossover	tfc_ie_addon	群峦传说：沉浸工程兼容附属	TFC + IE Crossover	hmcl	9691
		tfc-metallum	tfcmetallum	群峦合金	TFC：Metallum	hmcl	2074
		tfc-metric	tfcmetric	公制重量转换	TFC Metric	hmcl	2255
		tfc-more-coal	tfc_more_coal	群峦传说：更多煤	TFC More Coal	hmcl	27019
		tfc-nitrary	tfcnitrary	群峦堆硝	TFC Nitrary	hmcl	27252
		tfc-no-collapse	tfcnocollapse	群峦传说：塌方禁止	TFC No Collapse	hmcl	21316
		tfc-offset-smoker	tfcoffsetsmoker	群峦烟熏烤炉	TFC Offset Smoker	hmcl	27174
		tfc-sophisticated-backpacks-upgrade	tfcsbu	群峦精妙背包升级	TFC Sophisticated Backpacks Upgrade	hmcl	24325
		tfc-super-hammer	tfcsuperhammer	群峦超级锤	TFC Super Hammer	hmcl	25514
		tfc-supplementaries	tfcsupplementaries	群峦锦致装饰	TFC Supplementaries	hmcl	9690
		tfc-tools-trim	tfc_trim	群峦传说：工具纹饰	TFC Tools Trim	hmcl	19608
		tfc-tri-hydrate	tfc_trihydrate	群峦：三水合物	TFC: TriHydrate	hmcl	25598
		tfc_metalwork	tfc_metalwork	群峦金属加工	TFC Metalwork	hmcl	9683
		tfc_rocksplus	tfc_rocksplus	群峦岩石	TFC Rocksplus	hmcl	3182
		tfcm	tfc_metallum	群峦合金非官方版	TFC Metallum U	hmcl	9176
		tfcmaid	tfcmaid	群峦女仆	TfcMaid	hmcl	25601
		tfcraft	terrafirmacraft	群峦传说	TerraFirmaCraft	hmcl	59
		tfctech-addon	tfctech	群峦工业	TFCTech Addon	hmcl	1589
		tfctech-unofficial	tfctech	群峦工业非官方版	TFCTech Unofficial	hmcl	2807
		tfctinkers	tfc_tinkers	群峦与匠魂	TFC Tinkers	hmcl	3149
		tfctreatedwood	tfctreatedwood	群峦·防腐木	TFC Treated Wood	hmcl	6390
		tfmg-virtual-oil-deposit	tfmgvod	工业长路：虚拟油田	TFMG: Virtual Oil Deposit	hmcl	13637
		thallium	thallium	铊	Thallium	hmcl	2835
		thank-your-eggs	thankyoureggs	谢个蛋/鸡谢动力	Thank Your Eggs	hmcl	22808
		that-thing	that_thing	那个东西	That Thing	hmcl	28645
		thaumaturgical-knowledge	benway_knowledge	神秘奥义	Thaumaturgical Knowledge	hmcl	650
		thaumcraft		神秘时代2	Thaumcraft 2	hmcl	2536
		thaumcraft	Thaumcraft	神秘时代4	Thaumcraft 4	hmcl	204
		thaumcraft	Thaumcraft	神秘时代5	Thaumcraft 5	hmcl	454
		thaumcraft	thaumcraft	神秘时代6	Thaumcraft 6	hmcl	956
		thaumcraft-aspect-creator	thaumcraftaspectcreator	神秘时代要素创建器	Thaumcraft Aspect Creator	hmcl	8794
		thaumcraft-extras	ThaumcraftExtras	神秘扩展	Thaumcraft Extras	hmcl	23607
		thaumcraft-inventory-scanning	tcinventoryscan	神秘时代物品栏扫描	Thaumcraft Inventory Scanning	hmcl	833
		thaumcraft-localization-optimizer	ThaumcraftLocalizationOptimizer	神秘时代本地化优化	Thaumcraft Localization Optimizer	hmcl	4584
		thaumcraft-nei-plugin	thaumcraftneiplugin	神秘时代NEI插件	Thaumcraft NEI Plugin	hmcl	4125
		thaumcraft-node-tracker	tcnodetracker	神秘节点追踪	Thaumcraft Node Tracker	hmcl	393
		thaumcraft-recipe-aspect-patcher	trap	亿源定值	Thaumcraft Recipe Aspect Patcher	hmcl	25572
		thaumcraft-recipes	thaumcraftrecipes	神秘合成	Thaumcraft Recipes	hmcl	371
		thaumcraft-research-helper		神秘研究小助手	Thaumcraft Research Helper	hmcl	747
		thaumcraft6-research-helper	researchhelper	神秘时代6研究助手	Thaumcraft6 Research Helper	hmcl	27984
		thaumcraftfix	thaumcraftfix	神秘时代6修复	Thaumcraft Fix	hmcl	15916
		thaumcraftgates	thaumiumPipe	奥法管道	ThaumcraftGates	hmcl	370
		thaumic-additions	thaumadditions	神秘领域	Thaumic Additions: Reconstructed	hmcl	648
		thaumic-additions	thaumadditions	神秘领域：重构	Thaumic Additions：Reconstructed	hmcl	3076
		thaumic-alchemy	thaumicalchemy	神秘炼金学	Thaumic Alchemy	hmcl	1493
		thaumic-all-aspect	thaumicallaspect	神秘全要素	Thaumic All Aspect	hmcl	25679
		thaumic-augmentation	thaumicaugmentation	神秘进阶	Thaumic Augmentation	hmcl	2335
		thaumic-bases	thaumicbases	神秘基础学	Thaumic Bases	hmcl	475
		thaumic-bases-mystical-rose-rework	tbmr	神秘基础学玫瑰重制	Thaumic Bases Mystical Rose Rework	hmcl	18384
		thaumic-brewing	thaumicbrewing	神秘酿造学	Thaumic Brewing	hmcl	19192
		thaumic-calculations	thaumic_calculator	神秘计算器	Thaumic Calculations	hmcl	1340
		thaumic-concilium	ThaumicConcilium	神秘议会	Thaumic Concilium	hmcl	15789
		thaumic-customizer	thaumiccustomizer	神秘定制师	Thaumic Customizer	hmcl	28250
		thaumic-duality-interface	thaumicdualityinterface	ME源质二合一接口	Thaumic Duality Interface	hmcl	26756
		thaumic-dyes	thaumicdyes	神秘染料	Thaumic Dyes	hmcl	519
		thaumic-energistics	thaumicenergistics	神秘能源	Thaumic Energistics	hmcl	385
		thaumic-energistics-extended-life		神秘能源延续版	Thaumic Energistics Extended Life	hmcl	8481
		thaumic-energistics-extended-life-fork	thaumicenergistics	神秘能源延续版分支	Thaumic Energistics Extended Life Fork	hmcl	14062
		thaumic-equivalence		奥法置换	Thaumic Equivalence	hmcl	746
		thaumic-expansion		神秘膨胀	Thaumic Expansion	hmcl	749
		thaumic-exploration	ThaumicExploration	神秘探险	Thaumic Exploration	hmcl	237
		thaumic-gadgets	tg	神秘宝具	Thaumic Gadgets	hmcl	1778
		thaumic-grid	thaumicgrid	神秘网络	Thaumic Grid	hmcl	1783
		thaumic-horizons	ThaumicHorizons	神秘视界	Thaumic Horizons	hmcl	447
		thaumic-infusion	thaumicinfusion	神秘注魔	Thaumic Infusion	hmcl	236
		thaumic-katana	thaumkatana	神秘之日本刀	Thaumic Katana	hmcl	1136
		thaumic-meme	thaumicmeme	神秘吐槽	Thaumic Meme	hmcl	18525
		thaumic-periphery	thaumicperiphery	神秘外饰	Thaumic Periphery	hmcl	3000
		thaumic-periphery-fix	peripheryfix	神秘外饰修复	Thaumic Periphery Fix	hmcl	27599
		thaumic-potatoes	shibeid	神秘土豆	Thaumic Potatoes	hmcl	586
		thaumic-potatoes-2	thaumicpotatoes	神秘土豆2	Thaumic Potatoes 2	hmcl	721
		thaumic-restoration	thaumicrestoration	神秘复辟	Thaumic Restoration	hmcl	2330
		thaumic-revelations	trevelations	神秘启示录	Thaumic Revelations	hmcl	483
		thaumic-rings-of-power	trop	神秘众戒	Thaumic Rings Of Power	hmcl	19066
		thaumic-staff	thaumicwands	神秘法杖	Thaumic Staff	hmcl	18383
		thaumic-tinkerer	ThaumicTinkerer	神秘工匠	Thaumic Tinkerer	hmcl	212
		thaumic-tinkerer	ThaumicTinkerer-preloader	神秘工匠	Thaumic Tinkerer	hmcl	212
		thaumic-tinkerer	thaumictinkerer	神秘工匠	Thaumic Tinkerer	hmcl	212
		thaumic-tinkerer-reborn	thaumictinkerer	神秘工匠：重生	Thaumic Tinkerer: Reborn	hmcl	27577
		thaumic-tinkerer-unofficial	thaumictinkerer	神秘工匠非官方版	Thaumic Tinkerer Unofficial	hmcl	18392
		thaumic-upholstry		神秘装饰	Thaumic Upholstry	hmcl	748
		thaumic-wands	thaumicwands	神秘法杖	Thaumic Wands	hmcl	2761
		thaumic-wonders	thaumicwonders	神秘奇境	Thaumic Wonders	hmcl	2338
		thaumic-wonders-unofficial	thaumicwonders	神秘奇境非官方版	Thaumic Wonders Unofficial	hmcl	22212
		thaumisc	keletupack	神秘杂项学	Thaumisc	hmcl	6551
		thaumometer-remake	thaumometerremake	魔导透镜视效复刻	Thaumometer Remake	hmcl	28300
		thaumon	thaumon	神秘再饰	Thaumon	hmcl	16245
		thaumores	thaumores	奥能矿物	ThaumOres	hmcl	752
		thdilos-fox-origin	thorigins	ThDilos的狐狸起源	ThDilos Fox Origin	hmcl	18860
		thdilos-fox-origin-expanded	thorigins2	ThDilos的狐狸起源拓展	ThDilos Fox Origin Expanded	hmcl	18868
		the-abyss	theabyss	深渊：远古	The Abyss: Legacy	hmcl	4531
		the-abyss-chapter-ii	theabyss	深渊：第二章	The Abyss: Chapter II / The Abyss II - The Other Side	hmcl	3527
		the-afterlight	the_afterlight	隐光之域	The Afterlight	hmcl	4574
		the-arbiter	the_arbiter	调停者	The Arbiter	hmcl	12216
		the-aurorian	theaurorian	极光幽境	The Aurorian	hmcl	2383
		the-autologin-mod-for-authme-server	autologin	自动登录	AutoLogin	hmcl	1004
		the-beneath	beneath	深渊世界	The Beneath	hmcl	2197
		the-betweenlands-eternal-melodies	thebetweenlandsmusic	交错次元：永恒旋律	The Betweenlands: Eternal Melodies	hmcl	9001
		the-biomass-must-grow	tbmg	生物质必须生长	The Biomass Must Grow	hmcl	23148
		the-block-box	blockbox	方块百宝箱	The Block Box	hmcl	18370
		the-boys-minecraft	abilities	黑袍：新世界	The Boys : New world	hmcl	15872
		the-bumblezone-forge	the_bumblezone	蜜蜂领域/黄蜂领域	The Bumblezone	hmcl	2489
		the-camping-mod	camping	野营	The Camping Mod	hmcl	13
		the-ceilands	ceilands	垂顶之地	The Ceilands	hmcl	16635
		the-chicken-came-first	tccf	先有鸡	The Chicken Came First	hmcl	6641
		the-conjurer	conjurer_illager	魔术师	The Conjurer	hmcl	3034
		the-cosmic-spokespersons	the_cosmic_spokespersons	宇宙代言者	The Cosmic Spokespersons	hmcl	19645
		the-creeping-nether	creepingnether	蔓延的下界	The Creeping Nether	hmcl	1452
		the-curse-of-ramses-ii	ramesses_curse	拉美西斯二世的诅咒	The Curse of Ramses II	hmcl	27612
		the-dawn-era	dawnera	黎明纪元	The Dawn Era	hmcl	13500
		the-dawn-era-delight	dawnera_delight	黎明纪元乐事	The Dawn Era Delight	hmcl	13787
		the-digimod-beta	thedigimod	方块数码宝贝	The Digimod	hmcl	12095
		the-disenchanter-mod	disenchanter	祛魔台	The Disenchanter	hmcl	1080
		the-dyson-sphere-project	dysonsphere	戴森球计划	The Dyson Sphere Project	hmcl	23249
		the-earth-mod	earth	地球	The Earth Mod	hmcl	4314
		the-egg-came-first	tecf	先有蛋	The Egg Came First	hmcl	2512
		the-eight-fabled-blades	theeightfabledblades	八大传说之刃	The Eight Fabled Blades	hmcl	1143
		the-elemelon-mod	elemelon	元素西瓜	The Elemelon Mod	hmcl	3919
		the-elven-forest	the_elven_forest	精灵森林	The Elven Forest​	hmcl	2196
		the-elysium	elysium	极乐世界	The Elysium	hmcl	769
		the-emerald-haven	the_emerald_haven	翡翠天堂	The Emerald Haven	hmcl	1704
		the-ender-scrolls-skyrimcraft-the-revival	skyrimcraft	末影卷轴 - 天际工艺	The Ender Scrolls - Skyrimcraft	hmcl	18787
		the-erebus	erebus	混沌之地	The Erebus	hmcl	292
		the-five-nights-at-freddys-mod	fanf_mod	玩具熊的五夜后宫	The Five Nights at Freddy's Mod	hmcl	11372
		the-forbidden	theforbbiden	禁忌者	The Forbidden	hmcl	5947
		the-god-fox	godfox	御神狐之刃	The God Fox Reborn	hmcl	26453
		the-graveyard-forge	graveyard	墓园	The Graveyard	hmcl	4988
		the-heaven-sword-and-dragon-saber	yitiaotulong	倚天屠龙	The Heaven Sword and Dragon Saber	hmcl	19171
		the-hospital-mod	the_hospital_mod	医院 Mod	The Hospital Mod	hmcl	1744
		the-king-of-the-villagers	kingvillager	村民之王	The King of the Villagers	hmcl	2551
		the-last-day	the_last_day	最后一日	The Last Day	hmcl	27366
		the-last-narrow-gauge-steam-locomotive		最后的蒸汽小火车	The last narrow-gauge steam locomotive	hmcl	16268
		the-last-smith	lastsmith	最后的太刀匠人	The Last Smith	hmcl	966
		the-last-sword-you-will-ever-need-reboot	tlsywen	最终之剑：重生	The Last Sword You Will Ever Need Reboot	hmcl	716
		the-last-sword-you-will-ever-need-remastered	tlsywen	最终之剑：重制版	The Last Sword You Will Ever Need: Remastered	hmcl	26003
		the-legend-era	legendera	传说纪元	The Legend Era	hmcl	2250
		the-lord-of-the-rings-mod-legacy	lotr	魔戒：传承	The Lord of the Rings Mod: Legacy	hmcl	211
		the-lord-of-the-rings-mod-renewed	lotr	魔戒：复兴	The Lord of the Rings Mod: Renewed	hmcl	2525
		the-lost-castle	tlc	失落城堡	The Lost Castle	hmcl	9713
		the-lost-cities	lostcities	失落的城市	The Lost Cities	hmcl	1295
		the-magic-mirror	magic_mirror	魔镜	The Magic Mirror	hmcl	3220
		the-man-from-the-fog	man	雾中人	The Man From The Fog	hmcl	13484
		the-midnight	midnight	午夜	The Midnight	hmcl	2148
		the-mists-of-riov	RioV	神秘世界	The Mists of RioV Mod	hmcl	1241
		the-morbid-harvester-reborn-reborn	morbid	变态的凋灵收割者	The Morbid Reborn Reborn	hmcl	10475
		the-one-probe	theoneprobe	检测器	The One Probe	hmcl	782
		the-one-probe-community-edition	theoneprobe	检测器-社区版	The One Probe Community Edition	hmcl	9882
		the-periodic-table-mod	periodictablemod	元素周期表	The Periodic Table	hmcl	3941
		the-ponderer	ponderer	思索者	Ponderer	hmcl	24890
		the-rings-of-power	trop	力量之戒/魔戒众戒	The Rings of Power	hmcl	14766
		the-rise-of-minerals	trom	矿石崛起	The Rise Of Minerals	hmcl	15581
		the-sculpture	the_sculpture	SCP-173，雕像	SCP-173，The Sculpture	hmcl	17098
		the-seasons-mod	seasonsmod	四季模组	The Seasons Mod	hmcl	9787
		the-shadow-world	DynamicLights	暗影世界	Shadow World	hmcl	1663
		the-shadow-world	shadowworld	暗影世界	Shadow World	hmcl	1663
		the-slumbering-omen	the_slumbering_omen	沉睡的预兆	The Slumbering Omen	hmcl	14395
		the-sol	sol	太阳系	The Sol	hmcl	4355
		the-space	space	太空	Space	hmcl	25405
		the-space-age-mod	space	太空时代	The Space Age Mod	hmcl	7970
		the-spice-of-life	SpiceOfLife	生活调味料	The Spice of Life	hmcl	404
		the-spice-of-life	spiceoflife	生活调味料	The Spice of Life	hmcl	404
		the-splash-milk	splash_milk	喷溅牛奶	Splash Milk	hmcl	5402
		the-spotlight-mod	thespotlightmod	聚光灯	The Spotlight Mod	hmcl	27781
		the-stormlight-archive-mod	stormlight_mod	飓光志	The Stormlight Archive Mod	hmcl	6270
		the-super-god-road	TheSuperGodRoad	超神之路	TheSuperGodRoad	hmcl	13962
		the-time-stop-mod	timestopmod	时间静止	The Time Stop Mod	hmcl	3355
		the-time-stop-mod	vm	时间静止	The Time Stop Mod	hmcl	3355
		the-titans-mod	TitansAnimationAPI	泰坦生物	The Titans	hmcl	628
		the-titans-mod	thetitans	泰坦生物	The Titans	hmcl	628
		the-titans-old-dream-unofficial		泰坦旧梦	The Titans: Old Dream (Unofficial)	hmcl	27006
		the-twilight-forest	twilightforest	暮色森林	The Twilight Forest	hmcl	61
		the-twilight-forest-deforestation-edition		暮色森林 - Deforestation 版	The Twilight Forest - Deforestation Edition	hmcl	16157
		the-twilight-forest-unofficial		暮色森林非官方版	The Twilight Forest Unofficial	hmcl	17744
		the-ultimate-dimension	rt	究极次元	The Ultimate Dimension	hmcl	1809
		the-undergarden	undergarden	深暗之园	The Undergarden	hmcl	2870
		the-vegan-option	veganoption	素食者的选择	The Vegan Option	hmcl	21199
		the-wax-gourd	the_wax	东垂瓜	The Wax Gourd	hmcl	24115
		the-weirding-gadget	weirdinggadget	古怪装置	The Weirding Gadget	hmcl	1996
		the-wild-mod	the_wild_update	荒野更新	The Wild Mod	hmcl	5303
		the-wild-mod	twm	荒野更新	The Wild Mod	hmcl	5303
		the-wild-update	the_wild_update	荒野更新 1.19	The Wild Update 1.19	hmcl	5351
		the-wings-of-alfheim-1-7-10	alfheimwings	亚尔夫海姆之翼	The Wings of Alfheim	hmcl	1227
		the-witcher-adventure	thewitcheradventure	猎魔人	The Witcher Adventure	hmcl	912
		the-wools	the_wools	羊毛！	The Wools!	hmcl	7815
		the-zenith-sword	zenith	天顶剑	The Zenith Sword	hmcl	23975
		the_legend_of_the_brave	thelegendofthebraveii	勇者传说	The Legend of The Brave	hmcl	2060
		thebladeofchaos49	the_blade_of_chaos49	混乱处刑	Blade of Chaos	hmcl	24012
		themoreloyaltrident	moreloyaltrident	更忠诚的三叉戟/移运兜转	TheMoreLoyalTrident	hmcl	13696
		thermal	thermalvision	热成像	Thermal	hmcl	28253
		thermal-cultivation	thermal_cultivation	热力农业	Thermal Cultivation	hmcl	876
		thermal-cultivation	thermalcultivation	热力农业	Thermal Cultivation	hmcl	876
		thermal-dynamics	ThermalDynamics	热动力学	Thermal Dynamics	hmcl	480
		thermal-dynamics	thermaldynamics	热动力学	Thermal Dynamics	hmcl	480
		thermal-expansion	ThermalExpansion	热力膨胀3	Thermal Expansion 3	hmcl	67
		thermal-expansion	ThermalExpansion	热力膨胀4	Thermal Expansion 4	hmcl	357
		thermal-expansion	thermalexpansion	热力膨胀5	Thermal Expansion 5	hmcl	634
		thermal-foundation	ThermalFoundation	热力基本	Thermal Foundation	hmcl	425
		thermal-foundation	thermal	热力基本	Thermal Foundation	hmcl	425
		thermal-foundation	thermal	热力系列	Thermal Series	hmcl	3824
		thermal-foundation	thermalfoundation	热力基本	Thermal Foundation	hmcl	425
		thermal-innovation	thermal_innovation	热力革新	Thermal Innovation	hmcl	1126
		thermal-innovation	thermalinnovation	热力革新	Thermal Innovation	hmcl	1126
		thermal-locomotion	thermal_locomotion	热力运输	Thermal Locomotion	hmcl	3237
		thermal-mj	thermal_mj	热力MJ支持	Thermal MJ	hmcl	3320
		thermal-parallel	thermal_parallel	热力并行	Thermal Parallel	hmcl	22174
		thermal-recycling	recycling	热力回收	Thermal Recycling	hmcl	21958
		thermal-singularities	thermsingul	热力奇点	Thermal Singularities	hmcl	2643
		thermal-smeltery	ThermalSmeltery	热力冶炼厂	Thermal Smeltery	hmcl	662
		thermal-smeltery	thermalsmeltery	热力冶炼厂	Thermal Smeltery	hmcl	662
		thermal-smeltery-redux		热力冶炼厂重置版	Thermal Smeltery Redux	hmcl	759
		thermallogistics	thermallogistics	热力物流学	Thermal Logistics	hmcl	1882
		thermopolium	thermopolium	汤饮铺	Thermopolium	hmcl	5857
		thesunglasses	sunglasses	墨镜	Sunglasses	hmcl	27491
		thesunglasses	ultra_goggles	墨镜	Sunglasses	hmcl	27491
		thetitansneo	thetitansneo	泰坦生物Neo	TheTitansNeo	hmcl	20941
		thetrackers	the_trackers	全追踪	TheTrackers	hmcl	19218
		theundead	undead	祸乱亡灵	THE UNDEAD REVAMPED	hmcl	5917
		theundead	undead_revamp2	祸乱亡灵	THE UNDEAD REVAMPED	hmcl	5917
		thezenith	the_zenith_sword	天顶剑	TheZenithSword	hmcl	25657
		things-fabric	things	杂七杂八的东西	Things	hmcl	7320
		think-before-drop	thinkbeforedrop	丢弃物品保护	Think Before Drop	hmcl	7588
		thip	tokusatsu_hero_completion_plan	特摄英雄补完计划	Tokusatsu Hero Instrumentality Project	hmcl	9313
		third-person-shooting	tp_shooting	第三人称射击：零	Third Person Shooting: Zero	hmcl	13578
		thirst-mod	thirstmod	饮水	Thirst Mod	hmcl	272
		thirst-was-remade	thirst	口渴-重制	Thirst Was Remade	hmcl	11052
		thirst-was-taken	thirst	口渴	Thirst Was Taken	hmcl	10018
		thirstcanteen	thirstcanteen	口渴-水壶	ThirstCanteen	hmcl	14061
		thirstwastaken-unofficialfabric	twt-u	口渴-非官方 Fabric 版	ThirstWasTaken-UnofficialFabric	hmcl	26937
		this-boat-is-mine	tbim	这是我的船！	This boat is MINE!	hmcl	10988
		this-rocks	rocks	这就是石粒！	This Rocks!	hmcl	6386
		thorium	thorium	钍	Thorium	hmcl	5909
		thorium-reactors	thoriumreactors	钍反应堆	Thorium Reactors	hmcl	13095
		threadtweak-reforged		ThreadTweak (Neo)Forge 移植版	ThreadTweak Reforged	hmcl	20047
		three-in-one-uncrafting-table	three-in-one-uncrafting-table	三合一拆解台	Three In One Uncrafting Table	hmcl	25701
		threetag-palladium	palladium	钯	Palladium	hmcl	13581
		throughput-quest	throughput_quest	ME吞吐量检测任务	Throughput Quest	hmcl	19046
		throwability	throwability	投掷	Throwability	hmcl	5721
		throwableslimeball	throwable_slimeball	可投掷黏液球/圆液多掷	ThrowableSlimeball	hmcl	12566
		thrown	thrown	扔!	Thrown	hmcl	16263
		thunderbolt-lib	ae2lt_api	闪枢库	Thunderbolt Lib	hmcl	26632
		thuts-elevators	thuttech	Thutmose的电梯	Thut's Elevators	hmcl	1623
		tianjin-metro	tjmetro	天津地铁	Tianjin Metro	hmcl	15836
		tianshu-library	tianshu_libs	天枢-库	Tianshu Libs	hmcl	28191
		tick-dynamic	tickdynamic	动态Tick	Tick-Dynamic	hmcl	1477
		tickprofiler	tickprofiler	Tick分析器	TickProfiler	hmcl	1506
		tickrate-changer	tickrate_changer	运算变速	Tickrate Changer	hmcl	7838
		tickratechanger	tickratechanger	运算变速	TickrateChanger	hmcl	1473
		tics-delight	tinkers_delight	匠魂乐事	Tinkers' Delight / TiC's Delight	hmcl	13418
		tictac-buttons	tictac_buttons	滴答按钮	TicTac Buttons	hmcl	27942
		tidal-commission	tidalcommission	潮汐委托	Tidal Commission	hmcl	26319
		tidal-observation-card	trs	潮汐观测卡	Tidal Observation Card	hmcl	26121
		tidal-towns	mr_tidal_towns	潮汐小镇	Tidal Towns	hmcl	11358
		tidal-towns	tidal_towns	潮汐小镇	Tidal Towns	hmcl	11358
		tide	tide	潮汐	Tide	hmcl	13540
		tidemaid	tidemaid	潮汐女仆	Tide Maid	hmcl	27760
		tiger-shark	tiger_shark	海虎	TigerShark	hmcl	20961
		time-control	timecontrol	时间控制	Time Control	hmcl	22222
		time-feeds-villager	time_feeds_villager	逝者如饲：村民	Time Feeds: Villager	hmcl	20359
		time-in-a-bottle	timeinabottle	时间之瓶 Fabric 版	Time in a Bottle (Fabric)	hmcl	8381
		time-in-a-bottle-standalone	tiab	时间之瓶	Time in a bottle standalone	hmcl	3971
		time-machine-mod	timemachine	时光机	Time Machine	hmcl	1580
		time-overhaul	timeoverhaul	时间改革	Time Overhaul	hmcl	2533
		time-speed-mod	B3M	Minecraft地球自转/真实昼夜循环	Вращение Земли Майнкрафтская (Accurate day/night-cycles Mod)	hmcl	3322
		time-stages	timestages	阶段时间	Time Stages	hmcl	2369
		time-stop-clock-mod	timeclock	时之钟	Time Stop Clock	hmcl	8009
		time-travel-mod	timetravelmod	时间旅行	Time Travel Mod	hmcl	3388
		timeless-and-classic-guns	tac	永恒枪械工坊	Timeless and Classics Guns	hmcl	4170
		timeless-and-classics-guns-lesraisins-append-pack	lesraisinsadd	TaC：绿葡萄附属包	TaC：LesRaisins Append Pack	hmcl	12717
		timeless-and-classics-zero	tacz	永恒枪械工坊：零	Timeless and Classics Zero	hmcl	14980
		timeless-ivy-reborn	timeless_ivy_reborn	永恒常春藤：重生	Timeless Ivy:Reborn	hmcl	19058
		timelessivy	timeless_ivy	永恒常春藤	TimelessIvy	hmcl	12219
		timerecorder	timerecorder	光阴：莉拉提娅	TimeRecorder	hmcl	13978
		timescalelib	timescalelib	时间缩放库	TimeScaleLib	hmcl	27059
		timestopclock	megatimestop	Mega的时间静止	MegaTimeStopMod	hmcl	7136
		tinker-delight	tinkersdelight	匠魂乐事	Tinkers Delight/Tinkers Construct Delight	hmcl	14507
		tinker-i-o	tinker_io	工匠接口	Tinker I/O	hmcl	631
		tinker-i-o-ce	tinker_io	工匠接口社区版	Tinker I/O CE	hmcl	17119
		tinker-in-caves	tinker_in_caves	洞穴工匠	Tinker in Caves	hmcl	19241
		tinkered-hegemony	tinkeredhegemony	匠器主导	Tinkered Hegemony	hmcl	3138
		tinkers-addons	TinkersAddons	匠魂拓展	Tinkers' Addons	hmcl	1770
		tinkers-addons	tinkersaddons	匠魂拓展	Tinkers' Addons	hmcl	1770
		tinkers-advanced	tinkers_advanced	前沿匠艺系列	Tinkers' Advanced	hmcl	18518
		tinkers-aether	tinkersaether	天境工匠	Tinkers Aether	hmcl	2160
		tinkers-ancient-tools-rebuilding	tinkers_atr	工匠：古物重建	Tinkers: Ancient Tools Rebuilding	hmcl	24550
		tinkers-antique	tconstruct	匠魂怀古	Tinkers' Antique	hmcl	19361
		tinkers-archery	tinkersarchery	工匠箭术	Tinkers' Archery	hmcl	5421
		tinkers-bounce-pad	tbouncepad	匠魂弹跳板	Tinkers Bounce Pad	hmcl	9958
		tinkers-calibration-tic3	tinkerscalibration	匠魂校准	Tinkers' Calibration	hmcl	10374
		tinkers-centrifuge	tinkerscentrifuge	匠魂：分离	Tinkers' Centrifuge	hmcl	25519
		tinkers-complement	tcomplement	匠魂补充	Tinkers' Complement	hmcl	1254
		tinkers-construct	TConstruct	匠魂	Tinkers' Construct	hmcl	101
		tinkers-construct	TConstruct	匠魂2	Tinkers' Construct 2	hmcl	683
		tinkers-construct	tconstruct	匠魂2	Tinkers' Construct 2	hmcl	683
		tinkers-construct	tconstruct	匠魂3	Tinkers' Construct 3	hmcl	3725
		tinkers-construct-bedrock-edition		匠魂2：基岩版	Tinkers' Construct: Bedrock Edition	hmcl	5652
		tinkers-craft	tinkercraft	工匠创意	Tinkers' Craft	hmcl	7818
		tinkers-delight	tdelight	工匠乐事	Tinker's Delight	hmcl	4565
		tinkers-delight	thinkers_delight	工匠乐事	Tinker's Delight	hmcl	4565
		tinkers-emc	tinkersemc	匠魂EMC	Tinker's EMC	hmcl	23834
		tinkers-enchantment-modification	crashguard	匠魂附魔与调整	Tinkers Enchantment & Modification	hmcl	27341
		tinkers-evolution	tconevo	匠魂进化	Tinkers' Evolution	hmcl	2739
		tinkers-exporter	tic_exporter	匠魂数据导出器	Tinkers Exporter	hmcl	2740
		tinkers-forging	tinkersforging	工匠锻造	Tinker's Forging	hmcl	2435
		tinkers-gears	tgears	匠械	Tinkers' Gears	hmcl	22656
		tinkers-golem	tinkers_golem	工匠傀儡	Tinkers' Golem	hmcl	28875
		tinkers-ingenuity	tinkers_ingenuity	匠心之作	Tinkers' Ingenuity	hmcl	19705
		tinkers-innovation	tinkersinnovation	工匠创新	Tinkers' Innovation	hmcl	14431
		tinkers-jewelry	tinkersjewelry	工匠珠宝	Tinkers' Jewelry	hmcl	19876
		tinkers-jewelry-ex	tinkers_jewelry_ex	工匠珠宝拓展	Tinkers' Jewelry EX	hmcl	19946
		tinkers-katanas	tinkers_katanas	匠魂武士刀	Tinkers' Katanas	hmcl	11065
		tinkers-modifier-modifier	tconmodmod	匠魂强化修改	Tinkers' Modifier Modifier	hmcl	3214
		tinkers-oredict-cache	tinkersoredictcache	匠魂矿辞缓存	Tinkers OreDict Cache	hmcl	5049
		tinkers-planner	tconplanner	匠魂蓝图	Tinker's Planner	hmcl	4575
		tinkers-planner-reborn	tconplanner	匠魂蓝图：重燃	Tinker's Planner Reborn	hmcl	20763
		tinkers-ponder	tponder	工匠思索	Tinkers' Ponder	hmcl	24954
		tinkers-rapier	tinker_rapier	匠魂西洋剑	Tinkers' Rapier	hmcl	4740
		tinkers-reforged	tinkers_reforged	工匠再锻	Tinkers Reforged	hmcl	2521
		tinkers-skyblock	tinkerskyblock	匠魂空岛	Tinkers' Skyblock	hmcl	1513
		tinkers-slashblade	slashbladetic	刀锻冶匠魂	Tinker's SlashBlade	hmcl	1629
		tinkers-steelworks	TSteelworks	匠魂炼钢厂	Tinkers' Steelworks	hmcl	1009
		tinkers-tactical-toughness	tt2	工匠御械/御严抵阵	Tinkers Tactical Toughness	hmcl	26488
		tinkers-things	tiths	匠魂扩增	Tinkers' Things	hmcl	2120
		tinkers-things-json	tinkers_things	匠魂杂物	Tinkers' Things	hmcl	8978
		tinkers-thinking	tinkers_thinking	工匠巧思	Tinkers' Thinking	hmcl	9720
		tinkers-tool-leveling	tinkertoolleveling	匠魂工具升级	Tinkers' Tool Leveling	hmcl	1056
		tinkers-tool-leveling-2	tleveling	匠魂工具升级2	Tinkers Tool Leveling 2	hmcl	19082
		tinkers-visual-tweaker	shiba	可视化匠魂调整	Tinkers Visual Tweaker	hmcl	28016
		tinkerslashblade-patch	tinker_slashblade_patch	刀锻冶匠魂修复	TinkerSlashBlade Patch	hmcl	19699
		tinkersmiddleearth	lotrtc	中洲匠魂	Tinker's Middleearth	hmcl	2515
		tinkersurvival	tinkersurvival	匠魂生存	Tinkers' Survival	hmcl	2378
		tinkerswizardry	tinkers_wizardry	巫师匠艺	Tinker's Wizardry	hmcl	25708
		tinkervillager	tinker17	工匠村民	Tinker Villager	hmcl	15951
		tinkervillager	tinkervillager	工匠村民	Tinker Villager	hmcl	15951
		tiny-mob-farm	tinymobfarm	迷你刷怪场	Tiny Mob Farm	hmcl	1727
		tiny-mob-farm-ce	tinymobfarm	迷你刷怪场 社区版	Tiny Mob Farm CE	hmcl	27864
		tiny-mob-farm-remastered	tinymobfarm	迷你刷怪场：重制	Tiny Mob Farm Remastered	hmcl	14069
		tiny-progressions	tp	微型自动化	Tiny Progressions	hmcl	647
		tiny-skeletons-forge	tinyskeletons	小骷髅变种	Tiny Skeletons	hmcl	5524
		tinyfish-death-penalty	death_penalty	死亡惩罚	Death Penalty	hmcl	22219
		tip-the-gui	screenscale	界面尺寸设置优化	GUI Scale	hmcl	7799
		tips	tips	提示	Tips	hmcl	3666
		tips	tipsmod	提示	Tips	hmcl	3666
		titanium	titanium	钛	Titanium	hmcl	2088
		title-fix	title-fix	标题修复	Title Fix	hmcl	8536
		titlechanger		标题切换器	TitleChanger	hmcl	6891
		titles	titles	头衔	Titles	hmcl	4909
		titles-and-timing	ch-mod	称号与计时	Titles and Timing	hmcl	23073
		tlm-attributedisplay	tlm_atrribute_display	车万女仆：属性显示	Touhou Little Maid: Attribute Display	hmcl	25688
		tlm-ender	tlm_ender	车万女仆：末影	TLM Ender	hmcl	28269
		tlm-native-power	native_power_of_maid	车万女仆：原生的力量	TLM: Native POWER	hmcl	23733
		tlm-true-power	true_power_of_maid	车万女仆：真正的力量	TLM: True POWER	hmcl	20590
		tlmo-additions	tlmo_additions	车万女仆：织姬拓展	TLMO Additions	hmcl	25643
		tmtravlrs-arrow-trails	arrowtrails	Tmtravlr的箭矢轨迹	Tmtravlr's Arrow Trails	hmcl	17382
		tnt-duper	tnt_duper	TNT复制器	TNT Duper	hmcl	24175
		toast-control	toastcontrol	消息框控制	Toast Control	hmcl	1758
		toastsbows	toasts_bows	吐司的弓	ToastsBows	hmcl	28452
		toexistingstacks	existing_stacks	添加到现有堆叠	ToExistingStacks	hmcl	15555
		tofu-delight	tofudelight	豆腐乐事	Tofu Delight	hmcl	9777
		tofucraftreload	tofucraft	豆腐工艺重制版	TofuCraftReload	hmcl	1633
		toges	toges	无敌宇宙领主的至尊神秘维度	The Omnipotent Galactic Emperor's Supreme & Mysterious Dimension	hmcl	27757
		toggledpickup	toggledpickup	拾取控制	Toggled Pickup	hmcl	14195
		togglelib	togglelib	列车手柄库	ToggleLib	hmcl	3812
		tokien-theme-bq	bqt_tolkien	更好的任务-托尔金主题	Tolkien Theme [BQ]	hmcl	20534
		tokusatsu-hero-instrumentality-project-evolution	thip	特摄英雄补完计划-进化	Tokusatsu Hero Instrumentality Project-Evolution	hmcl	24299
		tokusatsurecord	tokusatsurecord	特摄唱片	Tokusatsu Record	hmcl	16717
		tombstone-revived		墓碑：复生	Tombstone: Revived	hmcl	2797
		tome-of-blood	tomeofblood	血之宝典	Tome of Blood	hmcl	4673
		tomes	tomes	秘典	Tomes	hmcl	5114
		toms-storage	toms_storage	汤姆的简易存储	Tom's Simple Storage Mod	hmcl	2882
		toms-storage-star-optimized	toms_storage_star_optimized	汤姆存储 - 星的奇妙优化	Toms Storage Star Optimized	hmcl	25057
		tongda-railway	tongdarailway	通达铁路	TongDa Railway	hmcl	23110
		tongda-way	tongdaway	通达路	TongDaWay	hmcl	22562
		tongdarailway-for-forge	tongdarailway_for_forge	通达铁路-for-Forge	TongDaRailway for Forge	hmcl	23954
		too-hard-to-dig	h2d	隐岩砥凿	Too Hard to Dig	hmcl	14046
		too-many-bows	too_many_bows	琳琅满弓 / 太多弓	Too Many Bows	hmcl	21780
		too-many-bows-epic-fight		Too Many Bows|史诗战斗	Too Many Bows Epic Fight	hmcl	24157
		too-many-tinkers	toomanytinkers	TmT 匠魂材质映射	Too Many Tinkers	hmcl	24366
		too-much-entities	too_much_entities	太多的实体	Too Much Entities	hmcl	26741
		too-realistic-inventory	noinv	真实背包	Realistic Inventory	hmcl	2348
		tool-belt	toolbelt	工具皮带	Tool Belt	hmcl	2649
		tool-builder	toolbuilder	铸器师	Tool Builder	hmcl	2266
		tool-disassemble	tooldisassemble	拆器碎散/匠魂工具拆解	Tool Disassemble	hmcl	20909
		tool-leveling-plus	toolleveling	工具升级	Tool Leveling+	hmcl	5296
		tool-progression	toolprogression	工具进阶	Tool Progression	hmcl	4171
		tool-switcher	tool-switcher	工具切换器	Tool Switcher	hmcl	25732
		tool-upadate	tool_update	工具附魔等级升级	Tool Update	hmcl	21726
		tool-upgrades	toolupgrades	工具升级	Tool Upgrades	hmcl	10291
		tools-and-armor-bop	toolsandarmorbop	超多生物群系：旧工具和装甲	Tools And Armor - BOP	hmcl	3329
		tools-attack	tools_attack	工具也横扫！	Tools Attack	hmcl	17781
		toolscombine	stc	工具组合	Tools Combine	hmcl	1751
		tooltipfix	tooltipfix	信息提示修复	ToolTipFix	hmcl	5280
		tooltiprareness	tooltiprareness	稀有度提示框	TooltipRareness	hmcl	7669
		tooltips-reforged	tooltips_reforged	提示框：重铸	Tooltips Reforged	hmcl	20628
		tooltiptweaks	tooltiptweaks	提示框微调	Tooltip Tweaks	hmcl	6633
		tooltweaks	tooltweaks	禁用原版工具	ToolTweaks	hmcl	2433
		top-extras	topextras	TOP 附加	TOP Extras	hmcl	9835
		topography	topography	地形	Topography	hmcl	2142
		torch-bandolier	torchbandolier	火把弹药袋	Torch Bandolier	hmcl	5255
		torch-slabs-renewed	torchslabmod	更好的火把放置重制版	Torch Slabs Renewed	hmcl	18331
		torchbowmod	torchbowmod	火把弓	TorchBowMod	hmcl	4936
		torcherino	Torcherino	加速火把	Torcherino	hmcl	587
		torcherino	torcherino	加速火把	Torcherino	hmcl	587
		torcherino-community-edition	torcherino	加速火把社区版	Torcherino Community Edition	hmcl	12464
		torcherino-unofficial	torcherino	加速火把非官方版	Torcherino(Unofficial)	hmcl	11277
		torches-in-water	torches_in_water	水中火把	Torches in Water	hmcl	14151
		torchmaster	torchmaster	火炬大师	Torchmaster	hmcl	779
		torchslabs-mod	torchslabmod	更好的火把放置	Torch Slabs Mod	hmcl	2579
		tornado-mod-classic	weather_classic	局部气候&风暴经典版	Weather and Tornadoes Classic	hmcl	17727
		torohealth-continued		ToroHealth 伤害显示：延续	ToroHealth-Continued	hmcl	27277
		torohealth-damage-indicators	torohealth	ToroHealth 伤害显示	ToroHealth Damage Indicators	hmcl	1015
		torque-link-create-to-tfc	c2tfc	旋力转接：机械动力×群峦	Torque Link Create To TFC	hmcl	25381
		total-tinkers	totaltinkers	统合匠艺	Total Tinkers	hmcl	2759
		totem-of-substitution	substitute_totem_for_death	替死图腾	Totem of Substitution	hmcl	18074
		totem-plus	totemplus	图腾增强	Totem Plus	hmcl	3043
		totemic	totemic	图腾	Totemic	hmcl	949
		tothestarsremake	tothestarsremake	ToTheStars重制版	ToTheStarsRemake	hmcl	15351
		touchcontroller	touchcontroller	触摸控制器	TouchController	hmcl	17432
		tough-as-nails	toughasnails	意志坚定	Tough As Nails	hmcl	531
		tough-as-nails-legacy		意志坚定：传承	Tough As Nails: Legacy	hmcl	26276
		tough-expansion	tanaddons	意志坚定：热力附属	Tough Expansion	hmcl	1221
		touhou-danmaku-kagura-core	amara	东方弹幕神乐核心	Touhou Danmaku Kagura core	hmcl	19568
		touhou-item-mod	THKaguyaMod	辉夜姬的五难题	五つの難題MOD+ ~ Touhou Items	hmcl	11
		touhou-little-maid	touhou_little_maid	车万女仆	Touhou Little Maid	hmcl	1796
		touhou-little-maid-epistalove	touhou_little_maid_epistalove	车万女仆：纸短情长	Touhou Little Maid: Epistalove	hmcl	23360
		touhou-little-maid-for-ae2	tmlforae	车万女仆：AE附属	Touhou Little Maid for AE2	hmcl	26938
		touhou-little-maid-growableores-compat	growable_ores_touhou_little_maid_compat	车万女仆：GrowableOres 兼容	Touhou Little Maid: GrowableOres Compat	hmcl	26809
		touhou-little-maid-spell	touhou_little_maid_spell	车万女仆：万法皆通	Touhou Little Maid: Spell	hmcl	20314
		touhou-little-maid-vampirism	touhou_little_maid_vampirism	车万女仆：血族	touhou_little_maid_vampirism	hmcl	26728
		touhou-little-maid-vanilla-companion	touhou_little_maid_vanilla_companion	车万女仆：香草伙伴	Touhou Little Maid - Vanilla Companion	hmcl	26982
		touhou-maid-affection	touhou_maid_affection	车万女仆附属：爱恋	Touhou Maid: Affection	hmcl	25431
		touhou-origins	touhouorigins	起源：东方 Project 附加包	Touhou Origins	hmcl	7971
		touhou-spell-card-additional	SpellCardPlusMod	东方符卡附加包	Touhou Spell Card Additional Pack	hmcl	6456
		touhoulittlemaid-orihime	touhou_little_maid	车万女仆：织姬	Touhou Little Maid: Orihime	hmcl	20915
		touhoulittlemaidbe		车万女仆基岩版	Touhou Little Maid BE	hmcl	12614
		touhoupixelcanteen-a-farmers-delight-plugin	gensokyoizakaya	幻雀妖	Gensokyo Izakaya	hmcl	20223
		touhoupixelcanteen-a-farmers-delight-plugin	touhoupixelcanteen	幻雀妖	Gensokyo Izakaya	hmcl	20223
		toward-deeper-abyss	toward_deeper_abyss	向着更深的深渊	Toward Deeper Abyss	hmcl	27811
		towers-of-the-wild	towers_of_the_wild	旷野之塔	Towers Of The Wild	hmcl	2892
		towers-of-the-wild-modded	totw_modded	旷野之息高塔 : 再重制	Towers of the Wild Modded	hmcl	11568
		towers-of-the-wild-reloaded	towers_of_the_wild	旷野之塔：重置	Towers of the Wild: Reloaded	hmcl	5569
		towers-of-the-wild-reworked	towers_of_the_wild_reworked	旷野之息高塔：重制	Towers of the Wild: Reworked	hmcl	5568
		toxicrain	toxicrain	有毒的雨	ToxicRain	hmcl	1040
		toxony	toxony	毒术	Toxony	hmcl	22100
		tpa-datapack		TPA数据包	TPA Datapack	hmcl	19404
		tpalette-forge	TPaletteF	调色板	TPalette	hmcl	1246
		tpms	tpmaster	传送命令·简	Teleport Master Simplified	hmcl	18489
		tprt-sakuratinker-expand	tprt	挚爱 — 魂樱工匠补充	myLove（sakuratnker expand）	hmcl	21729
		tps-generator	tpsgenerator	TPS发电机	TPS Generator	hmcl	2447
		trackwork	trackwork	驱动工艺	Trackwork	hmcl	15499
		trackwork-refabricated		驱动工艺：重织	Trackwork Refabricated	hmcl	26001
		tradable-wind-burst	tradable-wind-burst	可交易风爆	Tradable Wind Burst	hmcl	24873
		trade-enchantment-display	tradeenchantmentdisplay	交易附魔显示	Trade Enchantment Display	hmcl	15979
		trade-gui		自定义商店界面	Trade GUI	hmcl	22121
		trade-refresh	traderefresh	交易刷新	Trade Refresh	hmcl	9158
		trade-refresh-legacy	trade_refresh	交易刷新：旧版	Trade Refresh Legacy	hmcl	23853
		trade-tweaks	tradetweaks	交易优化	Trade Tweaks	hmcl	22858
		tradepreview	tradepreview	交易预览	TradePreview	hmcl	19405
		trading-post	tradingpost	交易站	Trading Post	hmcl	5589
		traditionalcraft	traditional_craft	古法工艺	Traditional Craft	hmcl	23837
		tragicmc	TragicMC	悲惨世界1	TragicMC	hmcl	14212
		tragicmc-2-continuation		悲惨世界2：延续	TragicMC 2 Continuation	hmcl	19959
		tragicmc2	TragicMC	悲惨世界2	TragicMC 2	hmcl	880
		tragicmc3	tragicmc	悲惨世界3	TragicMC 3	hmcl	2558
		trail-tales-delight	trailandtales_delight	樱途旅事	Trail&Tales Delight	hmcl	18315
		train-deco	traindeco	机械动力：地铁列车装饰	Train Deco	hmcl	19687
		traincraft	tc	火车工业	Traincraft	hmcl	317
		traitors-better-swampland-mod	swampland	更好的沼泽	Traitor's Better Swamplands Mod	hmcl	2066
		trajectory-estimation	trajectory_estimation	弹道估计	Trajectory Estimation	hmcl	13980
		trajectory-preview	trajectory_preview	弹道预览	Trajectory Preview	hmcl	3067
		trajectoryprojections	trajectory	弹道预测	Trajectory	hmcl	16379
		trample-stopper	tramplestopper	防止踩踏	Trample Stopper	hmcl	2042
		transcend	transcend	超越	Transcend	hmcl	6257
		transducers	Transducers	能源转换器	Transducers	hmcl	26922
		transformer	transformer	奥特化身：无限	Becomes Ultraman:Infinity	hmcl	17161
		translocators-1-8	Translocator	转运器	Translocators	hmcl	105
		translocators-1-8	translocators	转运器	Translocators	hmcl	105
		transmog	transmog	幻化	Transmog	hmcl	14740
		transmog-inf-fuel	transmog_inf_fuel	幻化：无限充能	Transmog Inf fuel	hmcl	28647
		transmute-liquids-addon-for-thaumcraft-4	transmuteliquids	液体嬗变	Transmute Liquids	hmcl	751
		transparentcapespatch	transparentcapespatch	透明披风修复	TransparentCapesPatch	hmcl	17832
		transprot	transprot	运输	Transprot	hmcl	1522
		trapcraft	trapcraft	陷阱	Trapcraft	hmcl	1445
		trash-cans	trashcans	垃圾桶	Trash Cans	hmcl	3766
		trashslot	trashslot	垃圾槽	TrashSlot	hmcl	1893
		travel-anchors	travel_anchors	旅行锚	Travel Anchors	hmcl	3128
		travel-anchors	travelanchors	旅行锚	Travel Anchors	hmcl	3128
		travelers-backpack	travelersbackpack	旅行者背包	Traveler's Backpack	hmcl	1732
		travelers-backpack	travellersbackpack	旅行者背包	Traveler's Backpack	hmcl	1732
		travelers-backpack-integrations	tbintegration	旅行者背包集成	Traveler's Backpack Integrations	hmcl	2798
		travelers-compass	travelerscompass	旅行者指南针	Traveler's Compass	hmcl	13140
		travelers-titles	travelerstitles	旅人标题	Traveler's Titles	hmcl	4471
		travellers-gear	TravellersGear	旅者之器	Traveller's Gear	hmcl	1426
		traverse-reforged	traverse	遍历	Traverse	hmcl	1416
		treasure-bags	treasurebags	宝藏袋	Treasure Bags	hmcl	1586
		treasure-seas	treasure_seas	宝藏海	Treasure Seas	hmcl	16230
		treasure2	treasure2	寻宝记2	Treasure2!	hmcl	3030
		tree-chopper	treechopper	砍树	Tree Chopper	hmcl	1294
		tree-growing-simulator	treeGrowingSimulator	跳舞树成长	Tree Growing Simulator	hmcl	1123
		tree-hollows	tree-hollows	树洞	Tree Hollows	hmcl	6236
		tree-hollows	treehollows	树洞	Tree Hollows	hmcl	6236
		tree-hollows-forge	treehollows	树洞Forge版	Tree Hollows Forge	hmcl	28279
		treecapitator	Treecapitator	砍树	Treecapitator	hmcl	419
		treecapitator-updated	TreeCapitator	砍树更新版	Treecapitator Updated	hmcl	14813
		treecapitator-updated	treecapitator	砍树更新版	Treecapitator Updated	hmcl	14813
		treechop	treechop	HT 的砍树	HT's TreeChop	hmcl	6554
		trident-mod	trident	三叉戟	Trident	hmcl	6281
		trinity	trinity	三位一体	Trinity	hmcl	2564
		trinity-unofficial	trinity	三位一体：非官方版	Trinity Unofficial	hmcl	27901
		trinkets-and-baubles	xat	饰品与小玩意	Trinkets and Baubles	hmcl	5354
		trinkets-and-baubles-reforked	trinketsandbaubles	饰品与小玩意：重铸	Trinkets and Baubles Reforked	hmcl	18938
		trivialthoughts	trivialthoughts	魔金琐想	TrivialThoughts	hmcl	9657
		tropicraft	tropicraft	热带世界	Tropicraft	hmcl	900
		tropicraft-continuation	tropicraft	热带世界：延续	Tropicraft Continuation	hmcl	14775
		trove-geode	geode	宝藏世界：晶洞	Trove: Geode	hmcl	27929
		trowel	trowel	抹泥铲	Trowel	hmcl	25703
		true-power	truepower	真正的力量	True POWER	hmcl	20244
		true-rails	truerails	真·铁路	True-Rails	hmcl	28637
		trueuuid	trueuuid	正版离线共存	TrueUUID	hmcl	21953
		truly-best-friends-forever	trulybestfriends	真正永恒的伙伴	Truly Best Friends Forever	hmcl	28331
		truss-mod	TrussMod	桁架	Truss Mod	hmcl	142
		tsb-tetra-spell-book-new	tetra_spell_book	Tetra法术书	Tetra Spell Book	hmcl	23711
		tschipcrafts-dynamic-lights	dynamiclights	动态光源 [数据包版]	Dynamic Lights [Data Pack]	hmcl	15358
		tskimi-seirans-fruit-wine	tksrwine	月见清兰的果酒	Tskimi Seiran's Fruit Wine	hmcl	9980
		tsuki	tsuki	月	Tsuki	hmcl	26140
		ttle-iron-sword	shunjianll	小铁剑	Ttle Iron Sword	hmcl	26337
		tube-transport-system	tts	管道传输系统	Tube Transport System	hmcl	2386
		tubes	tubes	管道	Tubes!	hmcl	273
		tudigong-wayfinder	tudigong	土地公	TuDiGong	hmcl	22325
		tuff-depth	tuffdepth	凝灰岩深度	Tuff Depth	hmcl	5304
		tumbleweed	tumbleweed	风滚草	Tumbleweed	hmcl	1880
		turbulence-loading-animation	turbulenceloadinganimation	乱流加载动画	Turbulence Loading Animation	hmcl	25048
		turkey	turkey	火鸡	Turkey	hmcl	9218
		turtle-house	turtle_house	海龟房屋	Turtle House	hmcl	26396
		tutes-cn-sweetinks-items	tsitems	塔兹与甜墨的物品	Tutes-cn & Sweetink's Items	hmcl	20742
		tutes-cn-sweetinks-items	tutescnsitems	Tutes塔兹的物品	Tutes-cn's Items	hmcl	13192
		tvcraft-the-legend-of-tenna	tenna_deltarune_pet	TV世界：天纳传说	TVCraft: The Legend of Tenna	hmcl	25605
		tw-core	tw_core	TW的核心	TW`s Core	hmcl	27992
		tweakers-construct	tweakersconstruct	匠魂调整	Tweakers Construct	hmcl	2767
		twelvefold-better-combat	tfbettercombat	更好的战斗	Twelvefold Better Combat	hmcl	7168
		twerkitmeal	twerkitmeal	跳舞生长一切	Twerk To Grow All The Things	hmcl	3823
		twilight-catalist	twilightcatalist	暮色催化石	Twilight Catalist	hmcl	10668
		twilight-delight	twilightdelight	暮色乐事	Twilight Delight	hmcl	6546
		twilight-forest-cave-fix	twilightfixes	暮色森林洞穴修复	Twilight Forest Cave Fix	hmcl	22107
		twilight-forest-dungeons-villages	tf_dnv	暮色森林 - 地牢与村庄	Twilight Forest - Dungeons & Villages	hmcl	19915
		twilight-forest-finale	twilightforest_finale	暮色森林：终之乐章	Twilight Forest Finale	hmcl	28545
		twilight-forest-portal-catalyst	twilightforestportalcatalyst	暮色森林传送门催化石	Twilight Forest Portal Catalyst	hmcl	10289
		twilight-forest-travellers-set-plus	travellers_set_plus	暮色森林：旅行者套装增强	Twilight Forest: Travellers Set Plus	hmcl	28144
		twilight-forest-villages	tf_villages	暮色森林村庄	Twilight Forest Villages	hmcl	20246
		twilightforest-re26	twilightforest	暮色森林: Re26	The Twilight Forest: Re26	hmcl	28620
		twilightopia-phantasy	twilightopia	暮托邦之梦	Twilightopia	hmcl	2114
		twilights-flavors-delight	twilightdelight	暮色风味乐事	Twilight's Flavors & Delight	hmcl	10610
		twilightsoul	twilightsoul	暮色之魂	TwilightSoul	hmcl	22542
		twintails	twintails	双马尾	TwinTails	hmcl	15855
		twist	twist	诡变	Twist	hmcl	11231
		twitch-chat-integration	twitchintegration	Twitch信息显示	Twitch Chat Integration	hmcl	3279
		twod-projectiles	twod_projectiles	2D 投掷物 ➵	2D Projectiles ➵	hmcl	24095
		tws-ore-dredging	ore_dredging	TW的矿石淘采	TW`s Ore Dredging	hmcl	26864
		ubc-ore-registrar	UBCOres	科学地质：矿石注册	UBC Ore Registrar	hmcl	14787
		ubes-delight	ubes-delight	香芋乐事	Ube's Delight	hmcl	11276
		ubes-delight	ubesdelight	香芋乐事	Ube's Delight	hmcl	11276
		udlede	udlede	港口	Udlede	hmcl	13614
		ugoblock	ugoblock	动块	UgoBlock	hmcl	19480
		ugraded-netherite	upgradednetherite	下界合金增强	Upgraded Netherite	hmcl	2886
		ultimate-car-mod	car	终极汽车	Ultimate Car Mod	hmcl	3523
		ultimate-enchantment	ultimate_enchantment	终极附魔	Ultimate Enchantment	hmcl	17054
		ultimate-plane-mod	plane	终极飞机	Ultimate Plane Mod	hmcl	3692
		ultimate-skeletons-and-titans	ultimateskeletons	终极骷髅	Ultimate Skeletons And Titans	hmcl	21717
		ultimate-village	ultimate_village	终极村庄	Ultimate Village	hmcl	24877
		ultimine-rewind	ultimine_rewind	连锁撤回	Ultimine Rewind	hmcl	22946
		ultra-amplified-mod	ultra_amplified_dimension	超大群系维度	Ultra Amplified Dimension	hmcl	4077
		ultra-awesome-tools-mod	stm	超级工具	Super Tools / Ultra Awesome Tools Mod	hmcl	1844
		ultramarine	ultramarine	群青	Ultramarine	hmcl	12311
		ultramarine-refabricated	ultramarine	群青：重织	Ultramarine Refabricated	hmcl	13041
		ultramarine-rekindled	ultramarine	群青：重明	Ultramarine Rekindled	hmcl	18893
		ultratech	UltraTech	次元科技	UltraTech	hmcl	378
		uma-little-maid	uma_maid	马儿小女仆	Uma Little Maid	hmcl	19722
		umapyoi	umapyoi	马儿蹦跳	Umapyoi	hmcl	8546
		umapyoi-addon-pack	umapyoi_addon	马儿蹦跳：拓展包	Umapyoi：Addon Pack	hmcl	17985
		umapyoi-delight	umapyoidelight	马儿跳乐事	Umapyoi Delight	hmcl	19925
		umt-universal-metal-tools	universal_metal_tools	通用金属工具	Universal Metal Tools	hmcl	24078
		unbreaken	unbreaken	工具保护	UnbreakEn	hmcl	1487
		uncomplication	Uncomplication	IC2exp还原	Uncomplication	hmcl	1226
		unconfusion	legacyponder	解惑	Unconfusion	hmcl	26900
		uncrafting-grinder	uncraftingtable	分解磨床	Uncrafting Grinder	hmcl	3618
		uncrafting-table-xiaoyu-2009	uncrafting_table	拆解台	Uncrafting Table	hmcl	20903
		under-the-moon	under_the_moon	驻月夜下	Under the Moon	hmcl	16000
		undergarden-delight	undergardendelight	深暗之园乐事	Undergarden Delight	hmcl	13284
		undergarden-paths	ugpaths	深园小径	Undergarden Paths	hmcl	8595
		undergarden-tetra-patch	undergardenpatch	深暗之园：Tetra 兼容	Undergarden/Tetra Patch	hmcl	8596
		underground-biomes	undergroundbiomes	科学地质	Underground Biomes	hmcl	201
		underground-city-engineering	uce	地下城市工程	Underground City Engineering	hmcl	3194
		underground-city-engineering	underground_city_engineering	地下城市工程	Underground City Engineering	hmcl	3194
		underground-loot-crates	dungeoncrates	地下战利品箱	Underground Loot Crates	hmcl	4890
		undertale-delight	undertale_delight	决心乐事	Undertale Delight	hmcl	19795
		undertale-mod	testenvironmentmod	传说之下	Undertale Mod	hmcl	1320
		undertale-world	undertale	传说之下 世界	Undertale World	hmcl	26898
		undertale-world	undertale_world	传说之下 世界	Undertale World	hmcl	26898
		underwater-biome	underwaterbiome	深海生态	Underwater Biome	hmcl	2020
		underwater-rails	underwaterrails	水下铁轨	Underwater Rails	hmcl	1096
		underwater-swim-fix-mc-220390	underwater-swim-fix	水下游泳修复	Underwater Swim Fix (MC-220390)	hmcl	19561
		undo	undo	撤销！	Undo!	hmcl	5069
		unearthed	unearthed	出土	Unearthed	hmcl	4951
		unearthed-journey	unearthed_journey	出土之旅	Unearthed Journey	hmcl	11970
		unforgiving-void	unforgivingvoid	不那么仁慈的虚空	Unforgiving Void	hmcl	1922
		unicode-font-extension	unicodefontextension	Unicode 字体扩展	Unicode Font Extension	hmcl	1010
		unicode-font-fixer	UnicodeFontFixer	通用字体修复 / Unicode 字体修复	Unicode Font Fixer	hmcl	414
		unidict	unidict	矿辞统一	UniDict	hmcl	479
		uniq	uniq	流体统一/物品统一	UniQ	hmcl	3228
		unique-crops	uniquecrops	独特作物	Unique Crops	hmcl	3371
		unique-enchantments	uniquee	独特的附魔	Unique Enchantments	hmcl	2796
		unique-enchantments-base	uniquebase	独特的附魔：基础	Unique Enchantments Base	hmcl	4581
		unique-enchantments-battle	uniquebattle	独特的附魔：战斗扩展	Unique Enchantments - Battle	hmcl	4363
		unique-enchantments-utils		独特的附魔：效用扩展	Unique Enchantments - Utils	hmcl	3955
		universal-bone-meal	universalbonemeal	通用骨粉	Universal Bone Meal	hmcl	9897
		universal-cutting-recipe	universal_cutting_recipe	通用切制配方	Universal Cutting Recipe	hmcl	26905
		universal-enchants-forge	universalenchants	通用附魔	Universal Enchants	hmcl	9252
		universal-grid	universalgrid	通用终端	Universal Grid	hmcl	13087
		universal-mod-core	universalmodcore	通用模组核心	Universal Mod Core	hmcl	3301
		universal-mod-localizer	uml	通用模组汉化器	Universal Mod Localizer	hmcl	19953
		universal-singularities	universalsingularities	通用奇点	Universal Singularities	hmcl	566
		universal-smithing-template	universal_smithing_template	通用升级模版	Universal Smithing Template	hmcl	26596
		universal-tweaks	universaltweaks	通用修改	Universal Tweaks	hmcl	9094
		unknown-echoes	unknown_echoes	未知回响	Unknown Echoes	hmcl	28004
		unlimited-spawners	unlimited_spawners	无限刷怪笼	Unlimited Spawners	hmcl	21222
		unlimitedchat-for-1-7-10	unlimitedchat	无限制聊天	UnlimitedChat	hmcl	25614
		unlimitedelytra	unlimitedelytra	无限鞘翅	UnlimitedElytra	hmcl	16242
		unlit-realistic-torch-remake	unlit	真实火把：重置	Realistic Torch Remake	hmcl	7246
		unmending	unmending	经验不修补	Unmending	hmcl	1451
		unmending-potato-edition	unmending	经验不修补：土豆版	Unmending Potato Edition	hmcl	9391
		unnamed-animal-mod	unnamedanimalmod	无名动物模组	Unnamed Animal Mod	hmcl	5070
		unnamed-delight	unnamed_delight	无名乐事	Unnamed Delight	hmcl	6513
		unofficial-mod-name-tooltip-backport	random_ports	模组名称显示：非官方版	Mod Name Tooltip Unofficial	hmcl	13324
		unstable-tools	unstabletools	不稳定金属工具	Unstable Tools	hmcl	8722
		unsuspicious-stew	unsuspicious-stew	炖菜解谜/炖菜效果显示	Unsuspicious Stew	hmcl	2838
		untamed-delight	untameddelight	不羁乐事	Untamed Delight	hmcl	12872
		untamedwilds	untamedwilds	不羁野性	Untamed Wilds	hmcl	5583
		untitled-duck-mod-forge	untitledduckmod	无题鸭	Untitled Duck	hmcl	4256
		untranslated-items	untranslateditems	物品名称双语同屏	Untranslated Items	hmcl	3055
		unusual-end	unusualend	不同寻常的末地	Unusual End	hmcl	7344
		unusual-fish	unusualfish	独特鱼类	Unusual Fish Mod	hmcl	8753
		unusual-fish	unusualfishmod	独特鱼类	Unusual Fish Mod	hmcl	8753
		unusual-foods-delight	unusualfoodsdelight	奇食乐事	Unusual food's Delight	hmcl	15171
		unusual-foods-delight	unusualfoodsdelight	奇食乐事：重生	Unusual Food's Delight：Rebirth	hmcl	19796
		unusual-prehistory-2	unusual_prehistory	不寻常的史前史2	Unusual Prehistory 2	hmcl	23520
		up-and-down-and-all-around	mysttmtgravitymod	颠倒世界	Up And Down And All Around	hmcl	1773
		upd8r	upd8r	整合包更新检查工具	Upd8r	hmcl	10319
		upgrade-aquatic	upgrade_aquatic	碧海新生	Upgrade Aquatic	hmcl	2916
		upgraded-ender-chests	upgradedechests	高级末影箱	Upgraded Ender Chests	hmcl	3728
		upgraded-netherite-creativerite	upgradednetherite_creative	下界合金增强：创造	Upgraded Netherite : Creativerite	hmcl	7434
		upgraded-netherite-items	upgradednetherite_items	下界合金增强：物品	Upgraded Netherite : Items	hmcl	7433
		upgraded-netherite-spartan-weaponry	upgradednetherite_spartan	下界合金增强：斯巴达的武器	Upgraded Netherite : Spartan Weaponry	hmcl	8382
		upgraded-netherite-ultimerite	upgradednetherite_ultimate	下界合金增强：终极	Upgraded Netherite : Ultimerite	hmcl	7432
		upgraded-shulkers	upgradedshulkers	更多潜影盒	Upgraded Shulkers	hmcl	5289
		upgraded-tools	upgradedtools	下界合金增强：工具	Upgraded Tools	hmcl	7456
		uppers	uppers	倒置漏斗	Uppers	hmcl	2296
		upsizer-mod	upsizer	更大的堆叠数量	Upsizer Mod	hmcl	1582
		urushi-mod	urushi	漆	Urushi	hmcl	8924
		us-universal-spell-irons-spells-addon	universal_spell	通用法术	Universal Spell - Iron's Spells Addon	hmcl	28343
		us-universal-summoning-new	universal_summoning	通用召唤	Universal Summoning	hmcl	22256
		useful-backpacks	usefulbackpacks	实用背包	Useful Backpacks	hmcl	2978
		useful-hats	usefulhats	有用的帽子	Useful Hats	hmcl	6536
		useful-interior	of	有用的内饰	Useful Interior	hmcl	1145
		useful-nullifiers	usefulnullifiers	实用销毁器	Useful Nullifiers	hmcl	773
		useful-railroads	usefulrailroads	实用铁轨	Useful Railroads	hmcl	5128
		usefulfood	UsefulFood	有用的食物	UsefulFood	hmcl	14
		usefulfood-reborn	usefulfood_reborn	有用的食物 重生	UsefulFood Reborn	hmcl	11615
		usefulmagic	usefulmagic	实用魔法	UsefulMagic	hmcl	19943
		usefultnt	UsefulTNT	更有用的TNT	UsefulTNT	hmcl	2153
		useless-sword	useless_sword	朴华之剑	Useless Sword	hmcl	6214
		utilities3	utilities3	流体能量	Utilities³	hmcl	319
		utility-mobs	UtilityMobs	工具怪物	Utility Mobs	hmcl	457
		utility-worlds	utilityworlds	实用世界	Utility Worlds	hmcl	2352
		uusi-aurinko	uusi-aurinko	新日	Uusi Aurinko	hmcl	4445
		uwulan		幽幽局域网联机	UWULAN	hmcl	28836
		v0ids-smart-backpacks	v0idssmartbackpacks	V0id 的智能背包	V0id's Smart Backpacks	hmcl	6579
		va-11-hall-a-drinks	va11halla	Vall-11 Hall-A饮品	Vall-11 Hall-A Drinks	hmcl	16707
		vaders-ore-spiders-mod	orespiders	矿石蜘蛛	Ore Spiders	hmcl	25756
		validattack	valid_attack	有效攻击	ValidAttack	hmcl	28768
		valkyrien-logistics	valkyrien_logistics	瓦尔基里：逻辑仪表	Create: Valkyrien Logistics	hmcl	24170
		valkyrien-pirates	pirates	瓦尔基里海盗	Valkyrien Pirates	hmcl	16842
		valkyrien-skies	valkyrienskies	瓦尔基里天空	Valkyrien Skies	hmcl	1528
		valkyrien-skies	vs_control	瓦尔基里天空	Valkyrien Skies	hmcl	1528
		valkyrien-skies	vs_world	瓦尔基里天空	Valkyrien Skies	hmcl	1528
		valkyrien-skies-control-craft	vscontrolcraft	控制学	Control Craft	hmcl	18364
		valkyrien-skies-war-and-peace	vswap	瓦尔基里：战争与和平	Valkyrien War and Peace	hmcl	20502
		valkyrien-space-war	valkyrien_space_war	瓦尔基里太空战争	Valkyrien Space War	hmcl	21990
		vampire-golem	vi	吸血傀儡	Vampire Golem	hmcl	18846
		vampires-delight	vampiresdelight	血族乐事	Vampire's Delight	hmcl	14258
		vampirism-become-a-vampire	vampirism	吸血鬼/血族传说	Vampirism	hmcl	930
		vampirism-integrations	vampirism_integrations	吸血鬼联动	Vampirism Integrations	hmcl	2439
		vampirism-tinker	vampirismtinker	血族工匠	VampirismTinker	hmcl	19102
		vanadium-mod	vanadium	钒	Vanadium	hmcl	12083
		vanilla-better-end-city	betterendcities	更好的末地城	Better End Cities	hmcl	20965
		vanilla-better-end-city	betterendcitiesvanilla	更好的末地城	Better End Cities	hmcl	20965
		vanilla-cookbook	vanillacookbook	原版烹饪书	Vanilla Cookbook	hmcl	5234
		vanilla-cubed	vanilla_cubed	原版立方	Vanilla Cubed	hmcl	12180
		vanilla-degus	vanilla_degus	八齿鼠	Vanilla Degus	hmcl	5103
		vanilla-hammers	vanillahammers	原版材质锤	Vanilla Hammers	hmcl	3357
		vanilla-immersion	vimmersion	立体工具方块	Vanilla Immersion	hmcl	1507
		vanilla-magic	vanillamagic2	原生魔法	Vanilla Magic	hmcl	707
		vanilla-tools	supertools	原版工具+	Vanilla Plus Tools	hmcl	2716
		vanilla-tools	vanillaplustools	原版工具+	Vanilla Plus Tools	hmcl	2716
		vanilla-zoom	vanillazoom	原版缩放	Vanilla Zoom	hmcl	9324
		vanillaautomation	va	原版自动化	VanillaAutomation	hmcl	1505
		vanillafix	vanillafix	原版修复	VanillaFix	hmcl	1223
		vanillafoodpantry-mod	vanillafoodpantry	食品储藏室	VanillaFoodPantry Mod	hmcl	768
		vanillamagic	vanillamagic	纯净魔法	Vanilla Magic	hmcl	5739
		vanillarecipe	vanillarecipe	香草食谱	VanillaRecipe	hmcl	5092
		vanity-twilight-zone	vanity_twilight_zone	Vanity：晨昏线	Vanity: Twilight Zone	hmcl	14573
		variants-and-ventures	variantsandventures	变种与冒险	Variants & Ventures	hmcl	14057
		vault-patcher	vaultpatcher	保险库补丁	Vault Patcher	hmcl	8765
		vault-patcher	vaultpatcher_asm	保险库补丁	Vault Patcher	hmcl	8765
		vc-vocacraft	vocacraft	乐音奇旅	VocaCraft	hmcl	22289
		vegan-delight	vegandelight	纯素乐事	Vegan Delight	hmcl	12693
		vegetarian-delight	vegetarian_delights	素食乐事	Vegetarian Delight	hmcl	8299
		veggies-delight	veggiesdelight	蔬菜乐事	Veggies Delight	hmcl	18111
		veggieway-fabric	veggie_way	素食之道	The Veggie Way	hmcl	1460
		vein-mining	veinmining	连锁采集	Vein Mining	hmcl	5616
		veinminer	VeinMinerModSupport	连锁采矿/矿脉矿工	Vein Miner	hmcl	589
		veinminer	veinminer	连锁采矿/矿脉矿工	Vein Miner	hmcl	589
		vending-block	vending	自动售货机	Vending block	hmcl	9536
		vending-block-revived	Vending	自动售货机：重生	Vending Block Revived	hmcl	9538
		vending-machine	vm	售货机	Vending Machine	hmcl	4513
		vending-machines-revamped	aziasvendingmachine	自动贩卖机	Vending Machines Revamped	hmcl	1492
		verdant	verdant	葱茏绿意	Verdant	hmcl	17988
		verdant-harvest	verdant_harvest	丰年	Verdant Harvest	hmcl	28495
		verdantvibes	verdantvibes	绿意盎然	VerdantVibes	hmcl	13000
		verdure	verdure	郁郁葱葱	Verdure	hmcl	6966
		versatile-portals	versatileportals	通用传送门	Versatile Portals	hmcl	3855
		version-checker	VersionChecker	模组更新检测	Version Checker	hmcl	1147
		versioner	versioner	整合包版本工具	Versioner	hmcl	3730
		versionerreborn		整合包版本工具：重生	VersionerReborn	hmcl	23076
		vertical-slab-block	vertical-slab	竖半砖	Vertical Slab	hmcl	26522
		vertically-stacked-dimensions	dimstack	垂直堆叠的世界	Vertically Stacked Dimensions	hmcl	1619
		vestiges-of-the-present	vp	现世遗痕	Vestiges of the Present	hmcl	27458
		vhm	vhm	村民快乐机	Villager Happy Machine	hmcl	28115
		vials	vials	瓶瓶罐罐	Vials	hmcl	2742
		vics-modern-warfare-mod	mw	维克的现代战争	Vic's Modern Warfare Mod	hmcl	595
		vics-modern-warfare-patched		维克的现代战争 (修复版)	Vic's Modern Warfare (Patched)	hmcl	18641
		video-playback-engine		原版视频播放器	Vanilla Video Player	hmcl	26134
		video-player	watchvideo	视频播放器	Video Player	hmcl	8509
		viescraft-airships	vc	维斯工艺-飞艇！	ViesCraft - Airships!	hmcl	1808
		viescraft-airships	viescraftmachines	维斯工艺-飞艇！	ViesCraft - Airships!	hmcl	1808
		view-slot-index	viewslotindex	显示槽位引索	View Slot Index	hmcl	27153
		village-box	villagebox	村庄盒子	Village Box	hmcl	6226
		village-employment	village_employment	村庄就业	Village Employment	hmcl	4111
		village-names	villagenames	村庄名字	Village Names	hmcl	2070
		village-spawn-point	villagesp	村庄出生点	Village Spawn Point	hmcl	2030
		village-spawn-point	villagespawnpoint	村庄出生点	Village Spawn Point	hmcl	2030
		village-spawn-point	villagespawnpoint-fabric	村庄出生点	Village Spawn Point	hmcl	2030
		village-taverns	village_taverns	乡村酒馆	Village Taverns	hmcl	18345
		villager-armor-layer	villagerarmor	村民盔甲显示	Villager Armor Layer	hmcl	9855
		villager-brewery	villager_brewery	村民酿造厂	Villager Brewery	hmcl	26404
		villager-circus-tent	villager_circus_tent	村民马戏团帐篷	Villager Circus Tent	hmcl	26423
		villager-comfort	villagercomfort	村民舒适度	Villager Comfort	hmcl	9225
		villager-comfort-updated	villagercomfort	村民舒适度更新版	Villager Comfort Updated	hmcl	19368
		villager-enchanter	villager_enchanter	村民附魔师	VillagerEnchanter	hmcl	11285
		villager-extend-localbully	villagerextend	村民拓展：地头蛇	Villager Extend - LocalBully	hmcl	21685
		villager-library	villager_library	村民图书馆	Villager Library	hmcl	19456
		villager-license	vilicense	村民证件	Villager License	hmcl	18775
		villager-mantle-fix	villagermantlefix	村民帽子修复	Villager Mantle Fix	hmcl	11296
		villager-market	villagermarket	村民市场	Villager Market	hmcl	2407
		villager-market-nbt-fix	villagermarket	村民市场 - NBT 修复版	Villager Market - NBT Fix	hmcl	22355
		villager-taxes	village_tribute	村民税	Villager Taxes	hmcl	21382
		villager-train-station	villager_train_station	村民火车站	Villager Train Station	hmcl	26401
		villagerconfig	villagerconfig	村民配置	Villager Config	hmcl	8060
		villagerquests	villagerquests	村民任务	VillagerQuests	hmcl	5054
		villagers-follow-emeralds-fabric	villagers-follow-emeralds	村民跟随绿宝石	Villagers follow Emeralds	hmcl	4926
		villagers-nose	VillagersNose	村民的鼻子	Villager's Nose	hmcl	2474
		villagers-respawn	villagersrespawn	村民重生	Villagers Respawn	hmcl	5263
		villagertradeedit	villagertrades	村民交易编辑	VillagerTradesEdit	hmcl	28037
		vintage-damage-indicators	vintagedamageindicators	复古伤害显示	Vintage Damage Indicators	hmcl	25352
		vintage-delight	vintagedelight	腌渍乐事	Vintage Delight	hmcl	13101
		vintage-delight-kots	vintagedelight	腌渍乐事 - 耕云钓月版	Vintage Delight KOTS	hmcl	27829
		violas-wardrobe	violas_wardrobe	Viola 的衣柜	Viola's Wardrobe	hmcl	24900
		virtual-witch-arrangement	virtualwitcharrangement	虚拟魔女排布法	Virtual Witch Arrangement	hmcl	21988
		visible-armor-slots	visiblearmorslots	可见装备槽	Visible Armor Slots	hmcl	3874
		visible-armor-slots	visiblearmorslotslegacy	可见装备槽	Visible Armor Slots	hmcl	3874
		visible-effect	zve	药水效果显示	Visible Effect	hmcl	21513
		visible-offhand	visible_offhand	可见副手	Visible Offhand	hmcl	13328
		visible-shield-cooldown	visible_shield_cd	可视化盾牌冷却	Visible Shield Cooldown	hmcl	14095
		visibleraygenerator	VisibleRayGenerator	永久光发电机	VisibleRay Generator	hmcl	1138
		visibleraygenerator	vrgenerator	永久光发电机	VisibleRay Generator	hmcl	1138
		visual-blueprint-materials	create_qbp	机械动力：量化蓝图	VisualBlueprintMaterials	hmcl	28005
		visual-blueprint-materials	vbm	机械动力：量化蓝图	VisualBlueprintMaterials	hmcl	28005
		visual-creative-tab-editor	visual_creative_tab_editor	可视化创造标签页编辑	Visual Creative Tab Editor	hmcl	28735
		visual-food-edit	visual_food_edit	可视化食物编辑器	Visual Food Edit	hmcl	28574
		visual-item-edit	visual_item_edit	可视化物品编辑器	Visual Item Edit	hmcl	28476
		visual-keymap	visual-keymap	可视化键位图	Visual Keymap	hmcl	23703
		visual-loot-edit	visual_loot_edit	可视化战利品池编辑器	Visual Loot Edit	hmcl	26757
		visual-mobs-edit	visual_mobs_edit	可视化生物编辑器	Visual Mobs Edit	hmcl	26820
		visual-mod-edit-vndialog	visual_mod_edit_vndialog	可视化VND编辑器	Visual VND Edit	hmcl	28866
		visual-ore-edit	visual_ore_edit	可视化矿石生成编辑器	Visual Ore Edit	hmcl	27392
		visual-recipe-edit-create	visual_recipe_edit_create	可视化机械动力配方编辑器	Visual Recipe Edit-Create	hmcl	27492
		visual-recipe-edit-goety	visual_recipe_edit_goety	可视化诡厄巫法配方编辑器	Visual Recipe Edit-Goety	hmcl	27805
		visual-recipe-edit-summoning-rituals	visual_recipe_edit_summoning_rituals	可视化召唤仪式配方编辑器	Visual Recipe Edit-Summoning Rituals	hmcl	27910
		visual-recipe-edit-world	visual_recipe_edit_world	可视化世界合成编辑器	Visual Recipe Edit-World	hmcl	27260
		visual-set-edit	visual_set_edit	可视化套装效果编辑器	Visual Set Edit	hmcl	27033
		visual-villager-trade-edit	treasureenchant	可视化村民交易编辑器	Visual Villager Trade Edit	hmcl	26312
		visual-workbench	visualworkbench	可视化工作台	Visual Workbench	hmcl	5783
		visualcrafting	visualcrafting	可视化合成	visualcrafting	hmcl	27774
		visuality	visuality	可视性	Visuality	hmcl	6197
		visuality-reforged	visuality	可视性：重铸	Visuality: Reforged	hmcl	8155
		vital-herbs	vital_herbs	活力草药	Vital Herbs	hmcl	19880
		vivecraft-compat	vivecraftcompat	ViveCraft兼容	ViveCraft Compat	hmcl	11689
		vkbc	vkbc	葡园酒香森罗酒馆酒瓶兼容	Vinery & Kaleidoscope Tavern Bottle Compatibility	hmcl	25476
		vm-computers	mcvmcomputers	虚拟电脑	VM Computers	hmcl	3242
		vmtranslationupdate	vmtranslationupdate	VM汉化更新	VMTranslationUpdateMod	hmcl	11203
		vndialog	dialog	VN对话框引擎	VNDialog	hmcl	19666
		vocalized-ayachinene-voice-pack	vocalized_ayachi_nene	Vocalized 绫地宁宁语音包	VocalizedAyachiNeneVoicePack	hmcl	14001
		voice-chat	voicechat	语音聊天	Voice Chat	hmcl	3703
		voice-messages	voicemessages	语音消息	Voice Messages	hmcl	22869
		voicecontrol	voicecontrol	声控	Voicecontrol	hmcl	17033
		voiceless-survival	ezvcsurvival	寂静求生	Voiceless Survival	hmcl	18819
		voicetrigger	voice_trigger	声随形动	VoiceTrigger	hmcl	25611
		void-power-for-fabric	void_power	虚空动力	Void Power	hmcl	15828
		voidauth	voidauth	虚空认证	VoidAuth	hmcl	27594
		voidcraft-phase-technology	void_craft	虚空工艺	VoidCraft: Phase Technology	hmcl	27241
		voidscape	voidcraft	虚空工艺	Voidscape/VoidCraft	hmcl	1355
		voidscape	voidscape	虚空工艺	Voidscape/VoidCraft	hmcl	1355
		voidtotem	voidtotem	虚空图腾	Void Totem	hmcl	5295
		volumetric-flask	volumetricflask	量瓶	Volumetric Flask	hmcl	2355
		voxelmap	VolexMap	体素地图	VoxelMap	hmcl	981
		voxelmap	mod_ZanMinimap	体素地图	VoxelMap	hmcl	981
		voxelmap	voxelmap	体素地图	VoxelMap	hmcl	981
		vpn-blocker	vpnblocker	禁用VPN	VPN Blocker	hmcl	3647
		vs-addition	vs_addition	瓦尔基里：附加	VS Addition	hmcl	15006
		vs-chunkloader	vschunkloader	VS区块加载器	VS ChunkLoader	hmcl	21204
		vs-orbit	vs_orbit	瓦尔基里：轨道学	VS Orbit	hmcl	20313
		vsplit	vsplit	V裂	VSplit	hmcl	23041
		vtubruh-lotr-mobs-new	vtubruhlotrmobs	Vtubruh的魔戒生物	vtubruh LOTR Mobs	hmcl	14885
		vulcanite	vulcanite	软碲铜	vulcanite	hmcl	4759
		vulkanmod-create-compat	vulkanmod_create_compat	VulkanMod Create 兼容补丁	VulkanMod Create Compat	hmcl	28235
		waila	Waila	高亮信息拓展	What am I looking at	hmcl	246
		waila	waila	高亮信息拓展	What am I looking at	hmcl	246
		waila-blacklist	waila-blacklist	Waila 黑名单	WAILA Blacklist	hmcl	13497
		waila-nbt	WailaNBT	万用高亮显示	Waila NBT	hmcl	392
		waila-plugins	wailaplugins	Waila 插件	Waila Plugins	hmcl	743
		waitingtime	waitingtime	加载页面游戏	WaitingTime	hmcl	1234
		walk-the-air	walk_the_air	凌空微步	Walk the air	hmcl	4754
		wall-jump	walljump	飞檐走壁	Wall Jump	hmcl	857
		wallpapercraft-a-fresh-roll	wallpapercraft	墙纸创造	Wallpapercraft - A Fresh Roll	hmcl	3486
		wallpapercraft-a-fresh-roll-slabs	wallpapercraftslabs	墙纸创造：台阶	Wallpapercraft - A Fresh Roll (Slabs!)	hmcl	3495
		wallpapercraft-a-fresh-roll-stairs	wallpapercraftstairs	墙纸创造：楼梯	Wallpapercraft - A Fresh Roll (Stairs!)	hmcl	3494
		wallpapercraft-a-fresh-roll-walls	wallpapercraftwalls	墙纸创造：围墙	Wallpapercraft - A Fresh Roll (Walls!)	hmcl	3496
		wandering-cocoa	wanderingcocoa	流浪的可可豆	Wandering Cocoa	hmcl	17827
		wandering-trader-express	wandering_trader_express_delivery	流浪速递	Wandering Trader Express	hmcl	23202
		wandering-trapper	wandering_trapper	流浪猎人	Wandering Trapper	hmcl	3363
		wandering-trapper2	wandering_trapper	流浪猎人2	Wandering Trapper2	hmcl	21562
		wans-ancient-beasts	wan_ancient_beasts	Wan的远古异兽	Wan's Ancient Beasts	hmcl	16975
		war-of-the-ring-mc	wotrmc	魔戒大战	The War of the Ring MC	hmcl	14996
		war-wither	warwither	战争凋灵	War Wither	hmcl	20176
		warmachinelib	wmlib	战争机器库	WarMachineLib	hmcl	18003
		warp-book	warpbook	传送书	Warp Book	hmcl	485
		warp-theory	WarpTheory	神秘扭曲学	Warp Theory	hmcl	755
		warpdrive	WarpDrive	曲率驱动	WarpDrive	hmcl	511
		warship-arise	warshiparise	战舰崛起之时	Warship Arise	hmcl	24253
		wasteland-reborn	wastelands	不毛之地：重生	Wasteland Reborn	hmcl	4044
		water-power	WaterPower	水力科技	Water Power	hmcl	361
		water-power	waterpower	水力科技	Water Power	hmcl	361
		water-source	watersource	水源	Water Source	hmcl	2638
		water-source-ex	watersourceex	水源EX	Water Source EX	hmcl	10373
		water-strainer	waterstrainer	滤水器	Water Strainer	hmcl	1512
		watermelon-power	wmp	西瓜发电	Watermelon Power	hmcl	26122
		watersource-reborn	watersource	水源：重生	WaterSource: Reborn	hmcl	16927
		waterupgrade	waterupgrade	饮水升级	Water Upgrade	hmcl	27967
		waterwheel-immortal	waterwheelimmortal	水车仙人	Waterwheel Immortal	hmcl	25723
		waveaway	waveaway	挥挥手	WaveAway	hmcl	3180
		wavey-capes-legacy		飘扬披风：传承	Wavey Capes (Legacy)	hmcl	28147
		waveycapes	waveycapes	飘扬披风	Wavey Capes	hmcl	4617
		wawla	wawla	Wawla高亮显示	What Are We Looking At	hmcl	1201
		waxable-coral	waxablecoral	涂蜡珊瑚	Waxable Coral	hmcl	9428
		way-much-faster-oxidize	way_much_faster_oxidize	更快铜锈蚀	Way Much Faster Oxidize	hmcl	7449
		waystone-currencys	wscurrencys	消币则至 / 传送石碑：货币	Waystone: Currencys	hmcl	20045
		waystones	waystones	传送石碑/指路石	Waystones	hmcl	1339
		waystones-jawsawn-fork		传送石碑：Jawsawn版	Waystones Jawsawn Fork	hmcl	14222
		waystones2waypoints	w2w	传送石碑路径点	Waystones2Waypoints	hmcl	3065
		wdl	wdl	世界下载器	World Downloader	hmcl	5503
		weaken-satiated-shield	weaken_satiated_shield	更平衡的饱腹代偿	Weaken Satiated Shield	hmcl	25199
		wealizh	wealizh	工业故事	Wealizh	hmcl	20351
		weapon-case-loot	weaponcaseloot	武器箱战利品	Weapon Case Loot	hmcl	15673
		weapon-craftery	weapon_craftery	武器工匠	Weapon Craftery	hmcl	1827
		weapon-master	weaponmaster	武器大师	Weapon Master	hmcl	8698
		weapon-throw	weaponthrow	武器投掷	Weapon Throw	hmcl	4434
		weapons-of-miracles-epicfight	wom	奇迹武器	Weapons of Miracles	hmcl	12480
		wearable-backpacks	Backpack	可穿戴背包	Wearable Backpacks	hmcl	1068
		wearable-backpacks	wearablebackpacks	可穿戴背包	Wearable Backpacks	hmcl	1068
		wearable-backpacks-rlcraft-edition	wearablebackpacks	可穿戴背包-RLCraft版	Wearable Backpacks: RLCraft Edition	hmcl	8903
		wearable-blocks	wearableblocks	可穿戴的方块	Wearable Blocks	hmcl	1176
		wearables	wearables	可穿戴设备	Wearables	hmcl	3519
		weather-2-remastered	weather2remaster	局部气候&风暴 - 重置版	Weather 2 - Remastered	hmcl	12892
		weather-settings	weathersettings	更好的天气控制	Weather settings	hmcl	7809
		weather-storms-tornadoes	weather2	局部气候&风暴	Weather, Storms & Tornadoes	hmcl	860
		webcam	webcam	网络摄像头	Webcam	hmcl	19826
		webdisplays	webdisplays	内置网页浏览器	WebDisplays	hmcl	8643
		webdisplays-remasterd	WebDisplay	内置网页浏览器	WebDisplays	hmcl	170
		webdisplays-remasterd	webdisplays	内置网页浏览器	WebDisplays	hmcl	170
		webmapview	webmapview	网页地图浏览	webmapview	hmcl	18092
		weighted-inventories	weighted_inventories	物品栏重量	Weighted Inventories	hmcl	14238
		welcome-to-meadow	meadow	青青草甸	[Let's do] Meadow / Cheese!	hmcl	9251
		welcome-to-the-jungle	thejungle	丛林传说	Welcome to the Jungle	hmcl	9097
		wenzhou-specialties	wenzhou_specialties	温州美食	Wenzhou Specialties	hmcl	25245
		werdens-illagers	wip	沃尔顿的刌民	Werden's Illager +	hmcl	22926
		werewolves-become-a-beast	werewolves	狼人	Werewolves	hmcl	5196
		wesleys-roguelike-dungeons	wrd	Wesley的冒险地牢	Wesley's Roguelike Dungeons	hmcl	2117
		wetland-whimsy	wetland_whimsy	奇湿妙想	Wetland Whimsy	hmcl	19060
		wg-block-replacer	wgblockreplacer	方块生成替换器	WorldGen Block Replacer	hmcl	1862
		whaleborne	whaleborne	鲸帆远航	Whaleborne	hmcl	20866
		what-that-wolfhouse	wolfhouse	那是什么？仓库管理员！	What That？ Wolfhouse！	hmcl	9815
		whatimpressing	wip	正击何键	What I'm Pressing	hmcl	18060
		whatversioning	whatversioning	申必版本号	WhatVersioning	hmcl	23523
		when-dungeons-arise	dungeons_arise	地牢浮现之时	When Dungeons Arise	hmcl	3607
		when-dungeons-arise-loot-tweaks		地牢浮现之时 - 战利品修改	When Dungeons Arise - Loot Tweaks	hmcl	12314
		when-dungeons-arise-seven-seas	dungeons_arise_seven_seas	地牢浮现之时 - 海洋扩展	When Dungeons Arise - Seven Seas	hmcl	13131
		whimcraft	whimcraft	奇思妙想	WhimCraft	hmcl	19342
		whisperwoods	whisperwoods	低语之森	Whisperwoods	hmcl	4658
		whistling-petals	whistlingpetals	飞矢摇芳	Whistling Petals	hmcl	25710
		whoam-i	whoami	我是谁?	Who am i?	hmcl	11638
		why-stack-only-64	wso64	为什么才64个呢？	Why Stack Only 64?	hmcl	20251
		wi-zoom	wi-zoom	WI变焦	WI Zoom	hmcl	5134
		wi-zoom	wi_zoom	WI变焦	WI Zoom	hmcl	5134
		wild-caves-3	wildcaves3	洞穴装饰3	WildCaves 3	hmcl	9533
		wild-caves-4		洞穴装饰 4	Wild Caves 4	hmcl	26594
		wild-mobs-mod	wildmobsmod	野生生物	Wild Mobs	hmcl	24375
		wild-netherwart	wildnetherwart	野生地狱疣	Wild Netherwart	hmcl	3940
		wildly-eat	wildly_eat	狼吞虎咽	Wildly Eat	hmcl	3082
		wildnature	wildnature	狂野自然	Wild Nature	hmcl	2801
		wind-bottle	wind_bottle	风瓶	wind bottle	hmcl	15524
		windchimes	windchimes	风铃	Windchimes	hmcl	8429
		windowlogging	windowlogging	玻璃板贴合	Windowlogging	hmcl	3354
		windows-keyboard-fixes-fixes-sticky-keys	win_kb_fix	Windows 键盘修复 - 粘滞键	Windows Keyboard Fixes - Fixes sticky keys	hmcl	14801
		winefoxs-spellbooks	winefoxs_spellbooks	酒狐的魔法书	Winefox's Spellbooks	hmcl	21699
		wing-kirin	wing_kirin	翼麒麟	Wing Kirin	hmcl	22694
		wings	wings	翅膀	Wings	hmcl	1772
		wink	blink	眨眼	Blink	hmcl	28601
		winter-overhaul	winteroverhaul	冬季改革	Winter Overhaul	hmcl	7196
		winter-wonder-land	winterwonderland	霏雪寄语之地	Winter Wonder Land	hmcl	1417
		wintercraft-gruntpie224		冬天的世界	Wintercraft	hmcl	409
		winterly	winterly	银装素裹	Winterly	hmcl	6581
		wire-decoration	tower	电线装饰	Wire Decoration	hmcl	10203
		wireless-chargers	wirelesschargers	无线充电器	Wireless Chargers	hmcl	4639
		wireless-crafting-grid	wcg	无线合成网络	Wireless Crafting Grid	hmcl	776
		wireless-crafting-terminal	ae2wct	无线合成终端	Wireless Crafting Terminal	hmcl	742
		wireless-crafting-terminal	wct	无线合成终端	Wireless Crafting Terminal	hmcl	742
		wireless-fluid-terminal	wft	无线流体终端	AE2 Wireless Fluid Terminal	hmcl	2218
		wireless-interface-terminal	wit	无线接口终端	AE2 Wireless Interface Terminal	hmcl	2219
		wireless-pattern-terminal	wpt	无线样板终端	Wireless Pattern Terminal	hmcl	2220
		wireless-redstone-cbe	WR-CBE	无线红石	Wireless Redstone	hmcl	264
		wireless-redstone-cbe	WR-CBE|Addons	无线红石	Wireless Redstone	hmcl	264
		wireless-redstone-cbe	WR-CBE|Core	无线红石	Wireless Redstone	hmcl	264
		wireless-redstone-cbe	WR-CBE|Logic	无线红石	Wireless Redstone	hmcl	264
		wireless-redstone-cbe	wrcbe	无线红石	Wireless Redstone	hmcl	264
		wireless-speakers	speakermod	无线扬声器	Wireless Speakers	hmcl	13790
		wireless-utilities	wirelessutils	无线设备	Wireless Utilities	hmcl	1627
		wishing-fountain	wishing_fountain	许愿泉	Wishing Fountain	hmcl	19590
		witchery	witchery	巫术	Witchery	hmcl	325
		witchery-rewitched	witchery_rewitched	巫术：重生	Witchery: Rewitched	hmcl	4384
		witchery-villages	witcherywalls	巫术：村庄	Witchery (Villages)	hmcl	27179
		witcherypatch	witcherypatch	巫术补丁	WitcheryPatch	hmcl	14731
		witching-gadgets	WitchingGadgets	巫师宝具	Witching Gadgets	hmcl	494
		witching-gadgets	WitchingGadgetsCore	巫师宝具	Witching Gadgets	hmcl	494
		with-craft	with_fire	手工艺	With Crafts	hmcl	6462
		with-thursday	with_thursday	相约星期四	WithThursday!	hmcl	5979
		with-thursday-delight	thursday_delight	乐在星期四	With Thursday Delight	hmcl	8342
		withcoffee	with_coffee	咖啡相伴/天堂之路	WithCoffee	hmcl	7010
		withcoffee	with_fire	咖啡相伴/天堂之路	WithCoffee	hmcl	7010
		wither-bones	wither_bones	凋灵之骨	Wither Bones	hmcl	6699
		wither-skeleton-tweaks	witherskelefix	凋灵骷髅调整	Wither Skeleton Tweaks	hmcl	1019
		wither-skeleton-tweaks	wstweaks	凋灵骷髅调整	Wither Skeleton Tweaks	hmcl	1019
		wither-spawn-fix	wither_spawn_fix	凋灵生成修复	Wither Spawn Fix	hmcl	21059
		wither-storm-delight	witherstorm_delight	风暴乐事	Wither Storm Delight	hmcl	17602
		witherite	witherite	凋灵合金	Witherite	hmcl	3759
		withthursdayreset	withthursdayreset	相约星期四重置版	WithThursdayReset	hmcl	27722
		wizardry-golems	wizardrygolems	巫术傀儡	Wizardry Golems	hmcl	3256
		wizardry-mod	wizardry	巫师艺术	Wizardry	hmcl	1484
		wizards	wizards	魔法师	Wizards (RPG Series)	hmcl	8893
		wizards-of-lua	wol	Lua魔导师	Wizards of Lua	hmcl	928
		wjys	wjys	无尽药水	WJYS	hmcl	18714
		wolf-armor-and-storage	wolfarmor	狼铠	Wolf Armor and Storage	hmcl	607
		wolfs-enchantment-lib	wolfenchantmentlib	狼王的附魔库	Wolf's Enchantment Lib	hmcl	19175
		wolves-with-armor	wolveswitharmor	狼铠	Wolves With Armor	hmcl	2853
		wood-enjoyer	wood_enjoyer	入木三分	Wood Enjoyer	hmcl	12970
		wooden-armors-stone-armor	woodarmor	木制盔甲	Wooden Armors Mod	hmcl	4190
		wooden-bucket	woodenbucket	木桶	Wooden Bucket	hmcl	6435
		wooden-buckets	woodenbuckets	木桶	Wooden Buckets	hmcl	4151
		wooden-elytra	wooden_elytra	木制鞘翅	Wooden Elytra	hmcl	7698
		wooden-furnace	woodenfurnace	木制熔炉	Wooden Furnace	hmcl	1357
		wooden-hopper	woodenhopper	木漏斗	Wooden Hopper	hmcl	4349
		wooden-hoppers	woodenhoppers	木制漏斗	Wooden Hoppers	hmcl	11058
		wooden-shears	woodenshears	木剪刀	Wooden Shears	hmcl	6525
		woodlandfoxverses	woodlandfoxverses	林间狐咏	WoodlandFoxVerses	hmcl	20355
		wool-buttons	sbmwoolbuttons	羊毛按钮	Wool Buttons	hmcl	2758
		wool-collection	wool_collection	羊毛装饰方块	The Wool Collection	hmcl	13053
		wool-plates	woolplates	羊毛压力板	Wool Plates	hmcl	2677
		wool-pressure-plates	woolplates	羊毛压力板	Wool Pressure Plates	hmcl	23842
		wool-recipes-datapack	wool_recipes	羊毛调整 - 数据包版	Wool Recipes - Datapack	hmcl	7623
		wool-temples	wooltemples	羊毛神殿	Wool Temples	hmcl	3662
		wool-tweaks	wooltweaks	羊毛调整	Wool Tweaks	hmcl	5328
		wooled-boots	wooledboots	羊毛靴子	Wooled Boots	hmcl	5776
		woot	Woot	生物工厂	Woot	hmcl	632
		woot	woot	生物工厂	Woot	hmcl	632
		wopper	wopper	木制漏斗	Wopper	hmcl	889
		workstation-recipe-exporter	visual_recipe_editor	可视化配方编写	Workstation Recipe Exporter	hmcl	20875
		world-control	worldcontrol	世界控制	World Control	hmcl	1292
		world-handler-command-gui	worldhandler	世界管理器：图形交互	World Handler - Command GUI	hmcl	3628
		world-of-pure-imagination	world-of-pure-imagination	想象界	World of Pure Imagination	hmcl	6760
		world-of-warcraft	wow	魔兽世界	World Of Warcraft	hmcl	911
		world-of-warcraft-weapons	wowweapons	魔兽世界装备	World of Warcraft Weapons	hmcl	5184
		world-preview	world_preview	世界预览	World Preview	hmcl	11370
		world-preview-tfc	world_preview_tfc	世界预览：群峦	World Preview TFC	hmcl	28099
		world-reloader	worldreloader	息壤	World Reloader	hmcl	24182
		world-tooltips	worldtooltips	掉落物信息显示	World Tooltips	hmcl	2682
		worldedit	worldedit	创世神	WorldEdit	hmcl	609
		worldedit-be-addon	wedit	创世神：基岩版	WorldEdit: Bedrock Edition	hmcl	7791
		worldtooltips-continuation	worldtooltips	掉落物信息显示 - 延续版	WorldTooltips - Continuation	hmcl	14753
		worleys-caves	worleycaves	沃利的洞穴	Worley's Caves	hmcl	2048
		wormhole-portals	wormhole	虫洞	Wormhole	hmcl	8702
		wormhole-potion	wormholepotion	虫洞药水	Wormhole Potion	hmcl	24921
		worn-tear	worntear	磨痕	Worn Tear	hmcl	22105
		wotw-mod	wotwmod	世界之战	The War of the Worlds Mod	hmcl	4840
		would	would	木韵自然	Would	hmcl	17898
		wound	wound	外伤	Wound	hmcl	8864
		wrapfix	wrapfix	换行修复	WrapFix	hmcl	8443
		wrench-finder	wrenchfinder	探囊取物	Wrench Finder	hmcl	27388
		wrong-data-pack-killer	wrongdatapackkiller	错误数据包杀手	Wrong Data Pack Killer	hmcl	26995
		wtc-wizard-terra-curios-new	wizard_terra_cuiros	泰拉饰品拓展	Wizard Terra Curios/Wizard Terra Curios New	hmcl	24098
		wwta	wwta	聊天栏时间显示	When Was That Again	hmcl	3467
		wy-s-item	wysmod1182	小狼夜瑛的物品	Wolf_Yeying_s_Item	hmcl	24011
		wyrmroost	wyrmroost	猛龙之居	Wyrmroost	hmcl	2501
		wyrmroost-patch	wyrmroostpatch	猛龙之居补丁	Wyrmroost Patch	hmcl	8745
		x-autofish	autofish	自动钓鱼XPlus版	XPlus AutoFish	hmcl	12673
		x3d-map	x3d_map	x3d地图	x3d Map	hmcl	27555
		xaeromapstages	xaeromapstages	Xaero地图阶段控制	XaeroMapStages	hmcl	27964
		xaeroplus	xaeroplus	Xaero的地图增强	XaeroPlus	hmcl	11298
		xaeros-minimap	xaerominimap	Xaero的小地图	Xaero's Minimap	hmcl	1701
		xaeros-minimap	xaerominimap_core	Xaero的小地图	Xaero's Minimap	hmcl	1701
		xaeros-world-map	xaeroworldmap	Xaero的世界地图	Xaero's World Map	hmcl	1483
		xaeros-world-map	xaeroworldmap_core	Xaero的世界地图	Xaero's World Map	hmcl	1483
		xannoszs-better-minecarts	betterminecarts	Xannosz的更好的矿车	Xannosz's Better Minecarts	hmcl	10847
		xbbs-hot-air-balloon-fantasy	hotairballoon	XBB的热气球幻想	XBB's hot air balloon fantasy	hmcl	11762
		xbbs-roaring-knight	xbbsroaringknightmod	XBB的呼啸骑士	XBB's Roaring Knight	hmcl	22151
		xbob	xbob	准星摇晃	Crosshair Bobbing	hmcl	11063
		xbob	xbob_modloader	准星摇晃	Crosshair Bobbing	hmcl	11063
		xbrgb-dyecraft	dye-craft	全彩工艺	XBRGB-DyeCraft	hmcl	26482
		xelitez-frostcraft	XEZFrostcraft	冰冻工艺	FrostCraft	hmcl	433
		xenon	xenon	氙	Xenon	hmcl	13699
		xfoxsword	xfoxmod	狐狐圣剑	XfoxSword	hmcl	22135
		xian-murasama	murasama	鬼妖村正	Xian's Murasama	hmcl	27665
		xiaoanfc	xiaoanfc	小安的农业核心	Xiaoan's Farming Core	hmcl	17661
		xiaoanmooncake	xiaoanmooncake	小安的月饼狂热	Xiaoan's Mooncake Fever	hmcl	20091
		xiaofanweis-items	xfws_someitems	小烦维的物品	xiaofanwei's items[Iron's Spellbooks and Terra Curios]	hmcl	19282
		xiaonuoclean	xiaonuoclean	小诺清理	XiaoNuoClean	hmcl	28561
		xiaoxiang-cultivation-world	xiaoxiang_cultivation	小翔的修仙世界	Xiaoxiang Cultivatio	hmcl	26552
		xibaoxx	xibaoxx	喜报 ××	XiBao ××	hmcl	16861
		xiyus-exchanted-book	enchanted_book	饩雨的附魔书	Xiyu's Enchanted Book	hmcl	12224
		xiyus-lucky-block	luckyblocks	饩雨的幸运方块	Xiyu's Lucky Block	hmcl	18018
		xk-perfect-glass-pane		完美玻璃板	Perfect glass pane	hmcl	10082
		xkballs-auto-translate	xkball_s_auto_translate	xkball的自动汉化	xkball's Auto Translate	hmcl	18645
		xks-decoration	xkdeco	XK的装饰	XK's Decoration	hmcl	4116
		xl-food-mod	xlfoodmod	超多食物	XL Food Mod	hmcl	1515
		xl-food-mod-plus	xlfoodmod	超多食物+	XL Food Mod+	hmcl	4901
		xl-food-reborn		超多食物：重生	XL Food Mod Reborn	hmcl	20482
		xl-packets	XLPackets	XL数据包	XL Packets	hmcl	4559
		xlvs-locks	xlvslocks	Xlv 的锁	Xlv's Locks	hmcl	23136
		xnet-zhcn-edition		XNet 汉化版	XNet-zhCN edition	hmcl	22182
		xp-challenge	xp_challenge	经验挑战	XP Challenge	hmcl	16234
		xp-from-harvest	xpfromharvest	收获经验	XP From Harvest	hmcl	4214
		xp-obelisk	xps	经验方尖碑	XP Obelisk	hmcl	8178
		xp-spawner-control	xpspawnercontrol	刷怪笼经验控制	Xp Spawner Control	hmcl	3068
		xp-tome	xpbook	经验之书	Xp Tome	hmcl	2118
		xplus-contingameime	ingameime	游戏内输入法 XPlus 版	XPlus ContingameIME	hmcl	15354
		xps-things	exps_things	经验之谈	XP's Things	hmcl	8245
		xpteleporters-2	xpt	经验传送器	XPTeleporters 2	hmcl	11926
		xtracraft-mod	xtracraftmod	X工艺	XtraCraft Mod	hmcl	724
		xymultichat	xymultichat	聊天分栏	XYMultiChat	hmcl	23723
		yagens-attributes	yagens_attributes	Yagen的属性	Yagen's Attributes	hmcl	23552
		yakumoblade	yakumoblade	幻想之刃	yakumoblade	hmcl	16742
		yamazakura-reforked	yamazakura	山樱之刃重置版	Yamazakura reforked	hmcl	15617
		yan-from-ff14	m6syan	FF14的羊	Yan from FF14	hmcl	21312
		yarcf	recipehandler	合成冲突消除	Yet Another Recipe Conflict Fixer	hmcl	4999
		yarr-cute-mob-models-remake-abandoned	yarr_cutemobmodels	怪物娘化	Yarr Cute Mob Models - Remake	hmcl	296
		ydms-allay	allay	YDM的悦灵	YDM's Allay	hmcl	7068
		ydms-coppergolem	coppergolem	YDM的铜傀儡	YDM's CopperGolem	hmcl	4981
		ydms-glare	glare	YDM的怒目怪	YDM's Glare	hmcl	7153
		ydms-iceologer	iceologer	YDM的冰术师	YDM's Iceologer	hmcl	7155
		ydms-scorpions	scorpions	YDM的蝎子	YDM's Scorpions	hmcl	7140
		ydms-weapon-master	weaponmaster	YDM的武器大师	YDM's Weapon Master	hmcl	6111
		ydms-weapon-master	weaponmaster_ydm	YDM的武器大师	YDM's Weapon Master	hmcl	6111
		ye-gamol-chattels	yegamolchattels	伊加墨的财产	Ye Gamol Chattels	hmcl	605
		ye-olde-tanks	YeOldeTanks	水箱	Ye Olde Tanks	hmcl	1199
		yet-another-bingo-team-chest	yetanotherbingo-teamchest	Yet Another Bingo 队伍箱	Yet Another Bingo - Team Chest	hmcl	26271
		yetrealm	yetrealm	未至之域	Yetrealm	hmcl	28282
		yggdrasil	yggdrasil	世界树	Yggdrasil	hmcl	4929
		yifeis-game-adjustments	ygd	Yifei的游戏调整		hmcl	25491
		ymn	ymn	你现在是我的了！	You're Mine Now!	hmcl	15245
		you-are-the-zombie-2-0	as_the_zombie	我是僵尸	As The Zombie	hmcl	25177
		you-cheated-first	paleozoic	是你先开的	You cheated first	hmcl	14585
		you-died	you_died	你死了	You Died	hmcl	7741
		you-have-treasure	you_have_treasure	你有宝！	You Have Treasure!	hmcl	22891
		you-two-fight-for-me	you_two_fight_for_me	你们两个给我打一架	You Two Fight For Me	hmcl	28589
		youkais-homecoming-unofficial-port		妖怪们的归家 (非官方移植)	Youkai's Homecoming Unofficial Port	hmcl	27382
		youkais-homeless	youkaishomeless	妖怪们无家可归	Youkai's Homeless	hmcl	27724
		youkaishomecomingcurios	youkaishomecoming_curios	妖怪们的归家：饰品兼容	Youkais Home Coming Curios	hmcl	23502
		your-ideas	yourideas	你的想法	Your Ideas	hmcl	8699
		youre-an-expert-harry	youre_an_expert_harry	你是个专家，哈利！	You're an Expert, Harry!	hmcl	5726
		yourender	yourender	完了	YourEnder	hmcl	23524
		youtubers-lucky-blocks	ytluckyblocks	YouTuber的幸运方块	Youtuber's Lucky Blocks	hmcl	3362
		yoyos	yoyos	悠悠球	Yoyos	hmcl	992
		yrka	yrka	伊尔卡	Yrka	hmcl	28659
		ytgld-better-beacon	better_orb	亚特格拉德的信标	Ytgld : Better Beacon	hmcl	18570
		yum-delicious	yum	Yum！美味！	Yum! Delicious!	hmcl	21903
		yummy	yummy	美味	Yummy	hmcl	1835
		yumo-compactmachines-por	yumo_cmp	压缩空间:产量推演	yumo compactmachines por	hmcl	15331
		yumo-isk-stackstackstack	yumo_isk	拼好组	Yumo isk-Stackstackstack	hmcl	22623
		yungs-better-caves	bettercaves	YUNG 的洞穴优化	YUNG's Better Caves	hmcl	1981
		yungs-better-desert-temples	betterdeserttemples	YUNG 的沙漠神殿优化	YUNG's Better Desert Temples	hmcl	6613
		yungs-better-dungeons	betterdungeons	YUNG 的地牢优化	YUNG's Better Dungeons	hmcl	4429
		yungs-better-end-island	betterendisland	YUNG 的末地岛屿优化	YUNG's Better End Island	hmcl	12175
		yungs-better-jungle-temples	betterjungletemples	YUNG 的丛林神庙优化	YUNG's Better Jungle Temples	hmcl	12060
		yungs-better-mineshafts-forge	bettermineshafts	YUNG 的矿井优化	YUNG's Better Mineshafts	hmcl	2788
		yungs-better-nether-fortresses	betterfortresses	YUNG 的下界要塞优化	YUNG's Better Nether Fortresses	hmcl	9384
		yungs-better-ocean-monuments	betteroceanmonuments	YUNG 的海底神殿优化	YUNG's Better Ocean Monuments	hmcl	7904
		yungs-better-portals	betterportals	YUNG 的传送门机制重构	YUNG's Better Portals	hmcl	3613
		yungs-better-strongholds	betterstrongholds	YUNG 的要塞优化	YUNG's Better Strongholds	hmcl	3787
		yungs-better-witch-huts	betterwitchhuts	YUNG 的沼泽小屋优化	YUNG's Better Witch Huts	hmcl	6618
		yungs-bridges	yungsbridges	YUNG 的桥	YUNG's Bridges	hmcl	5031
		yungs-cave-biomes	yungs_cave_biomes	YUNG的洞穴生物群系	YUNG's Cave Biomes	hmcl	16700
		yungs-cave-biomes	yungscavebiomes	YUNG的洞穴生物群系	YUNG's Cave Biomes	hmcl	16700
		yungs-menu-tweaks	yungsmenutweaks	YUNG 的菜单调整	YUNG's Menu Tweaks	hmcl	12333
		yunzhu-transit-extension	yte	云竹交通拓展	Yunzhu Transit Extension	hmcl	19647
		yuoenchants	yuoenchants	Yuo的更多附魔	YuoEnchants	hmcl	8194
		yuushya-modelling	yuushya_modelling	方块建模	Yuushya Modelling	hmcl	11555
		yuushya-townscape	yuushya	方块小镇	Yuushya Townscape	hmcl	4656
		yyzsbackpack	yyzsbackpack	yyz的背包	Yyz's Backpack	hmcl	20190
		zakuro	zakuro	榴	Zakuro	hmcl	16435
		zapsconverter	zapsconverter	Zaps 转换器	Zaps Convertor	hmcl	11679
		zawa-evolved	zawa	野生动物园：进化	Zoo and Wild Animals: Evolved	hmcl	5777
		zdgx	zdgx	mod自动更新	zdgx-AutoUpdateMod	hmcl	5650
		zelda-sword-skills	zeldaswordskills	塞尔达剑技	ZELDA SWORD SKILLS	hmcl	340
		zelda-sword-skills-addon	zssaddon	塞尔达剑技 - 拓展	Zelda Sword Skills - Addon	hmcl	13464
		zelda-sword-skills-continuation	zeldaswordskills	塞尔达剑技：延续	Zelda Sword Skills Continuation	hmcl	14763
		zen-foundry	foundry	禅：金属工坊 🌋	Zen: Foundry 🌋	hmcl	1300
		zenrecipereload	zenrecipereloading	配方热重载	ZenRecipeReload	hmcl	12071
		zetamod	zetamod	泽塔	ZetaForged / Zeta's Mod	hmcl	4055
		zetta-industries	zettaindustries	泽它重工	Zetta Industries	hmcl	2084
		zhipeiweidu	zhipei_dimensions	我的支配维度	Zhipeiweidu	hmcl	24324
		zhonglv-12et	zhonglv12et	钟吕十二律	ZhongLv-12ET	hmcl	16522
		zollern-galaxy	zollerngalaxy	卓伦星系	Zollern Galaxy	hmcl	2039
		zombie-awareness	zombieawareness	僵尸意识	Zombie Awareness	hmcl	298
		zombie-awareness-freeze-fix	zombieawarenessfix	僵尸意识冻结修复	Zombie Awareness Freeze Fix	hmcl	9528
		zombie-horse-spawn	zombiehorsespawn	僵尸马生成微调	Zombie Horse Spawn	hmcl	11064
		zombie-infection	ZombieInfection	僵尸感染	Zombie Infection	hmcl	638
		zombie-ore	zombieore	矿石僵尸	Zombie Ore	hmcl	1074
		zombie-players	zombie_players	僵尸玩家	Zombie Players	hmcl	1569
		zombie-survival-kit	zombiekit	末日生存工具包	Zombie Survival Kit	hmcl	9731
		zombie-veterinarian	zombieveterinarian	僵尸科兽医	Zombie Veterinarian	hmcl	10008
		zombie-villager-control	zombievillagercontrol	催起死尸/僵尸村民控制	Zombie Villager Control	hmcl	16511
		zombiegame	zombiegame	僵尸游戏	Zombie Game	hmcl	11546
		zombiegamereborn	zombiegamereborn	僵尸游戏：重生	Zombie Game : Reborn	hmcl	28683
		zombies-break-glass	zombieglassbreaker	僵尸破坏玻璃	Zombies Break Glass	hmcl	23932
		zombieseverywhere	zombies_everywhere	尸行遍野	ZombiesEverywhere	hmcl	27903
		zoo-wild-animals-rebuild	zawa	野生动物园：重制版	Zoo & Wild Animals Rebuilt	hmcl	1976
		zoology	zoology	动物学	Zoology	hmcl	481
		zora-no-densha	zoranodensha	Zora的电车	Zora no Densha	hmcl	914
		zunpet-forge	zunpet	Zun号非官方NeoForge/Forge版	ZUNPet NeoForge/Forge	hmcl	18205
		zzz-craft	zzz	绝区零·星见雅	ZZZ Miyabi	hmcl	20008
